time,event_type,flow_state,tolerance_count,bag_state,bag_time_remaining,actual_flow,target_flow,medical_order,actions_count,actions,alarm_state
2.315,control,normal_flow,2.0,normal_bag,inf,89.000,100.000,100.0,1,adjust_flow(delta=11.000),no_alarm
3.673,control,normal_flow,0,normal_bag,inf,90.555,100.000,100.0,1,adjust_flow(delta=9.445),no_alarm
4.673,control,normal_flow,0,normal_bag,inf,90.555,100.000,100.0,1,adjust_flow(delta=9.445),no_alarm
5.673,control,normal_flow,0,normal_bag,inf,90.555,100.000,100.0,1,adjust_flow(delta=9.445),no_alarm
6.673,control,normal_flow,0,normal_bag,inf,90.555,100.000,100.0,1,adjust_flow(delta=9.445),no_alarm
7.673,control,normal_flow,0,normal_bag,inf,90.555,100.000,100.0,1,adjust_flow(delta=9.445),no_alarm
8.673,control,normal_flow,0,normal_bag,inf,90.555,100.000,100.0,1,adjust_flow(delta=9.445),no_alarm
9.673,control,normal_flow,0,normal_bag,inf,90.555,100.000,100.0,1,adjust_flow(delta=9.445),no_alarm
10.673,control,normal_flow,0,normal_bag,inf,90.555,100.000,100.0,1,adjust_flow(delta=9.445),no_alarm
11.673,control,normal_flow,0,normal_bag,inf,90.555,100.000,100.0,1,adjust_flow(delta=9.445),no_alarm
12.673,control,normal_flow,0,normal_bag,inf,90.555,100.000,100.0,1,adjust_flow(delta=9.445),no_alarm
13.673,control,normal_flow,0,normal_bag,inf,90.555,100.000,100.0,1,adjust_flow(delta=9.445),no_alarm
14.673,control,normal_flow,0,normal_bag,inf,90.555,100.000,100.0,1,adjust_flow(delta=9.445),no_alarm
15.673,control,normal_flow,0,normal_bag,inf,90.555,100.000,100.0,1,adjust_flow(delta=9.445),no_alarm
16.673,control,normal_flow,0,normal_bag,inf,90.555,100.000,100.0,1,adjust_flow(delta=9.445),no_alarm
17.673,control,normal_flow,1,normal_bag,inf,117.542,100.000,100.0,1,adjust_flow(delta=-17.542),no_alarm
18.673,control,normal_flow,2,normal_bag,inf,113.047,100.000,100.0,1,adjust_flow(delta=-13.047),no_alarm
19.673,control,normal_flow,3,normal_bag,inf,111.553,100.000,100.0,1,adjust_flow(delta=-11.553),no_alarm
20.673,control,normal_flow,4,normal_bag,inf,111.553,100.000,100.0,1,adjust_flow(delta=-11.553),no_alarm
21.673,control,normal_flow,5,normal_bag,inf,111.553,100.000,100.0,1,adjust_flow(delta=-11.553),no_alarm
22.673,control,normal_flow,5,normal_bag,inf,111.553,100.000,100.0,1,medium_alarm,no_alarm
22.673,alarm,normal_flow,5,normal_bag,inf,111.553,100.000,100.0,1,medium_alarm,medium_alarm
23.673,control,medium_flow,2,normal_bag,inf,111.553,100.000,100.0,1,adjust_flow(delta=-11.553),medium_alarm
24.673,control,medium_flow,3,normal_bag,inf,111.553,100.000,100.0,1,adjust_flow(delta=-11.553),medium_alarm
25.673,control,medium_flow,4,normal_bag,inf,111.553,100.000,100.0,1,adjust_flow(delta=-11.553),medium_alarm
26.673,control,medium_flow,5,normal_bag,inf,111.553,100.000,100.0,1,adjust_flow(delta=-11.553),medium_alarm
27.673,control,medium_flow,5,normal_bag,inf,111.553,100.000,100.0,2,critical_alarm; stop_pump,medium_alarm
27.673,alarm,medium_flow,5,normal_bag,inf,111.553,100.000,100.0,2,critical_alarm; stop_pump,critical_alarm
27.673,control,medium_flow,5,normal_bag,inf,111.553,100.000,100.0,2,critical_alarm; stop_pump,critical_alarm
42.940,nurse_confirmation,medium_flow,5,normal_bag,inf,111.553,100.000,100.0,2,critical_alarm; stop_pump,no_alarm
42.940,control,critical_flow,0,normal_bag,inf,91.869,100.000,100.0,1,adjust_flow(delta=8.131),no_alarm
43.673,control,normal_flow,0,normal_bag,inf,91.869,100.000,100.0,1,adjust_flow(delta=8.131),no_alarm
44.673,control,normal_flow,0,normal_bag,inf,91.869,100.000,100.0,1,adjust_flow(delta=8.131),no_alarm
45.673,control,normal_flow,0,normal_bag,inf,94.635,100.000,100.0,1,adjust_flow(delta=5.365),no_alarm
46.673,control,normal_flow,0,normal_bag,inf,94.635,100.000,100.0,1,adjust_flow(delta=5.365),no_alarm
47.673,control,normal_flow,0,normal_bag,inf,94.635,100.000,100.0,1,adjust_flow(delta=5.365),no_alarm
48.673,control,normal_flow,0,normal_bag,inf,94.635,100.000,100.0,1,adjust_flow(delta=5.365),no_alarm
49.673,control,normal_flow,0,normal_bag,inf,94.635,100.000,100.0,1,adjust_flow(delta=5.365),no_alarm
50.673,control,normal_flow,0,normal_bag,inf,94.635,100.000,100.0,1,adjust_flow(delta=5.365),no_alarm
51.673,control,normal_flow,0,normal_bag,inf,94.635,100.000,100.0,1,adjust_flow(delta=5.365),no_alarm
52.673,control,normal_flow,0,normal_bag,inf,102.349,100.000,100.0,1,adjust_flow(delta=-2.349),no_alarm
53.673,control,normal_flow,0,normal_bag,inf,102.349,100.000,100.0,1,adjust_flow(delta=-2.349),no_alarm
54.673,control,normal_flow,0,normal_bag,inf,102.349,100.000,100.0,1,adjust_flow(delta=-2.349),no_alarm
55.673,control,normal_flow,0,normal_bag,inf,102.349,100.000,100.0,1,adjust_flow(delta=-2.349),no_alarm
56.673,control,normal_flow,0,normal_bag,inf,102.349,100.000,100.0,1,adjust_flow(delta=-2.349),no_alarm
57.673,control,normal_flow,0,normal_bag,inf,99.940,100.000,100.0,1,adjust_flow(delta=0.060),no_alarm
58.673,control,normal_flow,0,normal_bag,inf,99.940,100.000,100.0,1,adjust_flow(delta=0.060),no_alarm
59.673,control,normal_flow,0,normal_bag,inf,99.940,100.000,100.0,1,adjust_flow(delta=0.060),no_alarm
60.673,control,normal_flow,0,normal_bag,inf,99.940,100.000,100.0,1,adjust_flow(delta=0.060),no_alarm
61.673,control,normal_flow,0,normal_bag,inf,99.940,100.000,100.0,1,adjust_flow(delta=0.060),no_alarm
62.673,control,normal_flow,0,normal_bag,inf,99.940,100.000,100.0,1,adjust_flow(delta=0.060),no_alarm
63.673,control,normal_flow,0,normal_bag,inf,99.940,100.000,100.0,1,adjust_flow(delta=0.060),no_alarm
64.673,control,normal_flow,0,normal_bag,inf,99.940,100.000,100.0,1,adjust_flow(delta=0.060),no_alarm
65.673,control,normal_flow,0,normal_bag,inf,99.940,100.000,100.0,1,adjust_flow(delta=0.060),no_alarm
66.673,control,normal_flow,0,normal_bag,inf,99.940,100.000,100.0,1,adjust_flow(delta=0.060),no_alarm
67.673,control,normal_flow,0,normal_bag,inf,99.940,100.000,100.0,1,adjust_flow(delta=0.060),no_alarm
68.673,control,normal_flow,0,normal_bag,inf,99.940,100.000,100.0,1,adjust_flow(delta=0.060),no_alarm
69.673,control,normal_flow,0,normal_bag,inf,99.940,100.000,100.0,1,adjust_flow(delta=0.060),no_alarm
70.673,control,normal_flow,0,normal_bag,inf,99.940,100.000,100.0,1,adjust_flow(delta=0.060),no_alarm
71.673,control,normal_flow,0,normal_bag,inf,99.940,100.000,100.0,1,adjust_flow(delta=0.060),no_alarm
72.673,control,normal_flow,0,normal_bag,inf,99.940,100.000,100.0,1,adjust_flow(delta=0.060),no_alarm
73.673,control,normal_flow,0,normal_bag,inf,100.129,100.000,100.0,1,adjust_flow(delta=-0.129),no_alarm
74.673,control,normal_flow,0,normal_bag,inf,100.129,100.000,100.0,1,adjust_flow(delta=-0.129),no_alarm
75.673,control,normal_flow,0,normal_bag,inf,100.097,100.000,100.0,1,adjust_flow(delta=-0.097),no_alarm
76.673,control,normal_flow,0,normal_bag,inf,100.097,100.000,100.0,1,adjust_flow(delta=-0.097),no_alarm
77.673,control,normal_flow,0,normal_bag,inf,100.060,100.000,100.0,1,adjust_flow(delta=-0.060),no_alarm
78.673,control,normal_flow,0,normal_bag,inf,100.060,100.000,100.0,1,adjust_flow(delta=-0.060),no_alarm
79.673,control,normal_flow,0,normal_bag,inf,100.060,100.000,100.0,1,adjust_flow(delta=-0.060),no_alarm
80.673,control,normal_flow,0,normal_bag,inf,100.060,100.000,100.0,1,adjust_flow(delta=-0.060),no_alarm
81.673,control,normal_flow,0,normal_bag,inf,100.060,100.000,100.0,1,adjust_flow(delta=-0.060),no_alarm
82.673,control,normal_flow,0,normal_bag,inf,100.060,100.000,100.0,1,adjust_flow(delta=-0.060),no_alarm
83.673,control,normal_flow,0,normal_bag,inf,100.060,100.000,100.0,1,adjust_flow(delta=-0.060),no_alarm
84.673,control,normal_flow,0,normal_bag,inf,100.060,100.000,100.0,1,adjust_flow(delta=-0.060),no_alarm
85.673,control,normal_flow,0,normal_bag,inf,100.060,100.000,100.0,1,adjust_flow(delta=-0.060),no_alarm
86.673,control,normal_flow,0,normal_bag,inf,100.060,100.000,100.0,1,adjust_flow(delta=-0.060),no_alarm
87.673,control,normal_flow,0,normal_bag,inf,100.060,100.000,100.0,1,adjust_flow(delta=-0.060),no_alarm
88.673,control,normal_flow,0,normal_bag,inf,100.060,100.000,100.0,1,adjust_flow(delta=-0.060),no_alarm
89.673,control,normal_flow,0,normal_bag,inf,100.060,100.000,100.0,1,adjust_flow(delta=-0.060),no_alarm
90.673,control,normal_flow,0,normal_bag,inf,100.060,100.000,100.0,1,adjust_flow(delta=-0.060),no_alarm
91.673,control,normal_flow,0,normal_bag,inf,100.060,100.000,100.0,1,adjust_flow(delta=-0.060),no_alarm
92.673,control,normal_flow,0,normal_bag,inf,99.885,100.000,100.0,1,adjust_flow(delta=0.115),no_alarm
93.673,control,normal_flow,0,normal_bag,inf,99.885,100.000,100.0,1,adjust_flow(delta=0.115),no_alarm
94.673,control,normal_flow,0,normal_bag,inf,99.885,100.000,100.0,1,adjust_flow(delta=0.115),no_alarm
95.673,control,normal_flow,0,normal_bag,inf,99.885,100.000,100.0,1,adjust_flow(delta=0.115),no_alarm
96.673,control,normal_flow,0,normal_bag,inf,99.885,100.000,100.0,1,adjust_flow(delta=0.115),no_alarm
97.673,control,normal_flow,0,normal_bag,inf,99.885,100.000,100.0,1,adjust_flow(delta=0.115),no_alarm
98.673,control,normal_flow,0,normal_bag,inf,99.885,100.000,100.0,1,adjust_flow(delta=0.115),no_alarm
99.673,control,normal_flow,0,normal_bag,inf,99.885,100.000,100.0,1,adjust_flow(delta=0.115),no_alarm
100.673,control,normal_flow,0,normal_bag,inf,99.885,100.000,100.0,1,adjust_flow(delta=0.115),no_alarm
101.673,control,normal_flow,0,normal_bag,inf,99.885,100.000,100.0,1,adjust_flow(delta=0.115),no_alarm
102.673,control,normal_flow,0,normal_bag,inf,99.885,100.000,100.0,1,adjust_flow(delta=0.115),no_alarm
103.673,control,normal_flow,0,normal_bag,inf,99.885,100.000,100.0,1,adjust_flow(delta=0.115),no_alarm
104.673,control,normal_flow,0,normal_bag,inf,100.222,100.000,100.0,1,adjust_flow(delta=-0.222),no_alarm
105.673,control,normal_flow,0,normal_bag,inf,100.174,100.000,100.0,1,adjust_flow(delta=-0.174),no_alarm
106.673,control,normal_flow,0,normal_bag,inf,100.174,100.000,100.0,1,adjust_flow(delta=-0.174),no_alarm
107.673,control,normal_flow,0,normal_bag,inf,100.174,100.000,100.0,1,adjust_flow(delta=-0.174),no_alarm
108.673,control,normal_flow,0,normal_bag,inf,100.174,100.000,100.0,1,adjust_flow(delta=-0.174),no_alarm
109.673,control,normal_flow,0,normal_bag,inf,100.174,100.000,100.0,1,adjust_flow(delta=-0.174),no_alarm
110.673,control,normal_flow,0,normal_bag,inf,100.174,100.000,100.0,1,adjust_flow(delta=-0.174),no_alarm
111.673,control,normal_flow,0,normal_bag,inf,100.174,100.000,100.0,1,adjust_flow(delta=-0.174),no_alarm
112.673,control,normal_flow,0,normal_bag,inf,100.174,100.000,100.0,1,adjust_flow(delta=-0.174),no_alarm
113.673,control,normal_flow,0,normal_bag,inf,99.884,100.000,100.0,1,adjust_flow(delta=0.116),no_alarm
114.673,control,normal_flow,0,normal_bag,inf,99.903,100.000,100.0,1,adjust_flow(delta=0.097),no_alarm
115.673,control,normal_flow,0,normal_bag,inf,99.903,100.000,100.0,1,adjust_flow(delta=0.097),no_alarm
116.673,control,normal_flow,0,normal_bag,inf,99.903,100.000,100.0,1,adjust_flow(delta=0.097),no_alarm
117.673,control,normal_flow,0,normal_bag,inf,99.903,100.000,100.0,1,adjust_flow(delta=0.097),no_alarm
118.673,control,normal_flow,0,normal_bag,inf,99.903,100.000,100.0,1,adjust_flow(delta=0.097),no_alarm
119.673,control,normal_flow,0,normal_bag,inf,100.015,100.000,100.0,1,adjust_flow(delta=-0.015),no_alarm
120.673,control,normal_flow,0,normal_bag,inf,100.015,100.000,100.0,1,adjust_flow(delta=-0.015),no_alarm
121.673,control,normal_flow,0,normal_bag,inf,100.015,100.000,100.0,1,adjust_flow(delta=-0.015),no_alarm
122.673,control,normal_flow,0,normal_bag,inf,100.015,100.000,100.0,1,adjust_flow(delta=-0.015),no_alarm
123.673,control,normal_flow,0,normal_bag,inf,100.005,100.000,100.0,1,adjust_flow(delta=-0.005),no_alarm
124.673,control,normal_flow,0,normal_bag,inf,100.005,100.000,100.0,1,adjust_flow(delta=-0.005),no_alarm
125.673,control,normal_flow,0,normal_bag,inf,100.005,100.000,100.0,1,adjust_flow(delta=-0.005),no_alarm
126.673,control,normal_flow,0,normal_bag,inf,100.002,100.000,100.0,1,adjust_flow(delta=-0.002),no_alarm
127.673,control,normal_flow,0,normal_bag,inf,100.002,100.000,100.0,1,adjust_flow(delta=-0.002),no_alarm
128.673,control,normal_flow,0,normal_bag,inf,100.002,100.000,100.0,1,adjust_flow(delta=-0.002),no_alarm
129.673,control,normal_flow,0,normal_bag,inf,100.002,100.000,100.0,1,adjust_flow(delta=-0.002),no_alarm
130.673,control,normal_flow,0,normal_bag,inf,100.002,100.000,100.0,1,adjust_flow(delta=-0.002),no_alarm
131.673,control,normal_flow,0,normal_bag,inf,100.002,100.000,100.0,1,adjust_flow(delta=-0.002),no_alarm
132.673,control,normal_flow,0,normal_bag,inf,100.002,100.000,100.0,1,adjust_flow(delta=-0.002),no_alarm
133.673,control,normal_flow,0,normal_bag,inf,100.002,100.000,100.0,1,adjust_flow(delta=-0.002),no_alarm
134.673,control,normal_flow,0,normal_bag,inf,100.002,100.000,100.0,1,adjust_flow(delta=-0.002),no_alarm
135.673,control,normal_flow,0,normal_bag,inf,99.999,100.000,100.0,1,adjust_flow(delta=0.001),no_alarm
136.673,control,normal_flow,0,normal_bag,inf,99.999,100.000,100.0,1,adjust_flow(delta=0.001),no_alarm
137.673,control,normal_flow,0,normal_bag,inf,99.999,100.000,100.0,1,adjust_flow(delta=0.001),no_alarm
138.673,control,normal_flow,0,normal_bag,inf,99.999,100.000,100.0,1,adjust_flow(delta=0.001),no_alarm
139.673,control,normal_flow,0,normal_bag,inf,99.999,100.000,100.0,1,adjust_flow(delta=0.001),no_alarm
140.673,control,normal_flow,0,normal_bag,inf,99.999,100.000,100.0,1,adjust_flow(delta=0.001),no_alarm
141.673,control,normal_flow,0,normal_bag,inf,99.999,100.000,100.0,1,adjust_flow(delta=0.001),no_alarm
142.673,control,normal_flow,0,normal_bag,inf,100.000,100.000,100.0,1,adjust_flow(delta=-0.000),no_alarm
143.673,control,normal_flow,0,normal_bag,inf,100.000,100.000,100.0,1,adjust_flow(delta=-0.000),no_alarm
144.673,control,normal_flow,0,normal_bag,inf,100.000,100.000,100.0,1,adjust_flow(delta=-0.000),no_alarm
145.673,control,normal_flow,0,normal_bag,inf,100.000,100.000,100.0,1,adjust_flow(delta=-0.000),no_alarm
146.673,control,normal_flow,0,normal_bag,inf,100.000,100.000,100.0,1,adjust_flow(delta=-0.000),no_alarm
147.673,control,normal_flow,0,normal_bag,inf,100.000,100.000,100.0,1,adjust_flow(delta=-0.000),no_alarm
148.673,control,normal_flow,0,normal_bag,inf,100.000,100.000,100.0,1,adjust_flow(delta=-0.000),no_alarm
149.673,control,normal_flow,0,normal_bag,inf,100.000,100.000,100.0,1,adjust_flow(delta=0.000),no_alarm
150.673,control,normal_flow,0,normal_bag,inf,100.000,100.000,100.0,1,adjust_flow(delta=0.000),no_alarm
151.673,control,normal_flow,0,normal_bag,inf,100.000,100.000,100.0,1,adjust_flow(delta=0.000),no_alarm
152.673,control,normal_flow,0,normal_bag,inf,100.000,100.000,100.0,1,adjust_flow(delta=0.000),no_alarm
153.673,control,normal_flow,0,normal_bag,inf,100.000,100.000,100.0,1,adjust_flow(delta=0.000),no_alarm
154.673,control,normal_flow,0,normal_bag,inf,100.000,100.000,100.0,1,adjust_flow(delta=0.000),no_alarm
155.673,control,normal_flow,0,normal_bag,inf,100.000,100.000,100.0,1,adjust_flow(delta=0.000),no_alarm
156.673,control,normal_flow,0,normal_bag,inf,100.000,100.000,100.0,1,adjust_flow(delta=0.000),no_alarm
157.673,control,normal_flow,0,normal_bag,inf,100.000,100.000,100.0,1,adjust_flow(delta=0.000),no_alarm
158.673,control,normal_flow,0,normal_bag,inf,100.000,100.000,100.0,1,adjust_flow(delta=0.000),no_alarm
159.673,control,normal_flow,0,normal_bag,inf,100.000,100.000,100.0,1,adjust_flow(delta=0.000),no_alarm
160.673,control,normal_flow,0,normal_bag,inf,100.000,100.000,100.0,1,adjust_flow(delta=-0.000),no_alarm
161.673,control,normal_flow,0,normal_bag,inf,100.000,100.000,100.0,1,adjust_flow(delta=-0.000),no_alarm
162.673,control,normal_flow,0,normal_bag,inf,100.000,100.000,100.0,1,adjust_flow(delta=-0.000),no_alarm
163.673,control,normal_flow,0,normal_bag,inf,100.000,100.000,100.0,1,adjust_flow(delta=-0.000),no_alarm
164.673,control,normal_flow,0,normal_bag,inf,100.000,100.000,100.0,1,adjust_flow(delta=-0.000),no_alarm
165.673,control,normal_flow,0,normal_bag,inf,100.000,100.000,100.0,1,adjust_flow(delta=-0.000),no_alarm
166.673,control,normal_flow,0,normal_bag,inf,100.000,100.000,100.0,1,adjust_flow(delta=-0.000),no_alarm
167.673,control,normal_flow,0,normal_bag,inf,100.000,100.000,100.0,1,adjust_flow(delta=-0.000),no_alarm
168.673,control,normal_flow,0,normal_bag,inf,100.000,100.000,100.0,1,adjust_flow(delta=-0.000),no_alarm
169.673,control,normal_flow,0,normal_bag,inf,100.000,100.000,100.0,1,adjust_flow(delta=-0.000),no_alarm
170.673,control,normal_flow,0,normal_bag,inf,100.000,100.000,100.0,1,adjust_flow(delta=-0.000),no_alarm
171.673,control,normal_flow,0,normal_bag,inf,100.000,100.000,100.0,1,adjust_flow(delta=-0.000),no_alarm
172.673,control,normal_flow,0,normal_bag,inf,100.000,100.000,100.0,1,adjust_flow(delta=-0.000),no_alarm
173.673,control,normal_flow,0,normal_bag,inf,100.000,100.000,100.0,1,adjust_flow(delta=-0.000),no_alarm
174.673,control,normal_flow,0,normal_bag,inf,100.000,100.000,100.0,1,adjust_flow(delta=-0.000),no_alarm
175.673,control,normal_flow,0,normal_bag,inf,100.000,100.000,100.0,1,adjust_flow(delta=-0.000),no_alarm
176.673,control,normal_flow,0,normal_bag,inf,100.000,100.000,100.0,1,adjust_flow(delta=-0.000),no_alarm
177.673,control,normal_flow,0,normal_bag,inf,100.000,100.000,100.0,1,adjust_flow(delta=-0.000),no_alarm
178.673,control,normal_flow,0,normal_bag,inf,100.000,100.000,100.0,1,adjust_flow(delta=-0.000),no_alarm
179.673,control,normal_flow,0,normal_bag,inf,100.000,100.000,100.0,1,adjust_flow(delta=-0.000),no_alarm
180.673,control,normal_flow,0,normal_bag,inf,100.000,100.000,100.0,1,adjust_flow(delta=-0.000),no_alarm
181.673,control,normal_flow,0,normal_bag,inf,100.000,100.000,100.0,1,adjust_flow(delta=-0.000),no_alarm
182.673,control,normal_flow,0,normal_bag,inf,100.000,100.000,100.0,1,adjust_flow(delta=-0.000),no_alarm
183.673,control,normal_flow,0,normal_bag,inf,100.000,100.000,100.0,1,adjust_flow(delta=-0.000),no_alarm
184.673,control,normal_flow,0,normal_bag,inf,100.000,100.000,100.0,1,adjust_flow(delta=-0.000),no_alarm
185.673,control,normal_flow,0,normal_bag,inf,100.000,100.000,100.0,1,adjust_flow(delta=-0.000),no_alarm
186.673,control,normal_flow,0,normal_bag,inf,100.000,100.000,100.0,1,adjust_flow(delta=0.000),no_alarm
187.673,control,normal_flow,0,normal_bag,inf,100.000,100.000,100.0,1,adjust_flow(delta=0.000),no_alarm
188.673,control,normal_flow,0,normal_bag,inf,100.000,100.000,100.0,1,adjust_flow(delta=0.000),no_alarm
189.673,control,normal_flow,0,normal_bag,inf,100.000,100.000,100.0,1,adjust_flow(delta=0.000),no_alarm
190.673,control,normal_flow,0,normal_bag,inf,100.000,100.000,100.0,1,adjust_flow(delta=0.000),no_alarm
191.673,control,normal_flow,0,normal_bag,inf,100.000,100.000,100.0,1,adjust_flow(delta=0.000),no_alarm
192.673,control,normal_flow,0,normal_bag,inf,100.000,100.000,100.0,1,adjust_flow(delta=0.000),no_alarm
193.673,control,normal_flow,0,normal_bag,inf,100.000,100.000,100.0,1,adjust_flow(delta=0.000),no_alarm
194.673,control,normal_flow,0,normal_bag,inf,100.000,100.000,100.0,1,adjust_flow(delta=-0.000),no_alarm
195.673,control,normal_flow,0,normal_bag,inf,100.000,100.000,100.0,1,adjust_flow(delta=-0.000),no_alarm
196.673,control,normal_flow,0,normal_bag,inf,100.000,100.000,100.0,1,adjust_flow(delta=-0.000),no_alarm
197.673,control,normal_flow,0,normal_bag,inf,100.000,100.000,100.0,1,adjust_flow(delta=-0.000),no_alarm
198.673,control,normal_flow,0,normal_bag,inf,100.000,100.000,100.0,1,adjust_flow(delta=-0.000),no_alarm
199.673,control,normal_flow,0,normal_bag,inf,100.000,100.000,100.0,1,adjust_flow(delta=-0.000),no_alarm
200.673,control,normal_flow,0,normal_bag,inf,100.000,100.000,100.0,1,adjust_flow(delta=-0.000),no_alarm
201.673,control,normal_flow,0,normal_bag,inf,100.000,100.000,100.0,1,adjust_flow(delta=-0.000),no_alarm
202.673,control,normal_flow,0,normal_bag,inf,100.000,100.000,100.0,1,adjust_flow(delta=-0.000),no_alarm
203.673,control,normal_flow,0,normal_bag,inf,100.000,100.000,100.0,1,adjust_flow(delta=-0.000),no_alarm
204.673,control,normal_flow,0,normal_bag,inf,100.000,100.000,100.0,1,adjust_flow(delta=-0.000),no_alarm
205.673,control,normal_flow,0,normal_bag,inf,100.000,100.000,100.0,1,adjust_flow(delta=-0.000),no_alarm
206.673,control,normal_flow,0,normal_bag,inf,100.000,100.000,100.0,1,adjust_flow(delta=-0.000),no_alarm
207.673,control,normal_flow,0,normal_bag,inf,100.000,100.000,100.0,1,adjust_flow(delta=-0.000),no_alarm
208.673,control,normal_flow,0,normal_bag,inf,100.000,100.000,100.0,1,adjust_flow(delta=-0.000),no_alarm
209.673,control,normal_flow,0,normal_bag,inf,100.000,100.000,100.0,1,adjust_flow(delta=-0.000),no_alarm
210.673,control,normal_flow,0,normal_bag,inf,100.000,100.000,100.0,1,adjust_flow(delta=-0.000),no_alarm
211.673,control,normal_flow,0,normal_bag,inf,100.000,100.000,100.0,1,adjust_flow(delta=-0.000),no_alarm
212.673,control,normal_flow,0,normal_bag,inf,100.000,100.000,100.0,1,adjust_flow(delta=-0.000),no_alarm
213.673,control,normal_flow,0,normal_bag,inf,100.000,100.000,100.0,1,adjust_flow(delta=-0.000),no_alarm
214.673,control,normal_flow,0,normal_bag,inf,100.000,100.000,100.0,1,adjust_flow(delta=-0.000),no_alarm
215.673,control,normal_flow,0,normal_bag,inf,100.000,100.000,100.0,1,adjust_flow(delta=-0.000),no_alarm
216.673,control,normal_flow,0,normal_bag,inf,100.000,100.000,100.0,1,adjust_flow(delta=-0.000),no_alarm
217.673,control,normal_flow,0,normal_bag,inf,100.000,100.000,100.0,1,adjust_flow(delta=-0.000),no_alarm
218.673,control,normal_flow,0,normal_bag,inf,100.000,100.000,100.0,1,adjust_flow(delta=0.000),no_alarm
219.673,control,normal_flow,0,normal_bag,inf,100.000,100.000,100.0,1,adjust_flow(delta=0.000),no_alarm
220.673,control,normal_flow,0,normal_bag,inf,100.000,100.000,100.0,1,adjust_flow(delta=0.000),no_alarm
221.673,control,normal_flow,0,normal_bag,inf,100.000,100.000,100.0,1,adjust_flow(delta=0.000),no_alarm
222.673,control,normal_flow,0,normal_bag,inf,100.000,100.000,100.0,1,adjust_flow(delta=0.000),no_alarm
223.673,control,normal_flow,0,normal_bag,inf,100.000,100.000,100.0,1,adjust_flow(delta=0.000),no_alarm
224.673,control,normal_flow,0,normal_bag,inf,100.000,100.000,100.0,1,adjust_flow(delta=0.000),no_alarm
225.673,control,normal_flow,0,normal_bag,inf,100.000,100.000,100.0,1,adjust_flow(delta=0.000),no_alarm
226.673,control,normal_flow,0,normal_bag,inf,100.000,100.000,100.0,1,adjust_flow(delta=0.000),no_alarm
227.673,control,normal_flow,0,normal_bag,inf,100.000,100.000,100.0,1,adjust_flow(delta=0.000),no_alarm
228.673,control,normal_flow,0,normal_bag,inf,100.000,100.000,100.0,1,adjust_flow(delta=0.000),no_alarm
229.673,control,normal_flow,0,normal_bag,inf,100.000,100.000,100.0,1,adjust_flow(delta=0.000),no_alarm
230.673,control,normal_flow,0,normal_bag,inf,100.000,100.000,100.0,1,adjust_flow(delta=0.000),no_alarm
231.673,control,normal_flow,0,normal_bag,inf,100.000,100.000,100.0,1,adjust_flow(delta=0.000),no_alarm
232.673,control,normal_flow,0,normal_bag,inf,100.000,100.000,100.0,1,adjust_flow(delta=-0.000),no_alarm
233.673,control,normal_flow,0,normal_bag,inf,100.000,100.000,100.0,1,adjust_flow(delta=-0.000),no_alarm
234.673,control,normal_flow,0,normal_bag,inf,100.000,100.000,100.0,1,adjust_flow(delta=-0.000),no_alarm
235.673,control,normal_flow,0,normal_bag,inf,100.000,100.000,100.0,1,adjust_flow(delta=-0.000),no_alarm
236.673,control,normal_flow,0,normal_bag,inf,100.000,100.000,100.0,1,adjust_flow(delta=-0.000),no_alarm
237.673,control,normal_flow,0,normal_bag,inf,100.000,100.000,100.0,1,adjust_flow(delta=-0.000),no_alarm
238.673,control,normal_flow,0,normal_bag,inf,100.000,100.000,100.0,1,adjust_flow(delta=-0.000),no_alarm
239.673,control,normal_flow,0,normal_bag,inf,100.000,100.000,100.0,1,adjust_flow(delta=-0.000),no_alarm
240.673,control,normal_flow,0,normal_bag,inf,100.000,100.000,100.0,1,adjust_flow(delta=-0.000),no_alarm
241.673,control,normal_flow,0,normal_bag,inf,100.000,100.000,100.0,1,adjust_flow(delta=-0.000),no_alarm
242.673,control,normal_flow,0,normal_bag,inf,100.000,100.000,100.0,1,adjust_flow(delta=-0.000),no_alarm
243.673,control,normal_flow,0,normal_bag,inf,100.000,100.000,100.0,1,adjust_flow(delta=-0.000),no_alarm
244.673,control,normal_flow,0,normal_bag,inf,100.000,100.000,100.0,1,adjust_flow(delta=-0.000),no_alarm
245.673,control,normal_flow,0,normal_bag,inf,100.000,100.000,100.0,1,adjust_flow(delta=-0.000),no_alarm
246.673,control,normal_flow,0,normal_bag,inf,100.000,100.000,100.0,1,adjust_flow(delta=-0.000),no_alarm
247.673,control,normal_flow,0,normal_bag,inf,100.000,100.000,100.0,1,adjust_flow(delta=-0.000),no_alarm
248.673,control,normal_flow,0,normal_bag,inf,100.000,100.000,100.0,1,adjust_flow(delta=-0.000),no_alarm
249.673,control,normal_flow,0,normal_bag,inf,100.000,100.000,100.0,1,adjust_flow(delta=-0.000),no_alarm
250.673,control,normal_flow,0,normal_bag,inf,100.000,100.000,100.0,1,adjust_flow(delta=-0.000),no_alarm
251.673,control,normal_flow,0,normal_bag,inf,100.000,100.000,100.0,1,adjust_flow(delta=-0.000),no_alarm
252.673,control,normal_flow,0,normal_bag,inf,100.000,100.000,100.0,1,adjust_flow(delta=-0.000),no_alarm
253.673,control,normal_flow,0,normal_bag,inf,100.000,100.000,100.0,1,adjust_flow(delta=-0.000),no_alarm
254.673,control,normal_flow,0,normal_bag,inf,100.000,100.000,100.0,1,adjust_flow(delta=0.000),no_alarm
255.673,control,normal_flow,0,normal_bag,inf,100.000,100.000,100.0,1,adjust_flow(delta=0.000),no_alarm
256.673,control,normal_flow,0,normal_bag,inf,100.000,100.000,100.0,1,adjust_flow(delta=0.000),no_alarm
257.673,control,normal_flow,0,normal_bag,inf,100.000,100.000,100.0,1,adjust_flow(delta=0.000),no_alarm
258.673,control,normal_flow,0,normal_bag,inf,100.000,100.000,100.0,1,adjust_flow(delta=0.000),no_alarm
259.673,control,normal_flow,0,normal_bag,inf,100.000,100.000,100.0,1,adjust_flow(delta=0.000),no_alarm
260.673,control,normal_flow,0,normal_bag,inf,100.000,100.000,100.0,1,adjust_flow(delta=0.000),no_alarm
261.673,control,normal_flow,0,normal_bag,inf,100.000,100.000,100.0,1,adjust_flow(delta=0.000),no_alarm
262.673,control,normal_flow,0,normal_bag,inf,100.000,100.000,100.0,1,adjust_flow(delta=0.000),no_alarm
263.673,control,normal_flow,0,normal_bag,inf,100.000,100.000,100.0,1,adjust_flow(delta=0.000),no_alarm
264.673,control,normal_flow,0,normal_bag,inf,100.000,100.000,100.0,1,adjust_flow(delta=0.000),no_alarm
265.673,control,normal_flow,0,normal_bag,inf,100.000,100.000,100.0,1,adjust_flow(delta=0.000),no_alarm
266.673,control,normal_flow,0,normal_bag,inf,100.000,100.000,100.0,1,adjust_flow(delta=0.000),no_alarm
267.673,control,normal_flow,0,normal_bag,inf,100.000,100.000,100.0,1,adjust_flow(delta=0.000),no_alarm
268.673,control,normal_flow,0,normal_bag,inf,100.000,100.000,100.0,1,adjust_flow(delta=0.000),no_alarm
269.673,control,normal_flow,0,normal_bag,inf,100.000,100.000,100.0,1,adjust_flow(delta=-0.000),no_alarm
270.673,control,normal_flow,0,normal_bag,inf,100.000,100.000,100.0,1,adjust_flow(delta=-0.000),no_alarm
271.673,control,normal_flow,0,normal_bag,inf,100.000,100.000,100.0,1,adjust_flow(delta=-0.000),no_alarm
272.673,control,normal_flow,0,normal_bag,inf,100.000,100.000,100.0,1,adjust_flow(delta=-0.000),no_alarm
273.673,control,normal_flow,0,normal_bag,inf,100.000,100.000,100.0,1,adjust_flow(delta=-0.000),no_alarm
274.673,control,normal_flow,0,normal_bag,inf,100.000,100.000,100.0,1,adjust_flow(delta=-0.000),no_alarm
275.673,control,normal_flow,0,normal_bag,inf,100.000,100.000,100.0,1,adjust_flow(delta=-0.000),no_alarm
276.673,control,normal_flow,0,normal_bag,inf,100.000,100.000,100.0,1,adjust_flow(delta=-0.000),no_alarm
277.673,control,normal_flow,0,normal_bag,inf,100.000,100.000,100.0,1,adjust_flow(delta=-0.000),no_alarm
278.673,control,normal_flow,0,normal_bag,inf,100.000,100.000,100.0,1,adjust_flow(delta=-0.000),no_alarm
279.673,control,normal_flow,0,normal_bag,inf,100.000,100.000,100.0,1,adjust_flow(delta=-0.000),no_alarm
280.673,control,normal_flow,0,normal_bag,inf,100.000,100.000,100.0,1,adjust_flow(delta=-0.000),no_alarm
281.673,control,normal_flow,0,normal_bag,inf,100.000,100.000,100.0,1,adjust_flow(delta=-0.000),no_alarm
282.673,control,normal_flow,0,normal_bag,inf,100.000,100.000,100.0,1,adjust_flow(delta=-0.000),no_alarm
283.673,control,normal_flow,0,normal_bag,inf,100.000,100.000,100.0,1,adjust_flow(delta=-0.000),no_alarm
284.673,control,normal_flow,0,normal_bag,inf,100.000,100.000,100.0,1,adjust_flow(delta=-0.000),no_alarm
285.673,control,normal_flow,0,normal_bag,inf,100.000,100.000,100.0,1,adjust_flow(delta=-0.000),no_alarm
286.673,control,normal_flow,0,normal_bag,inf,100.000,100.000,100.0,1,adjust_flow(delta=-0.000),no_alarm
287.673,control,normal_flow,0,normal_bag,inf,100.000,100.000,100.0,1,adjust_flow(delta=-0.000),no_alarm
288.673,control,normal_flow,0,normal_bag,inf,100.000,100.000,100.0,1,adjust_flow(delta=-0.000),no_alarm
289.673,control,normal_flow,0,normal_bag,inf,100.000,100.000,100.0,1,adjust_flow(delta=-0.000),no_alarm
290.673,control,normal_flow,0,normal_bag,inf,100.000,100.000,100.0,1,adjust_flow(delta=-0.000),no_alarm
291.673,control,normal_flow,0,normal_bag,inf,100.000,100.000,100.0,1,adjust_flow(delta=-0.000),no_alarm
292.673,control,normal_flow,0,normal_bag,inf,100.000,100.000,100.0,1,adjust_flow(delta=-0.000),no_alarm
293.673,control,normal_flow,0,normal_bag,inf,100.000,100.000,100.0,1,adjust_flow(delta=-0.000),no_alarm
294.673,control,normal_flow,0,normal_bag,inf,100.000,100.000,100.0,1,adjust_flow(delta=-0.000),no_alarm
295.673,control,normal_flow,0,normal_bag,inf,100.000,100.000,100.0,1,adjust_flow(delta=-0.000),no_alarm
296.673,control,normal_flow,0,normal_bag,inf,100.000,100.000,100.0,1,adjust_flow(delta=-0.000),no_alarm
297.673,control,normal_flow,0,normal_bag,inf,100.000,100.000,100.0,1,adjust_flow(delta=-0.000),no_alarm
298.673,control,normal_flow,0,normal_bag,inf,100.000,100.000,100.0,1,adjust_flow(delta=-0.000),no_alarm
299.673,control,normal_flow,0,normal_bag,inf,100.000,100.000,100.0,1,adjust_flow(delta=-0.000),no_alarm
300.673,control,normal_flow,0,normal_bag,inf,100.000,100.000,100.0,1,adjust_flow(delta=-0.000),no_alarm
301.673,control,normal_flow,0,normal_bag,inf,100.000,100.000,100.0,1,adjust_flow(delta=0.000),no_alarm
302.673,control,normal_flow,0,normal_bag,inf,100.000,100.000,100.0,1,adjust_flow(delta=0.000),no_alarm
303.673,control,normal_flow,0,normal_bag,inf,100.000,100.000,100.0,1,adjust_flow(delta=0.000),no_alarm
304.673,control,normal_flow,0,normal_bag,inf,100.000,100.000,100.0,1,adjust_flow(delta=0.000),no_alarm
305.673,control,normal_flow,0,normal_bag,inf,100.000,100.000,100.0,1,adjust_flow(delta=0.000),no_alarm
306.673,control,normal_flow,0,normal_bag,inf,100.000,100.000,100.0,1,adjust_flow(delta=0.000),no_alarm
307.673,control,normal_flow,0,normal_bag,inf,100.000,100.000,100.0,1,adjust_flow(delta=0.000),no_alarm
308.673,control,normal_flow,0,normal_bag,inf,100.000,100.000,100.0,1,adjust_flow(delta=0.000),no_alarm
309.673,control,normal_flow,0,normal_bag,inf,100.000,100.000,100.0,1,adjust_flow(delta=0.000),no_alarm
310.673,control,normal_flow,0,normal_bag,inf,100.000,100.000,100.0,1,adjust_flow(delta=0.000),no_alarm
311.673,control,normal_flow,0,normal_bag,inf,100.000,100.000,100.0,1,adjust_flow(delta=0.000),no_alarm
312.673,control,normal_flow,0,normal_bag,inf,100.000,100.000,100.0,1,adjust_flow(delta=0.000),no_alarm
313.673,control,normal_flow,0,normal_bag,inf,100.000,100.000,100.0,1,adjust_flow(delta=0.000),no_alarm
314.673,control,normal_flow,0,normal_bag,inf,100.000,100.000,100.0,1,adjust_flow(delta=0.000),no_alarm
315.673,control,normal_flow,0,normal_bag,inf,100.000,100.000,100.0,1,adjust_flow(delta=0.000),no_alarm
316.673,control,normal_flow,0,normal_bag,inf,100.000,100.000,100.0,1,adjust_flow(delta=0.000),no_alarm
317.673,control,normal_flow,0,normal_bag,inf,100.000,100.000,100.0,1,adjust_flow(delta=0.000),no_alarm
318.673,control,normal_flow,0,normal_bag,inf,100.000,100.000,100.0,1,adjust_flow(delta=0.000),no_alarm
319.673,control,normal_flow,0,normal_bag,inf,100.000,100.000,100.0,1,adjust_flow(delta=0.000),no_alarm
320.673,control,normal_flow,0,normal_bag,inf,100.000,100.000,100.0,1,adjust_flow(delta=0.000),no_alarm
321.673,control,normal_flow,0,normal_bag,inf,100.000,100.000,100.0,1,adjust_flow(delta=0.000),no_alarm
322.673,control,normal_flow,0,normal_bag,inf,100.000,100.000,100.0,1,adjust_flow(delta=0.000),no_alarm
323.673,control,normal_flow,0,normal_bag,inf,100.000,100.000,100.0,1,adjust_flow(delta=0.000),no_alarm
324.673,control,normal_flow,0,normal_bag,inf,100.000,100.000,100.0,1,adjust_flow(delta=0.000),no_alarm
325.673,control,normal_flow,0,normal_bag,inf,100.000,100.000,100.0,1,adjust_flow(delta=0.000),no_alarm
326.673,control,normal_flow,0,normal_bag,inf,100.000,100.000,100.0,1,adjust_flow(delta=0.000),no_alarm
327.673,control,normal_flow,0,normal_bag,inf,100.000,100.000,100.0,1,adjust_flow(delta=0.000),no_alarm
328.673,control,normal_flow,0,normal_bag,inf,100.000,100.000,100.0,1,adjust_flow(delta=0.000),no_alarm
329.673,control,normal_flow,0,normal_bag,inf,100.000,100.000,100.0,1,adjust_flow(delta=0.000),no_alarm
330.673,control,normal_flow,0,normal_bag,inf,100.000,100.000,100.0,1,adjust_flow(delta=0.000),no_alarm
331.673,control,normal_flow,0,normal_bag,inf,100.000,100.000,100.0,1,adjust_flow(delta=0.000),no_alarm
332.673,control,normal_flow,0,normal_bag,inf,100.000,100.000,100.0,1,adjust_flow(delta=0.000),no_alarm
333.673,control,normal_flow,0,normal_bag,inf,100.000,100.000,100.0,1,adjust_flow(delta=0.000),no_alarm
334.673,control,normal_flow,0,normal_bag,inf,100.000,100.000,100.0,1,adjust_flow(delta=0.000),no_alarm
335.673,control,normal_flow,0,normal_bag,inf,100.000,100.000,100.0,1,adjust_flow(delta=0.000),no_alarm
336.673,control,normal_flow,0,normal_bag,inf,100.000,100.000,100.0,1,adjust_flow(delta=0.000),no_alarm
337.673,control,normal_flow,0,normal_bag,inf,100.000,100.000,100.0,1,adjust_flow(delta=0.000),no_alarm
338.673,control,normal_flow,0,normal_bag,inf,100.000,100.000,100.0,1,adjust_flow(delta=0.000),no_alarm
339.673,control,normal_flow,0,normal_bag,inf,100.000,100.000,100.0,1,adjust_flow(delta=0.000),no_alarm
340.673,control,normal_flow,0,normal_bag,inf,100.000,100.000,100.0,1,adjust_flow(delta=0.000),no_alarm
341.673,control,normal_flow,0,normal_bag,inf,100.000,100.000,100.0,1,adjust_flow(delta=0.000),no_alarm
342.673,control,normal_flow,0,normal_bag,inf,100.000,100.000,100.0,1,adjust_flow(delta=0.000),no_alarm
343.673,control,normal_flow,0,normal_bag,inf,100.000,100.000,100.0,1,adjust_flow(delta=0.000),no_alarm
344.673,control,normal_flow,0,normal_bag,inf,100.000,100.000,100.0,1,adjust_flow(delta=0.000),no_alarm
345.673,control,normal_flow,0,normal_bag,inf,100.000,100.000,100.0,1,adjust_flow(delta=0.000),no_alarm
346.673,control,normal_flow,0,normal_bag,inf,100.000,100.000,100.0,1,adjust_flow(delta=0.000),no_alarm
347.673,control,normal_flow,0,normal_bag,inf,100.000,100.000,100.0,1,adjust_flow(delta=0.000),no_alarm
348.673,control,normal_flow,0,normal_bag,inf,100.000,100.000,100.0,1,adjust_flow(delta=0.000),no_alarm
349.673,control,normal_flow,0,normal_bag,inf,100.000,100.000,100.0,1,adjust_flow(delta=0.000),no_alarm
350.673,control,normal_flow,0,normal_bag,inf,100.000,100.000,100.0,1,adjust_flow(delta=0.000),no_alarm
351.673,control,normal_flow,0,normal_bag,inf,100.000,100.000,100.0,1,adjust_flow(delta=0.000),no_alarm
352.673,control,normal_flow,0,normal_bag,inf,100.000,100.000,100.0,1,adjust_flow(delta=0.000),no_alarm
353.673,control,normal_flow,0,normal_bag,inf,100.000,100.000,100.0,1,adjust_flow(delta=0.000),no_alarm
354.673,control,normal_flow,0,normal_bag,inf,100.000,100.000,100.0,1,adjust_flow(delta=0.000),no_alarm
355.673,control,normal_flow,0,normal_bag,inf,100.000,100.000,100.0,1,adjust_flow(delta=0.000),no_alarm
356.673,control,normal_flow,0,normal_bag,inf,100.000,100.000,100.0,1,adjust_flow(delta=0.000),no_alarm
357.673,control,normal_flow,0,normal_bag,inf,100.000,100.000,100.0,1,adjust_flow(delta=0.000),no_alarm
358.673,control,normal_flow,0,normal_bag,inf,100.000,100.000,100.0,1,adjust_flow(delta=0.000),no_alarm
359.673,control,normal_flow,0,normal_bag,inf,100.000,100.000,100.0,1,adjust_flow(delta=0.000),no_alarm
360.673,control,normal_flow,0,normal_bag,inf,100.000,100.000,100.0,1,adjust_flow(delta=0.000),no_alarm
361.673,control,normal_flow,0,normal_bag,inf,100.000,100.000,100.0,1,adjust_flow(delta=0.000),no_alarm
362.673,control,normal_flow,0,normal_bag,inf,100.000,100.000,100.0,1,adjust_flow(delta=0.000),no_alarm
363.673,control,normal_flow,0,normal_bag,inf,100.000,100.000,100.0,1,adjust_flow(delta=0.000),no_alarm
364.673,control,normal_flow,0,normal_bag,inf,100.000,100.000,100.0,1,adjust_flow(delta=0.000),no_alarm
365.673,control,normal_flow,0,normal_bag,inf,100.000,100.000,100.0,1,adjust_flow(delta=0.000),no_alarm
366.673,control,normal_flow,0,normal_bag,inf,100.000,100.000,100.0,1,adjust_flow(delta=0.000),no_alarm
367.673,control,normal_flow,0,normal_bag,inf,100.000,100.000,100.0,1,adjust_flow(delta=0.000),no_alarm
368.673,control,normal_flow,0,normal_bag,inf,100.000,100.000,100.0,1,adjust_flow(delta=0.000),no_alarm
369.673,control,normal_flow,0,normal_bag,inf,100.000,100.000,100.0,1,adjust_flow(delta=0.000),no_alarm
370.673,control,normal_flow,0,normal_bag,inf,100.000,100.000,100.0,1,adjust_flow(delta=0.000),no_alarm
371.673,control,normal_flow,0,normal_bag,inf,100.000,100.000,100.0,1,adjust_flow(delta=0.000),no_alarm
372.673,control,normal_flow,0,normal_bag,inf,100.000,100.000,100.0,1,adjust_flow(delta=0.000),no_alarm
373.673,control,normal_flow,0,normal_bag,inf,100.000,100.000,100.0,1,adjust_flow(delta=0.000),no_alarm
374.673,control,normal_flow,0,normal_bag,inf,100.000,100.000,100.0,1,adjust_flow(delta=0.000),no_alarm
375.673,control,normal_flow,0,normal_bag,inf,100.000,100.000,100.0,1,adjust_flow(delta=0.000),no_alarm
376.673,control,normal_flow,0,normal_bag,inf,100.000,100.000,100.0,1,adjust_flow(delta=0.000),no_alarm
377.673,control,normal_flow,0,normal_bag,inf,100.000,100.000,100.0,1,adjust_flow(delta=0.000),no_alarm
378.673,control,normal_flow,0,normal_bag,inf,100.000,100.000,100.0,1,adjust_flow(delta=0.000),no_alarm
379.673,control,normal_flow,0,normal_bag,inf,100.000,100.000,100.0,1,adjust_flow(delta=0.000),no_alarm
380.673,control,normal_flow,0,normal_bag,inf,100.000,100.000,100.0,1,adjust_flow(delta=0.000),no_alarm
381.673,control,normal_flow,0,normal_bag,inf,100.000,100.000,100.0,1,adjust_flow(delta=0.000),no_alarm
382.673,control,normal_flow,0,normal_bag,inf,100.000,100.000,100.0,1,adjust_flow(delta=0.000),no_alarm
383.673,control,normal_flow,0,normal_bag,inf,100.000,100.000,100.0,1,adjust_flow(delta=0.000),no_alarm
384.673,control,normal_flow,0,normal_bag,inf,100.000,100.000,100.0,1,adjust_flow(delta=0.000),no_alarm
385.673,control,normal_flow,0,normal_bag,inf,100.000,100.000,100.0,1,adjust_flow(delta=0.000),no_alarm
386.673,control,normal_flow,0,normal_bag,inf,100.000,100.000,100.0,1,adjust_flow(delta=0.000),no_alarm
387.673,control,normal_flow,0,normal_bag,inf,100.000,100.000,100.0,1,adjust_flow(delta=0.000),no_alarm
388.673,control,normal_flow,0,normal_bag,inf,100.000,100.000,100.0,1,adjust_flow(delta=0.000),no_alarm
389.673,control,normal_flow,0,normal_bag,inf,100.000,100.000,100.0,1,adjust_flow(delta=0.000),no_alarm
390.673,control,normal_flow,0,normal_bag,inf,100.000,100.000,100.0,1,adjust_flow(delta=0.000),no_alarm
391.673,control,normal_flow,0,normal_bag,inf,100.000,100.000,100.0,1,adjust_flow(delta=0.000),no_alarm
392.673,control,normal_flow,0,normal_bag,inf,100.000,100.000,100.0,1,adjust_flow(delta=0.000),no_alarm
393.673,control,normal_flow,0,normal_bag,inf,100.000,100.000,100.0,1,adjust_flow(delta=0.000),no_alarm
394.673,control,normal_flow,0,normal_bag,inf,100.000,100.000,100.0,1,adjust_flow(delta=0.000),no_alarm
395.673,control,normal_flow,0,normal_bag,inf,100.000,100.000,100.0,1,adjust_flow(delta=0.000),no_alarm
396.673,control,normal_flow,0,normal_bag,inf,100.000,100.000,100.0,1,adjust_flow(delta=0.000),no_alarm
397.673,control,normal_flow,0,normal_bag,inf,100.000,100.000,100.0,1,adjust_flow(delta=0.000),no_alarm
398.673,control,normal_flow,0,normal_bag,inf,100.000,100.000,100.0,1,adjust_flow(delta=0.000),no_alarm
399.673,control,normal_flow,0,normal_bag,inf,100.000,100.000,100.0,1,adjust_flow(delta=0.000),no_alarm
400.673,control,normal_flow,0,normal_bag,inf,100.000,100.000,100.0,1,adjust_flow(delta=0.000),no_alarm
401.673,control,normal_flow,0,normal_bag,inf,100.000,100.000,100.0,1,adjust_flow(delta=0.000),no_alarm
402.673,control,normal_flow,0,normal_bag,inf,100.000,100.000,100.0,1,adjust_flow(delta=0.000),no_alarm
403.673,control,normal_flow,0,normal_bag,inf,100.000,100.000,100.0,1,adjust_flow(delta=0.000),no_alarm
404.673,control,normal_flow,0,normal_bag,inf,100.000,100.000,100.0,1,adjust_flow(delta=0.000),no_alarm
405.673,control,normal_flow,0,normal_bag,inf,100.000,100.000,100.0,1,adjust_flow(delta=0.000),no_alarm
406.673,control,normal_flow,0,normal_bag,inf,100.000,100.000,100.0,1,adjust_flow(delta=0.000),no_alarm
407.673,control,normal_flow,0,normal_bag,inf,100.000,100.000,100.0,1,adjust_flow(delta=0.000),no_alarm
408.673,control,normal_flow,0,normal_bag,inf,100.000,100.000,100.0,1,adjust_flow(delta=0.000),no_alarm
409.673,control,normal_flow,0,normal_bag,inf,100.000,100.000,100.0,1,adjust_flow(delta=0.000),no_alarm
410.673,control,normal_flow,0,normal_bag,inf,100.000,100.000,100.0,1,adjust_flow(delta=0.000),no_alarm
411.673,control,normal_flow,0,normal_bag,inf,100.000,100.000,100.0,1,adjust_flow(delta=0.000),no_alarm
412.673,control,normal_flow,0,normal_bag,inf,100.000,100.000,100.0,1,adjust_flow(delta=0.000),no_alarm
413.673,control,normal_flow,0,normal_bag,inf,100.000,100.000,100.0,1,adjust_flow(delta=0.000),no_alarm
414.673,control,normal_flow,0,normal_bag,inf,100.000,100.000,100.0,1,adjust_flow(delta=0.000),no_alarm
415.673,control,normal_flow,0,normal_bag,inf,100.000,100.000,100.0,1,adjust_flow(delta=0.000),no_alarm
416.673,control,normal_flow,0,normal_bag,inf,100.000,100.000,100.0,1,adjust_flow(delta=0.000),no_alarm
417.673,control,normal_flow,0,normal_bag,inf,100.000,100.000,100.0,1,adjust_flow(delta=0.000),no_alarm
418.673,control,normal_flow,0,normal_bag,inf,100.000,100.000,100.0,1,adjust_flow(delta=0.000),no_alarm
419.673,control,normal_flow,0,normal_bag,inf,100.000,100.000,100.0,1,adjust_flow(delta=0.000),no_alarm
420.673,control,normal_flow,0,normal_bag,inf,100.000,100.000,100.0,1,adjust_flow(delta=0.000),no_alarm
421.673,control,normal_flow,0,normal_bag,inf,100.000,100.000,100.0,1,adjust_flow(delta=0.000),no_alarm
422.673,control,normal_flow,0,normal_bag,inf,100.000,100.000,100.0,1,adjust_flow(delta=0.000),no_alarm
423.673,control,normal_flow,0,normal_bag,inf,100.000,100.000,100.0,1,adjust_flow(delta=0.000),no_alarm
424.673,control,normal_flow,0,normal_bag,inf,100.000,100.000,100.0,1,adjust_flow(delta=0.000),no_alarm
425.673,control,normal_flow,0,normal_bag,inf,100.000,100.000,100.0,1,adjust_flow(delta=0.000),no_alarm
426.673,control,normal_flow,0,normal_bag,inf,100.000,100.000,100.0,1,adjust_flow(delta=0.000),no_alarm
427.673,control,normal_flow,0,normal_bag,inf,100.000,100.000,100.0,1,adjust_flow(delta=0.000),no_alarm
428.673,control,normal_flow,0,normal_bag,inf,100.000,100.000,100.0,1,adjust_flow(delta=0.000),no_alarm
429.673,control,normal_flow,0,normal_bag,inf,100.000,100.000,100.0,1,adjust_flow(delta=0.000),no_alarm
430.673,control,normal_flow,0,normal_bag,inf,100.000,100.000,100.0,1,adjust_flow(delta=0.000),no_alarm
431.673,control,normal_flow,0,normal_bag,inf,100.000,100.000,100.0,1,adjust_flow(delta=0.000),no_alarm
432.673,control,normal_flow,0,normal_bag,inf,100.000,100.000,100.0,1,adjust_flow(delta=0.000),no_alarm
433.673,control,normal_flow,0,normal_bag,inf,100.000,100.000,100.0,1,adjust_flow(delta=0.000),no_alarm
434.673,control,normal_flow,0,normal_bag,inf,100.000,100.000,100.0,1,adjust_flow(delta=0.000),no_alarm
435.673,control,normal_flow,0,normal_bag,inf,100.000,100.000,100.0,1,adjust_flow(delta=0.000),no_alarm
436.673,control,normal_flow,0,normal_bag,inf,100.000,100.000,100.0,1,adjust_flow(delta=0.000),no_alarm
437.673,control,normal_flow,0,normal_bag,inf,100.000,100.000,100.0,1,adjust_flow(delta=0.000),no_alarm
438.673,control,normal_flow,0,normal_bag,inf,100.000,100.000,100.0,1,adjust_flow(delta=0.000),no_alarm
439.673,control,normal_flow,0,normal_bag,inf,100.000,100.000,100.0,1,adjust_flow(delta=0.000),no_alarm
440.673,control,normal_flow,0,normal_bag,inf,100.000,100.000,100.0,1,adjust_flow(delta=0.000),no_alarm
441.673,control,normal_flow,0,normal_bag,inf,100.000,100.000,100.0,1,adjust_flow(delta=0.000),no_alarm
442.673,control,normal_flow,0,normal_bag,inf,100.000,100.000,100.0,1,adjust_flow(delta=0.000),no_alarm
443.673,control,normal_flow,0,normal_bag,inf,100.000,100.000,100.0,1,adjust_flow(delta=0.000),no_alarm
444.673,control,normal_flow,0,normal_bag,inf,100.000,100.000,100.0,1,adjust_flow(delta=0.000),no_alarm
445.673,control,normal_flow,0,normal_bag,inf,100.000,100.000,100.0,1,adjust_flow(delta=0.000),no_alarm
446.673,control,normal_flow,0,normal_bag,inf,100.000,100.000,100.0,1,adjust_flow(delta=0.000),no_alarm
447.673,control,normal_flow,0,normal_bag,inf,100.000,100.000,100.0,1,adjust_flow(delta=0.000),no_alarm
448.673,control,normal_flow,0,normal_bag,inf,100.000,100.000,100.0,1,adjust_flow(delta=0.000),no_alarm
449.673,control,normal_flow,0,normal_bag,inf,100.000,100.000,100.0,1,adjust_flow(delta=0.000),no_alarm
450.673,control,normal_flow,0,normal_bag,inf,100.000,100.000,100.0,1,adjust_flow(delta=0.000),no_alarm
451.673,control,normal_flow,0,normal_bag,inf,100.000,100.000,100.0,1,adjust_flow(delta=0.000),no_alarm
452.673,control,normal_flow,0,normal_bag,inf,100.000,100.000,100.0,1,adjust_flow(delta=0.000),no_alarm
453.673,control,normal_flow,0,normal_bag,inf,100.000,100.000,100.0,1,adjust_flow(delta=0.000),no_alarm
454.673,control,normal_flow,0,normal_bag,inf,100.000,100.000,100.0,1,adjust_flow(delta=0.000),no_alarm
455.673,control,normal_flow,0,normal_bag,inf,100.000,100.000,100.0,1,adjust_flow(delta=0.000),no_alarm
456.673,control,normal_flow,0,normal_bag,inf,100.000,100.000,100.0,1,adjust_flow(delta=0.000),no_alarm
457.673,control,normal_flow,0,normal_bag,inf,100.000,100.000,100.0,1,adjust_flow(delta=0.000),no_alarm
458.673,control,normal_flow,0,normal_bag,inf,100.000,100.000,100.0,1,adjust_flow(delta=0.000),no_alarm
459.673,control,normal_flow,0,normal_bag,inf,100.000,100.000,100.0,1,adjust_flow(delta=0.000),no_alarm
460.673,control,normal_flow,0,normal_bag,inf,100.000,100.000,100.0,1,adjust_flow(delta=0.000),no_alarm
461.673,control,normal_flow,0,normal_bag,inf,100.000,100.000,100.0,1,adjust_flow(delta=0.000),no_alarm
462.673,control,normal_flow,0,normal_bag,inf,100.000,100.000,100.0,1,adjust_flow(delta=0.000),no_alarm
463.673,control,normal_flow,0,normal_bag,inf,100.000,100.000,100.0,1,adjust_flow(delta=0.000),no_alarm
464.673,control,normal_flow,0,normal_bag,inf,100.000,100.000,100.0,1,adjust_flow(delta=0.000),no_alarm
465.673,control,normal_flow,0,normal_bag,inf,100.000,100.000,100.0,1,adjust_flow(delta=0.000),no_alarm
466.673,control,normal_flow,0,normal_bag,inf,100.000,100.000,100.0,1,adjust_flow(delta=0.000),no_alarm
467.673,control,normal_flow,0,normal_bag,inf,100.000,100.000,100.0,1,adjust_flow(delta=0.000),no_alarm
468.673,control,normal_flow,0,normal_bag,inf,100.000,100.000,100.0,1,adjust_flow(delta=0.000),no_alarm
469.673,control,normal_flow,0,normal_bag,inf,100.000,100.000,100.0,1,adjust_flow(delta=0.000),no_alarm
470.673,control,normal_flow,0,normal_bag,inf,100.000,100.000,100.0,1,adjust_flow(delta=0.000),no_alarm
471.673,control,normal_flow,0,normal_bag,inf,100.000,100.000,100.0,1,adjust_flow(delta=0.000),no_alarm
472.673,control,normal_flow,0,normal_bag,inf,100.000,100.000,100.0,1,adjust_flow(delta=0.000),no_alarm
473.673,control,normal_flow,0,normal_bag,inf,100.000,100.000,100.0,1,adjust_flow(delta=0.000),no_alarm
474.673,control,normal_flow,0,normal_bag,inf,100.000,100.000,100.0,1,adjust_flow(delta=0.000),no_alarm
475.673,control,normal_flow,0,normal_bag,inf,100.000,100.000,100.0,1,adjust_flow(delta=0.000),no_alarm
476.673,control,normal_flow,0,normal_bag,inf,100.000,100.000,100.0,1,adjust_flow(delta=0.000),no_alarm
477.673,control,normal_flow,0,normal_bag,inf,100.000,100.000,100.0,1,adjust_flow(delta=0.000),no_alarm
478.673,control,normal_flow,0,normal_bag,inf,100.000,100.000,100.0,1,adjust_flow(delta=0.000),no_alarm
479.673,control,normal_flow,0,normal_bag,inf,100.000,100.000,100.0,1,adjust_flow(delta=0.000),no_alarm
480.673,control,normal_flow,0,normal_bag,inf,100.000,100.000,100.0,1,adjust_flow(delta=0.000),no_alarm
481.673,control,normal_flow,0,normal_bag,inf,100.000,100.000,100.0,1,adjust_flow(delta=0.000),no_alarm
482.673,control,normal_flow,0,normal_bag,inf,100.000,100.000,100.0,1,adjust_flow(delta=0.000),no_alarm
483.673,control,normal_flow,0,normal_bag,inf,100.000,100.000,100.0,1,adjust_flow(delta=0.000),no_alarm
484.673,control,normal_flow,0,normal_bag,inf,100.000,100.000,100.0,1,adjust_flow(delta=0.000),no_alarm
485.673,control,normal_flow,0,normal_bag,inf,100.000,100.000,100.0,1,adjust_flow(delta=0.000),no_alarm
486.673,control,normal_flow,0,normal_bag,inf,100.000,100.000,100.0,1,adjust_flow(delta=0.000),no_alarm
487.673,control,normal_flow,0,normal_bag,inf,100.000,100.000,100.0,1,adjust_flow(delta=0.000),no_alarm
488.673,control,normal_flow,0,normal_bag,inf,100.000,100.000,100.0,1,adjust_flow(delta=0.000),no_alarm
489.673,control,normal_flow,0,normal_bag,inf,100.000,100.000,100.0,1,adjust_flow(delta=0.000),no_alarm
490.673,control,normal_flow,0,normal_bag,inf,100.000,100.000,100.0,1,adjust_flow(delta=0.000),no_alarm
491.673,control,normal_flow,0,normal_bag,inf,100.000,100.000,100.0,1,adjust_flow(delta=0.000),no_alarm
492.673,control,normal_flow,0,normal_bag,inf,100.000,100.000,100.0,1,adjust_flow(delta=0.000),no_alarm
493.673,control,normal_flow,0,normal_bag,inf,100.000,100.000,100.0,1,adjust_flow(delta=0.000),no_alarm
494.673,control,normal_flow,0,normal_bag,inf,100.000,100.000,100.0,1,adjust_flow(delta=0.000),no_alarm
495.673,control,normal_flow,0,normal_bag,inf,100.000,100.000,100.0,1,adjust_flow(delta=0.000),no_alarm
496.673,control,normal_flow,0,normal_bag,inf,100.000,100.000,100.0,1,adjust_flow(delta=0.000),no_alarm
497.673,control,normal_flow,0,normal_bag,inf,100.000,100.000,100.0,1,adjust_flow(delta=0.000),no_alarm
498.673,control,normal_flow,0,normal_bag,inf,100.000,100.000,100.0,1,adjust_flow(delta=0.000),no_alarm
499.673,control,normal_flow,0,normal_bag,inf,100.000,100.000,100.0,1,adjust_flow(delta=0.000),no_alarm
500.673,control,normal_flow,0,normal_bag,inf,100.000,100.000,100.0,1,adjust_flow(delta=0.000),no_alarm
501.673,control,normal_flow,0,normal_bag,inf,100.000,100.000,100.0,1,adjust_flow(delta=0.000),no_alarm
502.673,control,normal_flow,0,normal_bag,inf,100.000,100.000,100.0,1,adjust_flow(delta=0.000),no_alarm
503.673,control,normal_flow,0,normal_bag,inf,100.000,100.000,100.0,1,adjust_flow(delta=0.000),no_alarm
504.673,control,normal_flow,0,normal_bag,inf,100.000,100.000,100.0,1,adjust_flow(delta=0.000),no_alarm
505.673,control,normal_flow,0,normal_bag,inf,100.000,100.000,100.0,1,adjust_flow(delta=0.000),no_alarm
506.673,control,normal_flow,0,normal_bag,inf,100.000,100.000,100.0,1,adjust_flow(delta=0.000),no_alarm
507.673,control,normal_flow,0,normal_bag,inf,100.000,100.000,100.0,1,adjust_flow(delta=0.000),no_alarm
508.673,control,normal_flow,0,normal_bag,inf,100.000,100.000,100.0,1,adjust_flow(delta=0.000),no_alarm
509.673,control,normal_flow,0,normal_bag,inf,100.000,100.000,100.0,1,adjust_flow(delta=0.000),no_alarm
510.673,control,normal_flow,0,normal_bag,inf,100.000,100.000,100.0,1,adjust_flow(delta=0.000),no_alarm
511.673,control,normal_flow,0,normal_bag,inf,100.000,100.000,100.0,1,adjust_flow(delta=0.000),no_alarm
512.673,control,normal_flow,0,normal_bag,inf,100.000,100.000,100.0,1,adjust_flow(delta=0.000),no_alarm
513.673,control,normal_flow,0,normal_bag,inf,100.000,100.000,100.0,1,adjust_flow(delta=0.000),no_alarm
514.673,control,normal_flow,0,normal_bag,inf,100.000,100.000,100.0,1,adjust_flow(delta=0.000),no_alarm
515.673,control,normal_flow,0,normal_bag,inf,100.000,100.000,100.0,1,adjust_flow(delta=0.000),no_alarm
516.673,control,normal_flow,0,normal_bag,inf,100.000,100.000,100.0,1,adjust_flow(delta=0.000),no_alarm
517.673,control,normal_flow,0,normal_bag,inf,100.000,100.000,100.0,1,adjust_flow(delta=0.000),no_alarm
518.673,control,normal_flow,0,normal_bag,inf,100.000,100.000,100.0,1,adjust_flow(delta=0.000),no_alarm
519.673,control,normal_flow,0,normal_bag,inf,100.000,100.000,100.0,1,adjust_flow(delta=0.000),no_alarm
520.673,control,normal_flow,0,normal_bag,inf,100.000,100.000,100.0,1,adjust_flow(delta=0.000),no_alarm
521.673,control,normal_flow,0,normal_bag,inf,100.000,100.000,100.0,1,adjust_flow(delta=0.000),no_alarm
522.673,control,normal_flow,0,normal_bag,inf,100.000,100.000,100.0,1,adjust_flow(delta=0.000),no_alarm
523.673,control,normal_flow,0,normal_bag,inf,100.000,100.000,100.0,1,adjust_flow(delta=0.000),no_alarm
524.673,control,normal_flow,0,normal_bag,inf,100.000,100.000,100.0,1,adjust_flow(delta=0.000),no_alarm
525.673,control,normal_flow,0,normal_bag,inf,100.000,100.000,100.0,1,adjust_flow(delta=0.000),no_alarm
526.673,control,normal_flow,0,normal_bag,inf,100.000,100.000,100.0,1,adjust_flow(delta=0.000),no_alarm
527.673,control,normal_flow,0,normal_bag,inf,100.000,100.000,100.0,1,adjust_flow(delta=0.000),no_alarm
528.673,control,normal_flow,0,normal_bag,inf,100.000,100.000,100.0,1,adjust_flow(delta=0.000),no_alarm
529.673,control,normal_flow,0,normal_bag,inf,100.000,100.000,100.0,1,adjust_flow(delta=0.000),no_alarm
530.673,control,normal_flow,0,normal_bag,inf,100.000,100.000,100.0,1,adjust_flow(delta=0.000),no_alarm
531.673,control,normal_flow,0,normal_bag,inf,100.000,100.000,100.0,1,adjust_flow(delta=0.000),no_alarm
532.673,control,normal_flow,0,normal_bag,inf,100.000,100.000,100.0,1,adjust_flow(delta=0.000),no_alarm
533.673,control,normal_flow,0,normal_bag,inf,100.000,100.000,100.0,1,adjust_flow(delta=0.000),no_alarm
534.673,control,normal_flow,0,normal_bag,inf,100.000,100.000,100.0,1,adjust_flow(delta=0.000),no_alarm
535.673,control,normal_flow,0,normal_bag,inf,100.000,100.000,100.0,1,adjust_flow(delta=0.000),no_alarm
536.673,control,normal_flow,0,normal_bag,inf,100.000,100.000,100.0,1,adjust_flow(delta=0.000),no_alarm
537.673,control,normal_flow,0,normal_bag,inf,100.000,100.000,100.0,1,adjust_flow(delta=0.000),no_alarm
538.673,control,normal_flow,0,normal_bag,inf,100.000,100.000,100.0,1,adjust_flow(delta=0.000),no_alarm
539.673,control,normal_flow,0,normal_bag,inf,100.000,100.000,100.0,1,adjust_flow(delta=0.000),no_alarm
540.673,control,normal_flow,0,normal_bag,inf,100.000,100.000,100.0,1,adjust_flow(delta=0.000),no_alarm
541.673,control,normal_flow,0,normal_bag,inf,100.000,100.000,100.0,1,adjust_flow(delta=0.000),no_alarm
542.673,control,normal_flow,0,normal_bag,inf,100.000,100.000,100.0,1,adjust_flow(delta=0.000),no_alarm
543.673,control,normal_flow,0,normal_bag,inf,100.000,100.000,100.0,1,adjust_flow(delta=0.000),no_alarm
544.673,control,normal_flow,0,normal_bag,inf,100.000,100.000,100.0,1,adjust_flow(delta=0.000),no_alarm
545.673,control,normal_flow,0,normal_bag,inf,100.000,100.000,100.0,1,adjust_flow(delta=0.000),no_alarm
546.673,control,normal_flow,0,normal_bag,inf,100.000,100.000,100.0,1,adjust_flow(delta=0.000),no_alarm
547.673,control,normal_flow,0,normal_bag,inf,100.000,100.000,100.0,1,adjust_flow(delta=0.000),no_alarm
548.673,control,normal_flow,0,normal_bag,inf,100.000,100.000,100.0,1,adjust_flow(delta=0.000),no_alarm
549.673,control,normal_flow,0,normal_bag,inf,100.000,100.000,100.0,1,adjust_flow(delta=0.000),no_alarm
550.673,control,normal_flow,0,normal_bag,inf,100.000,100.000,100.0,1,adjust_flow(delta=0.000),no_alarm
551.673,control,normal_flow,0,normal_bag,inf,100.000,100.000,100.0,1,adjust_flow(delta=0.000),no_alarm
552.673,control,normal_flow,0,normal_bag,inf,100.000,100.000,100.0,1,adjust_flow(delta=0.000),no_alarm
553.673,control,normal_flow,0,normal_bag,inf,100.000,100.000,100.0,1,adjust_flow(delta=0.000),no_alarm
554.673,control,normal_flow,0,normal_bag,inf,100.000,100.000,100.0,1,adjust_flow(delta=0.000),no_alarm
555.673,control,normal_flow,0,normal_bag,inf,100.000,100.000,100.0,1,adjust_flow(delta=0.000),no_alarm
556.673,control,normal_flow,0,normal_bag,inf,100.000,100.000,100.0,1,adjust_flow(delta=0.000),no_alarm
557.673,control,normal_flow,0,normal_bag,inf,100.000,100.000,100.0,1,adjust_flow(delta=0.000),no_alarm
558.673,control,normal_flow,0,normal_bag,inf,100.000,100.000,100.0,1,adjust_flow(delta=0.000),no_alarm
559.673,control,normal_flow,0,normal_bag,inf,100.000,100.000,100.0,1,adjust_flow(delta=0.000),no_alarm
560.673,control,normal_flow,0,normal_bag,inf,100.000,100.000,100.0,1,adjust_flow(delta=0.000),no_alarm
561.673,control,normal_flow,0,normal_bag,inf,100.000,100.000,100.0,1,adjust_flow(delta=0.000),no_alarm
562.673,control,normal_flow,0,normal_bag,inf,100.000,100.000,100.0,1,adjust_flow(delta=0.000),no_alarm
563.673,control,normal_flow,0,normal_bag,inf,100.000,100.000,100.0,1,adjust_flow(delta=0.000),no_alarm
564.673,control,normal_flow,0,normal_bag,inf,100.000,100.000,100.0,1,adjust_flow(delta=0.000),no_alarm
565.673,control,normal_flow,0,normal_bag,inf,100.000,100.000,100.0,1,adjust_flow(delta=0.000),no_alarm
566.673,control,normal_flow,0,normal_bag,inf,100.000,100.000,100.0,1,adjust_flow(delta=0.000),no_alarm
567.673,control,normal_flow,0,normal_bag,inf,100.000,100.000,100.0,1,adjust_flow(delta=0.000),no_alarm
568.673,control,normal_flow,0,normal_bag,inf,100.000,100.000,100.0,1,adjust_flow(delta=0.000),no_alarm
569.673,control,normal_flow,0,normal_bag,inf,100.000,100.000,100.0,1,adjust_flow(delta=0.000),no_alarm
570.673,control,normal_flow,0,normal_bag,inf,100.000,100.000,100.0,1,adjust_flow(delta=0.000),no_alarm
571.673,control,normal_flow,0,normal_bag,inf,100.000,100.000,100.0,1,adjust_flow(delta=0.000),no_alarm
572.673,control,normal_flow,0,normal_bag,inf,100.000,100.000,100.0,1,adjust_flow(delta=0.000),no_alarm
573.673,control,normal_flow,0,normal_bag,inf,100.000,100.000,100.0,1,adjust_flow(delta=0.000),no_alarm
574.673,control,normal_flow,0,normal_bag,inf,100.000,100.000,100.0,1,adjust_flow(delta=0.000),no_alarm
575.673,control,normal_flow,0,normal_bag,inf,100.000,100.000,100.0,1,adjust_flow(delta=0.000),no_alarm
576.673,control,normal_flow,0,normal_bag,inf,100.000,100.000,100.0,1,adjust_flow(delta=0.000),no_alarm
577.673,control,normal_flow,0,normal_bag,inf,100.000,100.000,100.0,1,adjust_flow(delta=0.000),no_alarm
578.673,control,normal_flow,0,normal_bag,inf,100.000,100.000,100.0,1,adjust_flow(delta=0.000),no_alarm
579.673,control,normal_flow,0,normal_bag,inf,100.000,100.000,100.0,1,adjust_flow(delta=0.000),no_alarm
580.673,control,normal_flow,0,normal_bag,inf,100.000,100.000,100.0,1,adjust_flow(delta=0.000),no_alarm
581.673,control,normal_flow,0,normal_bag,inf,100.000,100.000,100.0,1,adjust_flow(delta=0.000),no_alarm
582.673,control,normal_flow,0,normal_bag,inf,100.000,100.000,100.0,1,adjust_flow(delta=0.000),no_alarm
583.673,control,normal_flow,0,normal_bag,inf,100.000,100.000,100.0,1,adjust_flow(delta=0.000),no_alarm
584.673,control,normal_flow,0,normal_bag,inf,100.000,100.000,100.0,1,adjust_flow(delta=0.000),no_alarm
585.673,control,normal_flow,0,normal_bag,inf,100.000,100.000,100.0,1,adjust_flow(delta=0.000),no_alarm
586.673,control,normal_flow,0,normal_bag,inf,100.000,100.000,100.0,1,adjust_flow(delta=0.000),no_alarm
587.673,control,normal_flow,0,normal_bag,inf,100.000,100.000,100.0,1,adjust_flow(delta=0.000),no_alarm
588.673,control,normal_flow,0,normal_bag,inf,100.000,100.000,100.0,1,adjust_flow(delta=0.000),no_alarm
589.673,control,normal_flow,0,normal_bag,inf,100.000,100.000,100.0,1,adjust_flow(delta=0.000),no_alarm
590.673,control,normal_flow,0,normal_bag,inf,100.000,100.000,100.0,1,adjust_flow(delta=0.000),no_alarm
591.673,control,normal_flow,0,normal_bag,inf,100.000,100.000,100.0,1,adjust_flow(delta=0.000),no_alarm
592.673,control,normal_flow,0,normal_bag,inf,100.000,100.000,100.0,1,adjust_flow(delta=0.000),no_alarm
593.673,control,normal_flow,0,normal_bag,inf,100.000,100.000,100.0,1,adjust_flow(delta=0.000),no_alarm
594.673,control,normal_flow,0,normal_bag,inf,100.000,100.000,100.0,1,adjust_flow(delta=0.000),no_alarm
595.673,control,normal_flow,0,normal_bag,inf,100.000,100.000,100.0,1,adjust_flow(delta=0.000),no_alarm
596.673,control,normal_flow,0,normal_bag,inf,100.000,100.000,100.0,1,adjust_flow(delta=0.000),no_alarm
597.673,control,normal_flow,0,normal_bag,inf,100.000,100.000,100.0,1,adjust_flow(delta=0.000),no_alarm
598.673,control,normal_flow,0,normal_bag,inf,100.000,100.000,100.0,1,adjust_flow(delta=0.000),no_alarm
599.673,control,normal_flow,0,normal_bag,inf,100.000,100.000,100.0,1,adjust_flow(delta=0.000),no_alarm
600.673,control,normal_flow,0,normal_bag,inf,100.000,100.000,100.0,1,adjust_flow(delta=0.000),no_alarm
601.673,control,normal_flow,0,normal_bag,inf,100.000,100.000,100.0,1,adjust_flow(delta=0.000),no_alarm
602.673,control,normal_flow,0,normal_bag,inf,100.000,100.000,100.0,1,adjust_flow(delta=0.000),no_alarm
603.673,control,normal_flow,0,normal_bag,inf,100.000,100.000,100.0,1,adjust_flow(delta=0.000),no_alarm
604.673,control,normal_flow,0,normal_bag,inf,100.000,100.000,100.0,1,adjust_flow(delta=0.000),no_alarm
605.673,control,normal_flow,0,normal_bag,inf,100.000,100.000,100.0,1,adjust_flow(delta=0.000),no_alarm
606.673,control,normal_flow,0,normal_bag,inf,100.000,100.000,100.0,1,adjust_flow(delta=0.000),no_alarm
607.673,control,normal_flow,0,normal_bag,inf,100.000,100.000,100.0,1,adjust_flow(delta=0.000),no_alarm
608.673,control,normal_flow,0,normal_bag,inf,100.000,100.000,100.0,1,adjust_flow(delta=0.000),no_alarm
609.673,control,normal_flow,0,normal_bag,inf,100.000,100.000,100.0,1,adjust_flow(delta=0.000),no_alarm
610.673,control,normal_flow,0,normal_bag,inf,100.000,100.000,100.0,1,adjust_flow(delta=0.000),no_alarm
611.673,control,normal_flow,0,normal_bag,inf,100.000,100.000,100.0,1,adjust_flow(delta=0.000),no_alarm
612.673,control,normal_flow,0,normal_bag,inf,100.000,100.000,100.0,1,adjust_flow(delta=0.000),no_alarm
613.673,control,normal_flow,0,normal_bag,inf,100.000,100.000,100.0,1,adjust_flow(delta=0.000),no_alarm
614.673,control,normal_flow,0,normal_bag,inf,100.000,100.000,100.0,1,adjust_flow(delta=0.000),no_alarm
615.673,control,normal_flow,0,normal_bag,inf,100.000,100.000,100.0,1,adjust_flow(delta=0.000),no_alarm
616.673,control,normal_flow,0,normal_bag,inf,100.000,100.000,100.0,1,adjust_flow(delta=0.000),no_alarm
617.673,control,normal_flow,0,normal_bag,inf,100.000,100.000,100.0,1,adjust_flow(delta=0.000),no_alarm
618.673,control,normal_flow,0,normal_bag,inf,100.000,100.000,100.0,1,adjust_flow(delta=0.000),no_alarm
619.673,control,normal_flow,0,normal_bag,inf,100.000,100.000,100.0,1,adjust_flow(delta=0.000),no_alarm
620.673,control,normal_flow,0,normal_bag,inf,100.000,100.000,100.0,1,adjust_flow(delta=0.000),no_alarm
621.673,control,normal_flow,0,normal_bag,inf,100.000,100.000,100.0,1,adjust_flow(delta=0.000),no_alarm
622.673,control,normal_flow,0,normal_bag,inf,100.000,100.000,100.0,1,adjust_flow(delta=0.000),no_alarm
623.673,control,normal_flow,0,normal_bag,inf,100.000,100.000,100.0,1,adjust_flow(delta=0.000),no_alarm
624.673,control,normal_flow,0,normal_bag,inf,100.000,100.000,100.0,1,adjust_flow(delta=0.000),no_alarm
625.673,control,normal_flow,0,normal_bag,inf,100.000,100.000,100.0,1,adjust_flow(delta=0.000),no_alarm
626.673,control,normal_flow,0,normal_bag,inf,100.000,100.000,100.0,1,adjust_flow(delta=0.000),no_alarm
627.673,control,normal_flow,0,normal_bag,inf,100.000,100.000,100.0,1,adjust_flow(delta=0.000),no_alarm
628.673,control,normal_flow,0,normal_bag,inf,100.000,100.000,100.0,1,adjust_flow(delta=0.000),no_alarm
629.673,control,normal_flow,0,normal_bag,inf,100.000,100.000,100.0,1,adjust_flow(delta=0.000),no_alarm
630.673,control,normal_flow,0,normal_bag,inf,100.000,100.000,100.0,1,adjust_flow(delta=0.000),no_alarm
631.673,control,normal_flow,0,normal_bag,inf,100.000,100.000,100.0,1,adjust_flow(delta=0.000),no_alarm
632.673,control,normal_flow,0,normal_bag,inf,100.000,100.000,100.0,1,adjust_flow(delta=0.000),no_alarm
633.673,control,normal_flow,0,normal_bag,inf,100.000,100.000,100.0,1,adjust_flow(delta=0.000),no_alarm
634.673,control,normal_flow,0,normal_bag,inf,100.000,100.000,100.0,1,adjust_flow(delta=0.000),no_alarm
635.673,control,normal_flow,0,normal_bag,inf,100.000,100.000,100.0,1,adjust_flow(delta=0.000),no_alarm
636.673,control,normal_flow,0,normal_bag,inf,100.000,100.000,100.0,1,adjust_flow(delta=0.000),no_alarm
637.673,control,normal_flow,0,normal_bag,inf,100.000,100.000,100.0,1,adjust_flow(delta=0.000),no_alarm
638.673,control,normal_flow,0,normal_bag,inf,100.000,100.000,100.0,1,adjust_flow(delta=0.000),no_alarm
639.673,control,normal_flow,0,normal_bag,inf,100.000,100.000,100.0,1,adjust_flow(delta=0.000),no_alarm
640.673,control,normal_flow,0,normal_bag,inf,100.000,100.000,100.0,1,adjust_flow(delta=0.000),no_alarm
641.673,control,normal_flow,0,normal_bag,inf,100.000,100.000,100.0,1,adjust_flow(delta=0.000),no_alarm
642.673,control,normal_flow,0,normal_bag,inf,100.000,100.000,100.0,1,adjust_flow(delta=0.000),no_alarm
643.673,control,normal_flow,0,normal_bag,inf,100.000,100.000,100.0,1,adjust_flow(delta=0.000),no_alarm
644.673,control,normal_flow,0,normal_bag,inf,100.000,100.000,100.0,1,adjust_flow(delta=0.000),no_alarm
645.673,control,normal_flow,0,normal_bag,inf,100.000,100.000,100.0,1,adjust_flow(delta=0.000),no_alarm
646.673,control,normal_flow,0,normal_bag,inf,100.000,100.000,100.0,1,adjust_flow(delta=0.000),no_alarm
647.673,control,normal_flow,0,normal_bag,inf,100.000,100.000,100.0,1,adjust_flow(delta=0.000),no_alarm
648.673,control,normal_flow,0,normal_bag,inf,100.000,100.000,100.0,1,adjust_flow(delta=0.000),no_alarm
649.673,control,normal_flow,0,normal_bag,inf,100.000,100.000,100.0,1,adjust_flow(delta=0.000),no_alarm
650.673,control,normal_flow,0,normal_bag,inf,100.000,100.000,100.0,1,adjust_flow(delta=0.000),no_alarm
651.673,control,normal_flow,0,normal_bag,inf,100.000,100.000,100.0,1,adjust_flow(delta=0.000),no_alarm
652.673,control,normal_flow,0,normal_bag,inf,100.000,100.000,100.0,1,adjust_flow(delta=0.000),no_alarm
653.673,control,normal_flow,0,normal_bag,inf,100.000,100.000,100.0,1,adjust_flow(delta=0.000),no_alarm
654.673,control,normal_flow,0,normal_bag,inf,100.000,100.000,100.0,1,adjust_flow(delta=0.000),no_alarm
655.673,control,normal_flow,0,normal_bag,inf,100.000,100.000,100.0,1,adjust_flow(delta=0.000),no_alarm
656.673,control,normal_flow,0,normal_bag,inf,100.000,100.000,100.0,1,adjust_flow(delta=0.000),no_alarm
657.673,control,normal_flow,0,normal_bag,inf,100.000,100.000,100.0,1,adjust_flow(delta=0.000),no_alarm
658.673,control,normal_flow,0,normal_bag,inf,100.000,100.000,100.0,1,adjust_flow(delta=0.000),no_alarm
659.673,control,normal_flow,0,normal_bag,inf,100.000,100.000,100.0,1,adjust_flow(delta=0.000),no_alarm
660.673,control,normal_flow,0,normal_bag,inf,100.000,100.000,100.0,1,adjust_flow(delta=0.000),no_alarm
661.673,control,normal_flow,0,normal_bag,inf,100.000,100.000,100.0,1,adjust_flow(delta=0.000),no_alarm
662.673,control,normal_flow,0,normal_bag,inf,100.000,100.000,100.0,1,adjust_flow(delta=0.000),no_alarm
663.673,control,normal_flow,0,normal_bag,inf,100.000,100.000,100.0,1,adjust_flow(delta=0.000),no_alarm
664.673,control,normal_flow,0,normal_bag,inf,100.000,100.000,100.0,1,adjust_flow(delta=0.000),no_alarm
665.673,control,normal_flow,0,normal_bag,inf,100.000,100.000,100.0,1,adjust_flow(delta=0.000),no_alarm
666.673,control,normal_flow,0,normal_bag,inf,100.000,100.000,100.0,1,adjust_flow(delta=0.000),no_alarm
667.673,control,normal_flow,0,normal_bag,inf,100.000,100.000,100.0,1,adjust_flow(delta=0.000),no_alarm
668.673,control,normal_flow,0,normal_bag,inf,100.000,100.000,100.0,1,adjust_flow(delta=0.000),no_alarm
669.673,control,normal_flow,0,normal_bag,inf,100.000,100.000,100.0,1,adjust_flow(delta=0.000),no_alarm
670.673,control,normal_flow,0,normal_bag,inf,100.000,100.000,100.0,1,adjust_flow(delta=0.000),no_alarm
671.673,control,normal_flow,0,normal_bag,inf,100.000,100.000,100.0,1,adjust_flow(delta=0.000),no_alarm
672.673,control,normal_flow,0,normal_bag,inf,100.000,100.000,100.0,1,adjust_flow(delta=0.000),no_alarm
673.673,control,normal_flow,0,normal_bag,inf,100.000,100.000,100.0,1,adjust_flow(delta=0.000),no_alarm
674.673,control,normal_flow,0,normal_bag,inf,100.000,100.000,100.0,1,adjust_flow(delta=0.000),no_alarm
675.673,control,normal_flow,0,normal_bag,inf,100.000,100.000,100.0,1,adjust_flow(delta=0.000),no_alarm
676.673,control,normal_flow,0,normal_bag,inf,100.000,100.000,100.0,1,adjust_flow(delta=0.000),no_alarm
677.673,control,normal_flow,0,normal_bag,inf,100.000,100.000,100.0,1,adjust_flow(delta=0.000),no_alarm
678.673,control,normal_flow,0,normal_bag,inf,100.000,100.000,100.0,1,adjust_flow(delta=0.000),no_alarm
679.673,control,normal_flow,0,normal_bag,inf,100.000,100.000,100.0,1,adjust_flow(delta=0.000),no_alarm
680.673,control,normal_flow,0,normal_bag,inf,100.000,100.000,100.0,1,adjust_flow(delta=0.000),no_alarm
681.673,control,normal_flow,0,normal_bag,inf,100.000,100.000,100.0,1,adjust_flow(delta=0.000),no_alarm
682.673,control,normal_flow,0,normal_bag,inf,100.000,100.000,100.0,1,adjust_flow(delta=0.000),no_alarm
683.673,control,normal_flow,0,normal_bag,inf,100.000,100.000,100.0,1,adjust_flow(delta=0.000),no_alarm
684.673,control,normal_flow,0,normal_bag,inf,100.000,100.000,100.0,1,adjust_flow(delta=0.000),no_alarm
685.673,control,normal_flow,0,normal_bag,inf,100.000,100.000,100.0,1,adjust_flow(delta=0.000),no_alarm
686.673,control,normal_flow,0,normal_bag,inf,100.000,100.000,100.0,1,adjust_flow(delta=0.000),no_alarm
687.673,control,normal_flow,0,normal_bag,inf,100.000,100.000,100.0,1,adjust_flow(delta=0.000),no_alarm
688.673,control,normal_flow,0,normal_bag,inf,100.000,100.000,100.0,1,adjust_flow(delta=0.000),no_alarm
689.673,control,normal_flow,0,normal_bag,inf,100.000,100.000,100.0,1,adjust_flow(delta=0.000),no_alarm
690.673,control,normal_flow,0,normal_bag,inf,100.000,100.000,100.0,1,adjust_flow(delta=0.000),no_alarm
691.673,control,normal_flow,0,normal_bag,inf,100.000,100.000,100.0,1,adjust_flow(delta=0.000),no_alarm
692.673,control,normal_flow,0,normal_bag,inf,100.000,100.000,100.0,1,adjust_flow(delta=0.000),no_alarm
693.673,control,normal_flow,0,normal_bag,inf,100.000,100.000,100.0,1,adjust_flow(delta=0.000),no_alarm
694.673,control,normal_flow,0,normal_bag,inf,100.000,100.000,100.0,1,adjust_flow(delta=0.000),no_alarm
695.673,control,normal_flow,0,normal_bag,inf,100.000,100.000,100.0,1,adjust_flow(delta=0.000),no_alarm
696.673,control,normal_flow,0,normal_bag,inf,100.000,100.000,100.0,1,adjust_flow(delta=0.000),no_alarm
697.673,control,normal_flow,0,normal_bag,inf,100.000,100.000,100.0,1,adjust_flow(delta=0.000),no_alarm
698.673,control,normal_flow,0,normal_bag,inf,100.000,100.000,100.0,1,adjust_flow(delta=0.000),no_alarm
699.673,control,normal_flow,0,normal_bag,inf,100.000,100.000,100.0,1,adjust_flow(delta=0.000),no_alarm
700.673,control,normal_flow,0,normal_bag,inf,100.000,100.000,100.0,1,adjust_flow(delta=0.000),no_alarm
701.673,control,normal_flow,0,normal_bag,inf,100.000,100.000,100.0,1,adjust_flow(delta=0.000),no_alarm
702.673,control,normal_flow,0,normal_bag,inf,100.000,100.000,100.0,1,adjust_flow(delta=0.000),no_alarm
703.673,control,normal_flow,0,normal_bag,inf,100.000,100.000,100.0,1,adjust_flow(delta=0.000),no_alarm
704.673,control,normal_flow,0,normal_bag,inf,100.000,100.000,100.0,1,adjust_flow(delta=0.000),no_alarm
705.673,control,normal_flow,0,normal_bag,inf,100.000,100.000,100.0,1,adjust_flow(delta=0.000),no_alarm
706.673,control,normal_flow,0,normal_bag,inf,100.000,100.000,100.0,1,adjust_flow(delta=0.000),no_alarm
707.673,control,normal_flow,0,normal_bag,inf,100.000,100.000,100.0,1,adjust_flow(delta=0.000),no_alarm
708.673,control,normal_flow,0,normal_bag,inf,100.000,100.000,100.0,1,adjust_flow(delta=0.000),no_alarm
709.673,control,normal_flow,0,normal_bag,inf,100.000,100.000,100.0,1,adjust_flow(delta=0.000),no_alarm
710.673,control,normal_flow,0,normal_bag,inf,100.000,100.000,100.0,1,adjust_flow(delta=0.000),no_alarm
711.673,control,normal_flow,0,normal_bag,inf,100.000,100.000,100.0,1,adjust_flow(delta=0.000),no_alarm
712.673,control,normal_flow,0,normal_bag,inf,100.000,100.000,100.0,1,adjust_flow(delta=0.000),no_alarm
713.673,control,normal_flow,0,normal_bag,inf,100.000,100.000,100.0,1,adjust_flow(delta=0.000),no_alarm
714.673,control,normal_flow,0,normal_bag,inf,100.000,100.000,100.0,1,adjust_flow(delta=0.000),no_alarm
715.673,control,normal_flow,0,normal_bag,inf,100.000,100.000,100.0,1,adjust_flow(delta=0.000),no_alarm
716.673,control,normal_flow,0,normal_bag,inf,100.000,100.000,100.0,1,adjust_flow(delta=0.000),no_alarm
717.673,control,normal_flow,0,normal_bag,inf,100.000,100.000,100.0,1,adjust_flow(delta=0.000),no_alarm
718.673,control,normal_flow,0,normal_bag,inf,100.000,100.000,100.0,1,adjust_flow(delta=0.000),no_alarm
719.673,control,normal_flow,0,normal_bag,inf,100.000,100.000,100.0,1,adjust_flow(delta=0.000),no_alarm
720.673,control,normal_flow,0,normal_bag,inf,100.000,100.000,100.0,1,adjust_flow(delta=0.000),no_alarm
721.673,control,normal_flow,0,normal_bag,inf,100.000,100.000,100.0,1,adjust_flow(delta=0.000),no_alarm
722.673,control,normal_flow,0,normal_bag,inf,100.000,100.000,100.0,1,adjust_flow(delta=0.000),no_alarm
723.673,control,normal_flow,0,normal_bag,inf,100.000,100.000,100.0,1,adjust_flow(delta=0.000),no_alarm
724.673,control,normal_flow,0,normal_bag,inf,100.000,100.000,100.0,1,adjust_flow(delta=0.000),no_alarm
725.673,control,normal_flow,0,normal_bag,inf,100.000,100.000,100.0,1,adjust_flow(delta=0.000),no_alarm
726.673,control,normal_flow,0,normal_bag,inf,100.000,100.000,100.0,1,adjust_flow(delta=0.000),no_alarm
727.673,control,normal_flow,0,normal_bag,inf,100.000,100.000,100.0,1,adjust_flow(delta=0.000),no_alarm
728.673,control,normal_flow,0,normal_bag,inf,100.000,100.000,100.0,1,adjust_flow(delta=0.000),no_alarm
729.673,control,normal_flow,0,normal_bag,inf,100.000,100.000,100.0,1,adjust_flow(delta=0.000),no_alarm
730.673,control,normal_flow,0,normal_bag,inf,100.000,100.000,100.0,1,adjust_flow(delta=0.000),no_alarm
731.673,control,normal_flow,0,normal_bag,inf,100.000,100.000,100.0,1,adjust_flow(delta=0.000),no_alarm
732.673,control,normal_flow,0,normal_bag,inf,100.000,100.000,100.0,1,adjust_flow(delta=0.000),no_alarm
733.673,control,normal_flow,0,normal_bag,inf,100.000,100.000,100.0,1,adjust_flow(delta=0.000),no_alarm
734.673,control,normal_flow,0,normal_bag,inf,100.000,100.000,100.0,1,adjust_flow(delta=0.000),no_alarm
735.673,control,normal_flow,0,normal_bag,inf,100.000,100.000,100.0,1,adjust_flow(delta=0.000),no_alarm
736.673,control,normal_flow,0,normal_bag,inf,100.000,100.000,100.0,1,adjust_flow(delta=0.000),no_alarm
737.673,control,normal_flow,0,normal_bag,inf,100.000,100.000,100.0,1,adjust_flow(delta=0.000),no_alarm
738.673,control,normal_flow,0,normal_bag,inf,100.000,100.000,100.0,1,adjust_flow(delta=0.000),no_alarm
739.673,control,normal_flow,0,normal_bag,inf,100.000,100.000,100.0,1,adjust_flow(delta=0.000),no_alarm
740.673,control,normal_flow,0,normal_bag,inf,100.000,100.000,100.0,1,adjust_flow(delta=0.000),no_alarm
741.673,control,normal_flow,0,normal_bag,inf,100.000,100.000,100.0,1,adjust_flow(delta=0.000),no_alarm
742.673,control,normal_flow,0,normal_bag,inf,100.000,100.000,100.0,1,adjust_flow(delta=0.000),no_alarm
743.673,control,normal_flow,0,normal_bag,inf,100.000,100.000,100.0,1,adjust_flow(delta=0.000),no_alarm
744.673,control,normal_flow,0,normal_bag,inf,100.000,100.000,100.0,1,adjust_flow(delta=0.000),no_alarm
745.673,control,normal_flow,0,normal_bag,inf,100.000,100.000,100.0,1,adjust_flow(delta=0.000),no_alarm
746.673,control,normal_flow,0,normal_bag,inf,100.000,100.000,100.0,1,adjust_flow(delta=0.000),no_alarm
747.673,control,normal_flow,0,normal_bag,inf,100.000,100.000,100.0,1,adjust_flow(delta=0.000),no_alarm
748.673,control,normal_flow,0,normal_bag,inf,100.000,100.000,100.0,1,adjust_flow(delta=0.000),no_alarm
749.673,control,normal_flow,0,normal_bag,inf,100.000,100.000,100.0,1,adjust_flow(delta=0.000),no_alarm
750.673,control,normal_flow,0,normal_bag,inf,100.000,100.000,100.0,1,adjust_flow(delta=0.000),no_alarm
751.673,control,normal_flow,0,normal_bag,inf,100.000,100.000,100.0,1,adjust_flow(delta=0.000),no_alarm
752.673,control,normal_flow,0,normal_bag,inf,100.000,100.000,100.0,1,adjust_flow(delta=0.000),no_alarm
753.673,control,normal_flow,0,normal_bag,inf,100.000,100.000,100.0,1,adjust_flow(delta=0.000),no_alarm
754.673,control,normal_flow,0,normal_bag,inf,100.000,100.000,100.0,1,adjust_flow(delta=0.000),no_alarm
755.673,control,normal_flow,0,normal_bag,inf,100.000,100.000,100.0,1,adjust_flow(delta=0.000),no_alarm
756.673,control,normal_flow,0,normal_bag,inf,100.000,100.000,100.0,1,adjust_flow(delta=0.000),no_alarm
757.673,control,normal_flow,0,normal_bag,inf,100.000,100.000,100.0,1,adjust_flow(delta=0.000),no_alarm
758.673,control,normal_flow,0,normal_bag,inf,100.000,100.000,100.0,1,adjust_flow(delta=0.000),no_alarm
759.673,control,normal_flow,0,normal_bag,inf,100.000,100.000,100.0,1,adjust_flow(delta=0.000),no_alarm
760.673,control,normal_flow,0,normal_bag,inf,100.000,100.000,100.0,1,adjust_flow(delta=0.000),no_alarm
761.673,control,normal_flow,0,normal_bag,inf,100.000,100.000,100.0,1,adjust_flow(delta=0.000),no_alarm
762.673,control,normal_flow,0,normal_bag,inf,100.000,100.000,100.0,1,adjust_flow(delta=0.000),no_alarm
763.673,control,normal_flow,0,normal_bag,inf,100.000,100.000,100.0,1,adjust_flow(delta=0.000),no_alarm
764.673,control,normal_flow,0,normal_bag,inf,100.000,100.000,100.0,1,adjust_flow(delta=0.000),no_alarm
765.673,control,normal_flow,0,normal_bag,inf,100.000,100.000,100.0,1,adjust_flow(delta=0.000),no_alarm
766.673,control,normal_flow,0,normal_bag,inf,100.000,100.000,100.0,1,adjust_flow(delta=0.000),no_alarm
767.673,control,normal_flow,0,normal_bag,inf,100.000,100.000,100.0,1,adjust_flow(delta=0.000),no_alarm
768.673,control,normal_flow,0,normal_bag,inf,100.000,100.000,100.0,1,adjust_flow(delta=0.000),no_alarm
769.673,control,normal_flow,0,normal_bag,inf,100.000,100.000,100.0,1,adjust_flow(delta=0.000),no_alarm
770.673,control,normal_flow,0,normal_bag,inf,100.000,100.000,100.0,1,adjust_flow(delta=0.000),no_alarm
771.673,control,normal_flow,0,normal_bag,inf,100.000,100.000,100.0,1,adjust_flow(delta=0.000),no_alarm
772.673,control,normal_flow,0,normal_bag,inf,100.000,100.000,100.0,1,adjust_flow(delta=0.000),no_alarm
773.673,control,normal_flow,0,normal_bag,inf,100.000,100.000,100.0,1,adjust_flow(delta=0.000),no_alarm
774.673,control,normal_flow,0,normal_bag,inf,100.000,100.000,100.0,1,adjust_flow(delta=0.000),no_alarm
775.673,control,normal_flow,0,normal_bag,inf,100.000,100.000,100.0,1,adjust_flow(delta=0.000),no_alarm
776.673,control,normal_flow,0,normal_bag,inf,100.000,100.000,100.0,1,adjust_flow(delta=0.000),no_alarm
777.673,control,normal_flow,0,normal_bag,inf,100.000,100.000,100.0,1,adjust_flow(delta=0.000),no_alarm
778.673,control,normal_flow,0,normal_bag,inf,100.000,100.000,100.0,1,adjust_flow(delta=0.000),no_alarm
779.673,control,normal_flow,0,normal_bag,inf,100.000,100.000,100.0,1,adjust_flow(delta=0.000),no_alarm
780.673,control,normal_flow,0,normal_bag,inf,100.000,100.000,100.0,1,adjust_flow(delta=0.000),no_alarm
781.673,control,normal_flow,0,normal_bag,inf,100.000,100.000,100.0,1,adjust_flow(delta=0.000),no_alarm
782.673,control,normal_flow,0,normal_bag,inf,100.000,100.000,100.0,1,adjust_flow(delta=0.000),no_alarm
783.673,control,normal_flow,0,normal_bag,inf,100.000,100.000,100.0,1,adjust_flow(delta=0.000),no_alarm
784.673,control,normal_flow,0,normal_bag,inf,100.000,100.000,100.0,1,adjust_flow(delta=0.000),no_alarm
785.673,control,normal_flow,0,normal_bag,inf,100.000,100.000,100.0,1,adjust_flow(delta=0.000),no_alarm
786.673,control,normal_flow,0,normal_bag,inf,100.000,100.000,100.0,1,adjust_flow(delta=0.000),no_alarm
787.673,control,normal_flow,0,normal_bag,inf,100.000,100.000,100.0,1,adjust_flow(delta=0.000),no_alarm
788.673,control,normal_flow,0,normal_bag,inf,100.000,100.000,100.0,1,adjust_flow(delta=0.000),no_alarm
789.673,control,normal_flow,0,normal_bag,inf,100.000,100.000,100.0,1,adjust_flow(delta=0.000),no_alarm
790.673,control,normal_flow,0,normal_bag,inf,100.000,100.000,100.0,1,adjust_flow(delta=0.000),no_alarm
791.673,control,normal_flow,0,normal_bag,inf,100.000,100.000,100.0,1,adjust_flow(delta=0.000),no_alarm
792.673,control,normal_flow,0,normal_bag,inf,100.000,100.000,100.0,1,adjust_flow(delta=0.000),no_alarm
793.673,control,normal_flow,0,normal_bag,inf,100.000,100.000,100.0,1,adjust_flow(delta=0.000),no_alarm
794.673,control,normal_flow,0,normal_bag,inf,100.000,100.000,100.0,1,adjust_flow(delta=0.000),no_alarm
795.673,control,normal_flow,0,normal_bag,inf,100.000,100.000,100.0,1,adjust_flow(delta=0.000),no_alarm
796.673,control,normal_flow,0,normal_bag,inf,100.000,100.000,100.0,1,adjust_flow(delta=0.000),no_alarm
797.673,control,normal_flow,0,normal_bag,inf,100.000,100.000,100.0,1,adjust_flow(delta=0.000),no_alarm
798.673,control,normal_flow,0,normal_bag,inf,100.000,100.000,100.0,1,adjust_flow(delta=0.000),no_alarm
799.673,control,normal_flow,0,normal_bag,inf,100.000,100.000,100.0,1,adjust_flow(delta=0.000),no_alarm
800.673,control,normal_flow,0,normal_bag,inf,100.000,100.000,100.0,1,adjust_flow(delta=0.000),no_alarm
801.673,control,normal_flow,0,normal_bag,inf,100.000,100.000,100.0,1,adjust_flow(delta=0.000),no_alarm
802.673,control,normal_flow,0,normal_bag,inf,100.000,100.000,100.0,1,adjust_flow(delta=0.000),no_alarm
803.673,control,normal_flow,0,normal_bag,inf,100.000,100.000,100.0,1,adjust_flow(delta=0.000),no_alarm
804.673,control,normal_flow,0,normal_bag,inf,100.000,100.000,100.0,1,adjust_flow(delta=0.000),no_alarm
805.673,control,normal_flow,0,normal_bag,inf,100.000,100.000,100.0,1,adjust_flow(delta=0.000),no_alarm
806.673,control,normal_flow,0,normal_bag,inf,100.000,100.000,100.0,1,adjust_flow(delta=0.000),no_alarm
807.673,control,normal_flow,0,normal_bag,inf,100.000,100.000,100.0,1,adjust_flow(delta=0.000),no_alarm
808.673,control,normal_flow,0,normal_bag,inf,100.000,100.000,100.0,1,adjust_flow(delta=0.000),no_alarm
809.673,control,normal_flow,0,normal_bag,inf,100.000,100.000,100.0,1,adjust_flow(delta=0.000),no_alarm
810.673,control,normal_flow,0,normal_bag,inf,100.000,100.000,100.0,1,adjust_flow(delta=0.000),no_alarm
811.673,control,normal_flow,0,normal_bag,inf,100.000,100.000,100.0,1,adjust_flow(delta=0.000),no_alarm
812.673,control,normal_flow,0,normal_bag,inf,100.000,100.000,100.0,1,adjust_flow(delta=0.000),no_alarm
813.673,control,normal_flow,0,normal_bag,inf,100.000,100.000,100.0,1,adjust_flow(delta=0.000),no_alarm
814.673,control,normal_flow,0,normal_bag,inf,100.000,100.000,100.0,1,adjust_flow(delta=0.000),no_alarm
815.673,control,normal_flow,0,normal_bag,inf,100.000,100.000,100.0,1,adjust_flow(delta=0.000),no_alarm
816.673,control,normal_flow,0,normal_bag,inf,100.000,100.000,100.0,1,adjust_flow(delta=0.000),no_alarm
817.673,control,normal_flow,0,normal_bag,inf,100.000,100.000,100.0,1,adjust_flow(delta=0.000),no_alarm
818.673,control,normal_flow,0,normal_bag,inf,100.000,100.000,100.0,1,adjust_flow(delta=0.000),no_alarm
819.673,control,normal_flow,0,normal_bag,inf,100.000,100.000,100.0,1,adjust_flow(delta=0.000),no_alarm
820.673,control,normal_flow,0,normal_bag,inf,100.000,100.000,100.0,1,adjust_flow(delta=0.000),no_alarm
821.673,control,normal_flow,0,normal_bag,inf,100.000,100.000,100.0,1,adjust_flow(delta=0.000),no_alarm
822.673,control,normal_flow,0,normal_bag,inf,100.000,100.000,100.0,1,adjust_flow(delta=0.000),no_alarm
823.673,control,normal_flow,0,normal_bag,inf,100.000,100.000,100.0,1,adjust_flow(delta=0.000),no_alarm
824.673,control,normal_flow,0,normal_bag,inf,100.000,100.000,100.0,1,adjust_flow(delta=0.000),no_alarm
825.673,control,normal_flow,0,normal_bag,inf,100.000,100.000,100.0,1,adjust_flow(delta=0.000),no_alarm
826.673,control,normal_flow,0,normal_bag,inf,100.000,100.000,100.0,1,adjust_flow(delta=0.000),no_alarm
827.673,control,normal_flow,0,normal_bag,inf,100.000,100.000,100.0,1,adjust_flow(delta=0.000),no_alarm
828.673,control,normal_flow,0,normal_bag,inf,100.000,100.000,100.0,1,adjust_flow(delta=0.000),no_alarm
829.673,control,normal_flow,0,normal_bag,inf,100.000,100.000,100.0,1,adjust_flow(delta=0.000),no_alarm
830.673,control,normal_flow,0,normal_bag,inf,100.000,100.000,100.0,1,adjust_flow(delta=0.000),no_alarm
831.673,control,normal_flow,0,normal_bag,inf,100.000,100.000,100.0,1,adjust_flow(delta=0.000),no_alarm
832.673,control,normal_flow,0,normal_bag,inf,100.000,100.000,100.0,1,adjust_flow(delta=0.000),no_alarm
833.673,control,normal_flow,0,normal_bag,inf,100.000,100.000,100.0,1,adjust_flow(delta=0.000),no_alarm
834.673,control,normal_flow,0,normal_bag,inf,100.000,100.000,100.0,1,adjust_flow(delta=0.000),no_alarm
835.673,control,normal_flow,0,normal_bag,inf,100.000,100.000,100.0,1,adjust_flow(delta=0.000),no_alarm
836.673,control,normal_flow,0,normal_bag,inf,100.000,100.000,100.0,1,adjust_flow(delta=0.000),no_alarm
837.673,control,normal_flow,0,normal_bag,inf,100.000,100.000,100.0,1,adjust_flow(delta=0.000),no_alarm
838.673,control,normal_flow,0,normal_bag,inf,100.000,100.000,100.0,1,adjust_flow(delta=0.000),no_alarm
839.673,control,normal_flow,0,normal_bag,inf,100.000,100.000,100.0,1,adjust_flow(delta=0.000),no_alarm
840.673,control,normal_flow,0,normal_bag,inf,100.000,100.000,100.0,1,adjust_flow(delta=0.000),no_alarm
841.673,control,normal_flow,0,normal_bag,inf,100.000,100.000,100.0,1,adjust_flow(delta=0.000),no_alarm
842.673,control,normal_flow,0,normal_bag,inf,100.000,100.000,100.0,1,adjust_flow(delta=0.000),no_alarm
843.673,control,normal_flow,0,normal_bag,inf,100.000,100.000,100.0,1,adjust_flow(delta=0.000),no_alarm
844.673,control,normal_flow,0,normal_bag,inf,100.000,100.000,100.0,1,adjust_flow(delta=0.000),no_alarm
845.673,control,normal_flow,0,normal_bag,inf,100.000,100.000,100.0,1,adjust_flow(delta=0.000),no_alarm
846.673,control,normal_flow,0,normal_bag,inf,100.000,100.000,100.0,1,adjust_flow(delta=0.000),no_alarm
847.673,control,normal_flow,0,normal_bag,inf,100.000,100.000,100.0,1,adjust_flow(delta=0.000),no_alarm
848.673,control,normal_flow,0,normal_bag,inf,100.000,100.000,100.0,1,adjust_flow(delta=0.000),no_alarm
849.673,control,normal_flow,0,normal_bag,inf,100.000,100.000,100.0,1,adjust_flow(delta=0.000),no_alarm
850.673,control,normal_flow,0,normal_bag,inf,100.000,100.000,100.0,1,adjust_flow(delta=0.000),no_alarm
851.673,control,normal_flow,0,normal_bag,inf,100.000,100.000,100.0,1,adjust_flow(delta=0.000),no_alarm
852.673,control,normal_flow,0,normal_bag,inf,100.000,100.000,100.0,1,adjust_flow(delta=0.000),no_alarm
853.673,control,normal_flow,0,normal_bag,inf,100.000,100.000,100.0,1,adjust_flow(delta=0.000),no_alarm
854.673,control,normal_flow,0,normal_bag,inf,100.000,100.000,100.0,1,adjust_flow(delta=0.000),no_alarm
855.673,control,normal_flow,0,normal_bag,inf,100.000,100.000,100.0,1,adjust_flow(delta=0.000),no_alarm
856.673,control,normal_flow,0,normal_bag,inf,100.000,100.000,100.0,1,adjust_flow(delta=0.000),no_alarm
857.673,control,normal_flow,0,normal_bag,inf,100.000,100.000,100.0,1,adjust_flow(delta=0.000),no_alarm
858.673,control,normal_flow,0,normal_bag,inf,100.000,100.000,100.0,1,adjust_flow(delta=0.000),no_alarm
859.673,control,normal_flow,0,normal_bag,inf,100.000,100.000,100.0,1,adjust_flow(delta=0.000),no_alarm
860.673,control,normal_flow,0,normal_bag,inf,100.000,100.000,100.0,1,adjust_flow(delta=0.000),no_alarm
861.673,control,normal_flow,0,normal_bag,inf,100.000,100.000,100.0,1,adjust_flow(delta=0.000),no_alarm
862.673,control,normal_flow,0,normal_bag,inf,100.000,100.000,100.0,1,adjust_flow(delta=0.000),no_alarm
863.673,control,normal_flow,0,normal_bag,inf,100.000,100.000,100.0,1,adjust_flow(delta=0.000),no_alarm
864.673,control,normal_flow,0,normal_bag,inf,100.000,100.000,100.0,1,adjust_flow(delta=0.000),no_alarm
865.673,control,normal_flow,0,normal_bag,inf,100.000,100.000,100.0,1,adjust_flow(delta=0.000),no_alarm
866.673,control,normal_flow,0,normal_bag,inf,100.000,100.000,100.0,1,adjust_flow(delta=0.000),no_alarm
867.673,control,normal_flow,0,normal_bag,inf,100.000,100.000,100.0,1,adjust_flow(delta=0.000),no_alarm
868.673,control,normal_flow,0,normal_bag,inf,100.000,100.000,100.0,1,adjust_flow(delta=0.000),no_alarm
869.673,control,normal_flow,0,normal_bag,inf,100.000,100.000,100.0,1,adjust_flow(delta=0.000),no_alarm
870.673,control,normal_flow,0,normal_bag,inf,100.000,100.000,100.0,1,adjust_flow(delta=0.000),no_alarm
871.673,control,normal_flow,0,normal_bag,inf,100.000,100.000,100.0,1,adjust_flow(delta=0.000),no_alarm
872.673,control,normal_flow,0,normal_bag,inf,100.000,100.000,100.0,1,adjust_flow(delta=0.000),no_alarm
873.673,control,normal_flow,0,normal_bag,inf,100.000,100.000,100.0,1,adjust_flow(delta=0.000),no_alarm
874.673,control,normal_flow,0,normal_bag,inf,100.000,100.000,100.0,1,adjust_flow(delta=0.000),no_alarm
875.673,control,normal_flow,0,normal_bag,inf,100.000,100.000,100.0,1,adjust_flow(delta=0.000),no_alarm
876.673,control,normal_flow,0,normal_bag,inf,100.000,100.000,100.0,1,adjust_flow(delta=0.000),no_alarm
877.673,control,normal_flow,0,normal_bag,inf,100.000,100.000,100.0,1,adjust_flow(delta=0.000),no_alarm
878.673,control,normal_flow,0,normal_bag,inf,100.000,100.000,100.0,1,adjust_flow(delta=0.000),no_alarm
879.673,control,normal_flow,0,normal_bag,inf,100.000,100.000,100.0,1,adjust_flow(delta=0.000),no_alarm
880.673,control,normal_flow,0,normal_bag,inf,100.000,100.000,100.0,1,adjust_flow(delta=0.000),no_alarm
881.673,control,normal_flow,0,normal_bag,inf,100.000,100.000,100.0,1,adjust_flow(delta=0.000),no_alarm
882.673,control,normal_flow,0,normal_bag,inf,100.000,100.000,100.0,1,adjust_flow(delta=0.000),no_alarm
883.673,control,normal_flow,0,normal_bag,inf,100.000,100.000,100.0,1,adjust_flow(delta=0.000),no_alarm
884.673,control,normal_flow,0,normal_bag,inf,100.000,100.000,100.0,1,adjust_flow(delta=0.000),no_alarm
885.673,control,normal_flow,0,normal_bag,inf,100.000,100.000,100.0,1,adjust_flow(delta=0.000),no_alarm
886.673,control,normal_flow,0,normal_bag,inf,100.000,100.000,100.0,1,adjust_flow(delta=0.000),no_alarm
887.673,control,normal_flow,0,normal_bag,inf,100.000,100.000,100.0,1,adjust_flow(delta=0.000),no_alarm
888.673,control,normal_flow,0,normal_bag,inf,100.000,100.000,100.0,1,adjust_flow(delta=0.000),no_alarm
889.673,control,normal_flow,0,normal_bag,inf,100.000,100.000,100.0,1,adjust_flow(delta=0.000),no_alarm
890.673,control,normal_flow,0,normal_bag,inf,100.000,100.000,100.0,1,adjust_flow(delta=0.000),no_alarm
891.673,control,normal_flow,0,normal_bag,inf,100.000,100.000,100.0,1,adjust_flow(delta=0.000),no_alarm
892.673,control,normal_flow,0,normal_bag,inf,100.000,100.000,100.0,1,adjust_flow(delta=0.000),no_alarm
893.673,control,normal_flow,0,normal_bag,inf,100.000,100.000,100.0,1,adjust_flow(delta=0.000),no_alarm
894.673,control,normal_flow,0,normal_bag,inf,100.000,100.000,100.0,1,adjust_flow(delta=0.000),no_alarm
895.673,control,normal_flow,0,normal_bag,inf,100.000,100.000,100.0,1,adjust_flow(delta=0.000),no_alarm
896.673,control,normal_flow,0,normal_bag,inf,100.000,100.000,100.0,1,adjust_flow(delta=0.000),no_alarm
897.673,control,normal_flow,0,normal_bag,inf,100.000,100.000,100.0,1,adjust_flow(delta=0.000),no_alarm
898.673,control,normal_flow,0,normal_bag,inf,100.000,100.000,100.0,1,adjust_flow(delta=0.000),no_alarm
899.673,control,normal_flow,0,normal_bag,inf,100.000,100.000,100.0,1,adjust_flow(delta=0.000),no_alarm
900.673,control,normal_flow,0,normal_bag,inf,100.000,100.000,100.0,1,adjust_flow(delta=0.000),no_alarm
901.673,control,normal_flow,0,normal_bag,inf,100.000,100.000,100.0,1,adjust_flow(delta=0.000),no_alarm
902.673,control,normal_flow,0,normal_bag,inf,100.000,100.000,100.0,1,adjust_flow(delta=0.000),no_alarm
903.673,control,normal_flow,0,normal_bag,inf,100.000,100.000,100.0,1,adjust_flow(delta=0.000),no_alarm
904.673,control,normal_flow,0,normal_bag,inf,100.000,100.000,100.0,1,adjust_flow(delta=0.000),no_alarm
905.673,control,normal_flow,0,normal_bag,inf,100.000,100.000,100.0,1,adjust_flow(delta=0.000),no_alarm
906.673,control,normal_flow,0,normal_bag,inf,100.000,100.000,100.0,1,adjust_flow(delta=0.000),no_alarm
907.673,control,normal_flow,0,normal_bag,inf,100.000,100.000,100.0,1,adjust_flow(delta=0.000),no_alarm
908.673,control,normal_flow,0,normal_bag,inf,100.000,100.000,100.0,1,adjust_flow(delta=0.000),no_alarm
909.673,control,normal_flow,0,normal_bag,inf,100.000,100.000,100.0,1,adjust_flow(delta=0.000),no_alarm
910.673,control,normal_flow,0,normal_bag,inf,100.000,100.000,100.0,1,adjust_flow(delta=0.000),no_alarm
911.673,control,normal_flow,0,normal_bag,inf,100.000,100.000,100.0,1,adjust_flow(delta=0.000),no_alarm
912.673,control,normal_flow,0,normal_bag,inf,100.000,100.000,100.0,1,adjust_flow(delta=0.000),no_alarm
913.673,control,normal_flow,0,normal_bag,inf,100.000,100.000,100.0,1,adjust_flow(delta=0.000),no_alarm
914.673,control,normal_flow,0,normal_bag,inf,100.000,100.000,100.0,1,adjust_flow(delta=0.000),no_alarm
915.673,control,normal_flow,0,normal_bag,inf,100.000,100.000,100.0,1,adjust_flow(delta=0.000),no_alarm
916.673,control,normal_flow,0,normal_bag,inf,100.000,100.000,100.0,1,adjust_flow(delta=0.000),no_alarm
917.673,control,normal_flow,0,normal_bag,inf,100.000,100.000,100.0,1,adjust_flow(delta=0.000),no_alarm
918.673,control,normal_flow,0,normal_bag,inf,100.000,100.000,100.0,1,adjust_flow(delta=0.000),no_alarm
919.673,control,normal_flow,0,normal_bag,inf,100.000,100.000,100.0,1,adjust_flow(delta=0.000),no_alarm
920.673,control,normal_flow,0,normal_bag,inf,100.000,100.000,100.0,1,adjust_flow(delta=0.000),no_alarm
921.673,control,normal_flow,0,normal_bag,inf,100.000,100.000,100.0,1,adjust_flow(delta=0.000),no_alarm
922.673,control,normal_flow,0,normal_bag,inf,100.000,100.000,100.0,1,adjust_flow(delta=0.000),no_alarm
923.673,control,normal_flow,0,normal_bag,inf,100.000,100.000,100.0,1,adjust_flow(delta=0.000),no_alarm
924.673,control,normal_flow,0,normal_bag,inf,100.000,100.000,100.0,1,adjust_flow(delta=0.000),no_alarm
925.673,control,normal_flow,0,normal_bag,inf,100.000,100.000,100.0,1,adjust_flow(delta=0.000),no_alarm
926.673,control,normal_flow,0,normal_bag,inf,100.000,100.000,100.0,1,adjust_flow(delta=0.000),no_alarm
927.673,control,normal_flow,0,normal_bag,inf,100.000,100.000,100.0,1,adjust_flow(delta=0.000),no_alarm
928.673,control,normal_flow,0,normal_bag,inf,100.000,100.000,100.0,1,adjust_flow(delta=0.000),no_alarm
929.673,control,normal_flow,0,normal_bag,inf,100.000,100.000,100.0,1,adjust_flow(delta=0.000),no_alarm
930.673,control,normal_flow,0,normal_bag,inf,100.000,100.000,100.0,1,adjust_flow(delta=0.000),no_alarm
931.673,control,normal_flow,0,normal_bag,inf,100.000,100.000,100.0,1,adjust_flow(delta=0.000),no_alarm
932.673,control,normal_flow,0,normal_bag,inf,100.000,100.000,100.0,1,adjust_flow(delta=0.000),no_alarm
933.673,control,normal_flow,0,normal_bag,inf,100.000,100.000,100.0,1,adjust_flow(delta=0.000),no_alarm
934.673,control,normal_flow,0,normal_bag,inf,100.000,100.000,100.0,1,adjust_flow(delta=0.000),no_alarm
935.673,control,normal_flow,0,normal_bag,inf,100.000,100.000,100.0,1,adjust_flow(delta=0.000),no_alarm
936.673,control,normal_flow,0,normal_bag,inf,100.000,100.000,100.0,1,adjust_flow(delta=0.000),no_alarm
937.673,control,normal_flow,0,normal_bag,inf,100.000,100.000,100.0,1,adjust_flow(delta=0.000),no_alarm
938.673,control,normal_flow,0,normal_bag,inf,100.000,100.000,100.0,1,adjust_flow(delta=0.000),no_alarm
939.673,control,normal_flow,0,normal_bag,inf,100.000,100.000,100.0,1,adjust_flow(delta=0.000),no_alarm
940.673,control,normal_flow,0,normal_bag,inf,100.000,100.000,100.0,1,adjust_flow(delta=0.000),no_alarm
941.673,control,normal_flow,0,normal_bag,inf,100.000,100.000,100.0,1,adjust_flow(delta=0.000),no_alarm
942.673,control,normal_flow,0,normal_bag,inf,100.000,100.000,100.0,1,adjust_flow(delta=0.000),no_alarm
943.673,control,normal_flow,0,normal_bag,inf,100.000,100.000,100.0,1,adjust_flow(delta=0.000),no_alarm
944.673,control,normal_flow,0,normal_bag,inf,100.000,100.000,100.0,1,adjust_flow(delta=0.000),no_alarm
945.673,control,normal_flow,0,normal_bag,inf,100.000,100.000,100.0,1,adjust_flow(delta=0.000),no_alarm
946.673,control,normal_flow,0,normal_bag,inf,100.000,100.000,100.0,1,adjust_flow(delta=0.000),no_alarm
947.673,control,normal_flow,0,normal_bag,inf,100.000,100.000,100.0,1,adjust_flow(delta=0.000),no_alarm
948.673,control,normal_flow,0,normal_bag,inf,100.000,100.000,100.0,1,adjust_flow(delta=0.000),no_alarm
949.673,control,normal_flow,0,normal_bag,inf,100.000,100.000,100.0,1,adjust_flow(delta=0.000),no_alarm
950.673,control,normal_flow,0,normal_bag,inf,100.000,100.000,100.0,1,adjust_flow(delta=0.000),no_alarm
951.673,control,normal_flow,0,normal_bag,inf,100.000,100.000,100.0,1,adjust_flow(delta=0.000),no_alarm
952.673,control,normal_flow,0,normal_bag,inf,100.000,100.000,100.0,1,adjust_flow(delta=0.000),no_alarm
953.673,control,normal_flow,0,normal_bag,inf,100.000,100.000,100.0,1,adjust_flow(delta=0.000),no_alarm
954.673,control,normal_flow,0,normal_bag,inf,100.000,100.000,100.0,1,adjust_flow(delta=0.000),no_alarm
955.673,control,normal_flow,0,normal_bag,inf,100.000,100.000,100.0,1,adjust_flow(delta=0.000),no_alarm
956.673,control,normal_flow,0,normal_bag,inf,100.000,100.000,100.0,1,adjust_flow(delta=0.000),no_alarm
957.673,control,normal_flow,0,normal_bag,inf,100.000,100.000,100.0,1,adjust_flow(delta=0.000),no_alarm
958.673,control,normal_flow,0,normal_bag,inf,100.000,100.000,100.0,1,adjust_flow(delta=0.000),no_alarm
959.673,control,normal_flow,0,normal_bag,inf,100.000,100.000,100.0,1,adjust_flow(delta=0.000),no_alarm
960.673,control,normal_flow,0,normal_bag,inf,100.000,100.000,100.0,1,adjust_flow(delta=0.000),no_alarm
961.673,control,normal_flow,0,normal_bag,inf,100.000,100.000,100.0,1,adjust_flow(delta=0.000),no_alarm
962.673,control,normal_flow,0,normal_bag,inf,100.000,100.000,100.0,1,adjust_flow(delta=0.000),no_alarm
963.673,control,normal_flow,0,normal_bag,inf,100.000,100.000,100.0,1,adjust_flow(delta=0.000),no_alarm
964.673,control,normal_flow,0,normal_bag,inf,100.000,100.000,100.0,1,adjust_flow(delta=0.000),no_alarm
965.673,control,normal_flow,0,normal_bag,inf,100.000,100.000,100.0,1,adjust_flow(delta=0.000),no_alarm
966.673,control,normal_flow,0,normal_bag,inf,100.000,100.000,100.0,1,adjust_flow(delta=0.000),no_alarm
967.673,control,normal_flow,0,normal_bag,inf,100.000,100.000,100.0,1,adjust_flow(delta=0.000),no_alarm
968.673,control,normal_flow,0,normal_bag,inf,100.000,100.000,100.0,1,adjust_flow(delta=0.000),no_alarm
969.673,control,normal_flow,0,normal_bag,inf,100.000,100.000,100.0,1,adjust_flow(delta=0.000),no_alarm
970.673,control,normal_flow,0,normal_bag,inf,100.000,100.000,100.0,1,adjust_flow(delta=0.000),no_alarm
971.673,control,normal_flow,0,normal_bag,inf,100.000,100.000,100.0,1,adjust_flow(delta=0.000),no_alarm
972.673,control,normal_flow,0,normal_bag,inf,100.000,100.000,100.0,1,adjust_flow(delta=0.000),no_alarm
973.673,control,normal_flow,0,normal_bag,inf,100.000,100.000,100.0,1,adjust_flow(delta=0.000),no_alarm
974.673,control,normal_flow,0,normal_bag,inf,100.000,100.000,100.0,1,adjust_flow(delta=0.000),no_alarm
975.673,control,normal_flow,0,normal_bag,inf,100.000,100.000,100.0,1,adjust_flow(delta=0.000),no_alarm
976.673,control,normal_flow,0,normal_bag,inf,100.000,100.000,100.0,1,adjust_flow(delta=0.000),no_alarm
977.673,control,normal_flow,0,normal_bag,inf,100.000,100.000,100.0,1,adjust_flow(delta=0.000),no_alarm
978.673,control,normal_flow,0,normal_bag,inf,100.000,100.000,100.0,1,adjust_flow(delta=0.000),no_alarm
979.673,control,normal_flow,0,normal_bag,inf,100.000,100.000,100.0,1,adjust_flow(delta=0.000),no_alarm
980.673,control,normal_flow,0,normal_bag,inf,100.000,100.000,100.0,1,adjust_flow(delta=0.000),no_alarm
981.673,control,normal_flow,0,normal_bag,inf,100.000,100.000,100.0,1,adjust_flow(delta=0.000),no_alarm
982.673,control,normal_flow,0,normal_bag,inf,100.000,100.000,100.0,1,adjust_flow(delta=0.000),no_alarm
983.673,control,normal_flow,0,normal_bag,inf,100.000,100.000,100.0,1,adjust_flow(delta=0.000),no_alarm
984.673,control,normal_flow,0,normal_bag,inf,100.000,100.000,100.0,1,adjust_flow(delta=0.000),no_alarm
985.673,control,normal_flow,0,normal_bag,inf,100.000,100.000,100.0,1,adjust_flow(delta=0.000),no_alarm
986.673,control,normal_flow,0,normal_bag,inf,100.000,100.000,100.0,1,adjust_flow(delta=0.000),no_alarm
987.673,control,normal_flow,0,normal_bag,inf,100.000,100.000,100.0,1,adjust_flow(delta=0.000),no_alarm
988.673,control,normal_flow,0,normal_bag,inf,100.000,100.000,100.0,1,adjust_flow(delta=0.000),no_alarm
989.673,control,normal_flow,0,normal_bag,inf,100.000,100.000,100.0,1,adjust_flow(delta=0.000),no_alarm
990.673,control,normal_flow,0,normal_bag,inf,100.000,100.000,100.0,1,adjust_flow(delta=0.000),no_alarm
991.673,control,normal_flow,0,normal_bag,inf,100.000,100.000,100.0,1,adjust_flow(delta=0.000),no_alarm
992.673,control,normal_flow,0,normal_bag,inf,100.000,100.000,100.0,1,adjust_flow(delta=0.000),no_alarm
993.673,control,normal_flow,0,normal_bag,inf,100.000,100.000,100.0,1,adjust_flow(delta=0.000),no_alarm
994.673,control,normal_flow,0,normal_bag,inf,100.000,100.000,100.0,1,adjust_flow(delta=0.000),no_alarm
995.673,control,normal_flow,0,normal_bag,inf,100.000,100.000,100.0,1,adjust_flow(delta=0.000),no_alarm
996.673,control,normal_flow,0,normal_bag,inf,100.000,100.000,100.0,1,adjust_flow(delta=0.000),no_alarm
997.673,control,normal_flow,0,normal_bag,inf,100.000,100.000,100.0,1,adjust_flow(delta=0.000),no_alarm
998.673,control,normal_flow,0,normal_bag,inf,100.000,100.000,100.0,1,adjust_flow(delta=0.000),no_alarm
999.673,control,normal_flow,0,normal_bag,inf,100.000,100.000,100.0,1,adjust_flow(delta=0.000),no_alarm
