time,event_type,flow_state,tolerance_count,bag_state,bag_time_remaining,actual_flow,target_flow,medical_order,actions_count,actions,alarm_state
0.985,control,normal_flow,0.0,normal_bag,inf,0.000,0.000,0.0,1,adjust_flow(delta=150.000),no_alarm
4.779,control,normal_flow,1.0,normal_bag,inf,36.827,150.000,150,1,adjust_flow(delta=113.173),no_alarm
5.779,control,normal_flow,2.0,normal_bag,inf,52.258,150.000,150,1,adjust_flow(delta=97.742),no_alarm
6.779,control,normal_flow,3.0,normal_bag,inf,52.258,150.000,150,1,adjust_flow(delta=97.742),no_alarm
7.779,control,normal_flow,4.0,normal_bag,inf,90.269,150.000,150,1,adjust_flow(delta=59.731),no_alarm
8.779,control,normal_flow,5.0,normal_bag,inf,90.269,150.000,150,1,adjust_flow(delta=59.731),no_alarm
9.779,control,normal_flow,5.0,normal_bag,inf,90.269,150.000,150,1,medium_alarm,no_alarm
9.779,alarm,normal_flow,5.0,normal_bag,inf,90.269,150.000,150,1,medium_alarm,medium_alarm
10.779,control,medium_flow,2,normal_bag,inf,122.398,150.000,150,1,adjust_flow(delta=27.602),medium_alarm
11.779,control,medium_flow,3,normal_bag,inf,122.398,150.000,150,1,adjust_flow(delta=27.602),medium_alarm
12.779,control,medium_flow,4,normal_bag,inf,122.398,150.000,150,1,adjust_flow(delta=27.602),medium_alarm
13.779,control,medium_flow,5,normal_bag,inf,122.398,150.000,150,1,adjust_flow(delta=27.602),medium_alarm
14.779,control,medium_flow,5,normal_bag,inf,122.398,150.000,150,2,critical_alarm; stop_pump,medium_alarm
14.779,alarm,medium_flow,5,normal_bag,inf,122.398,150.000,150,2,critical_alarm; stop_pump,critical_alarm
14.779,control,medium_flow,5,normal_bag,inf,122.398,150.000,150,2,critical_alarm; stop_pump,critical_alarm
15.104,nurse_confirmation,medium_flow,5,normal_bag,inf,122.398,150.000,150,2,critical_alarm; stop_pump,critical_alarm
15.104,control,critical_flow,0,normal_bag,inf,141.218,150.000,150,1,adjust_flow(delta=8.782),critical_alarm
15.779,control,normal_flow,0,normal_bag,inf,143.559,150.000,150,1,adjust_flow(delta=6.441),critical_alarm
16.779,control,normal_flow,0,normal_bag,inf,143.559,150.000,150,1,adjust_flow(delta=6.441),critical_alarm
17.779,control,normal_flow,0,normal_bag,inf,143.559,150.000,150,1,adjust_flow(delta=6.441),critical_alarm
18.779,control,normal_flow,0,normal_bag,inf,143.559,150.000,150,1,adjust_flow(delta=6.441),critical_alarm
19.779,control,normal_flow,0,normal_bag,inf,143.559,150.000,150,1,adjust_flow(delta=6.441),critical_alarm
20.779,control,normal_flow,0,normal_bag,inf,143.559,150.000,150,1,adjust_flow(delta=6.441),critical_alarm
21.779,control,normal_flow,0,normal_bag,inf,143.559,150.000,150,1,adjust_flow(delta=6.441),critical_alarm
22.779,control,normal_flow,0,normal_bag,inf,143.559,150.000,150,1,adjust_flow(delta=6.441),critical_alarm
23.779,control,normal_flow,0,normal_bag,inf,143.559,150.000,150,1,adjust_flow(delta=6.441),critical_alarm
24.779,control,normal_flow,0,normal_bag,inf,143.559,150.000,150,1,adjust_flow(delta=6.441),critical_alarm
25.779,control,normal_flow,0,normal_bag,inf,143.559,150.000,150,1,adjust_flow(delta=6.441),critical_alarm
26.779,control,normal_flow,0,normal_bag,inf,143.559,150.000,150,1,adjust_flow(delta=6.441),critical_alarm
27.779,control,normal_flow,0,normal_bag,inf,143.559,150.000,150,1,adjust_flow(delta=6.441),critical_alarm
28.779,control,normal_flow,0,normal_bag,inf,161.786,150.000,150,1,adjust_flow(delta=-11.786),critical_alarm
29.779,control,normal_flow,0,normal_bag,inf,161.786,150.000,150,1,adjust_flow(delta=-11.786),critical_alarm
30.779,control,normal_flow,0,normal_bag,inf,161.786,150.000,150,1,adjust_flow(delta=-11.786),critical_alarm
31.779,control,normal_flow,0,normal_bag,inf,161.786,150.000,150,1,adjust_flow(delta=-11.786),critical_alarm
32.779,control,normal_flow,0,normal_bag,inf,161.786,150.000,150,1,adjust_flow(delta=-11.786),critical_alarm
33.779,control,normal_flow,0,normal_bag,inf,161.786,150.000,150,1,adjust_flow(delta=-11.786),critical_alarm
34.779,control,normal_flow,0,normal_bag,inf,161.786,150.000,150,1,adjust_flow(delta=-11.786),critical_alarm
35.779,control,normal_flow,0,normal_bag,inf,161.786,150.000,150,1,adjust_flow(delta=-11.786),critical_alarm
36.779,control,normal_flow,0,normal_bag,inf,161.786,150.000,150,1,adjust_flow(delta=-11.786),critical_alarm
37.779,control,normal_flow,0,normal_bag,inf,161.786,150.000,150,1,adjust_flow(delta=-11.786),critical_alarm
38.779,control,normal_flow,0,normal_bag,inf,161.786,150.000,150,1,adjust_flow(delta=-11.786),critical_alarm
39.779,control,normal_flow,0,normal_bag,inf,161.786,150.000,150,1,adjust_flow(delta=-11.786),critical_alarm
40.779,control,normal_flow,0,normal_bag,inf,161.786,150.000,150,1,adjust_flow(delta=-11.786),critical_alarm
41.779,control,normal_flow,0,normal_bag,inf,161.786,150.000,150,1,adjust_flow(delta=-11.786),critical_alarm
42.779,control,normal_flow,0,normal_bag,inf,161.786,150.000,150,1,adjust_flow(delta=-11.786),critical_alarm
43.779,control,normal_flow,0,normal_bag,inf,161.786,150.000,150,1,adjust_flow(delta=-11.786),critical_alarm
44.779,control,normal_flow,0,normal_bag,inf,161.786,150.000,150,1,adjust_flow(delta=-11.786),critical_alarm
45.779,control,normal_flow,0,normal_bag,inf,161.786,150.000,150,1,adjust_flow(delta=-11.786),critical_alarm
46.779,control,normal_flow,1,normal_bag,inf,122.766,150.000,150,1,adjust_flow(delta=27.234),critical_alarm
47.779,control,normal_flow,2,normal_bag,inf,125.519,150.000,150,1,adjust_flow(delta=24.481),critical_alarm
48.779,control,normal_flow,3,normal_bag,inf,125.519,150.000,150,1,adjust_flow(delta=24.481),critical_alarm
49.779,control,normal_flow,4,normal_bag,inf,125.519,150.000,150,1,adjust_flow(delta=24.481),critical_alarm
50.779,control,normal_flow,5,normal_bag,inf,125.519,150.000,150,1,adjust_flow(delta=24.481),critical_alarm
51.779,control,normal_flow,5,normal_bag,inf,125.519,150.000,150,1,medium_alarm,critical_alarm
51.779,alarm,normal_flow,5,normal_bag,inf,125.519,150.000,150,1,medium_alarm,medium_alarm
52.779,control,medium_flow,2,normal_bag,inf,125.519,150.000,150,1,adjust_flow(delta=24.481),medium_alarm
53.779,control,medium_flow,3,normal_bag,inf,125.519,150.000,150,1,adjust_flow(delta=24.481),medium_alarm
54.779,control,medium_flow,4,normal_bag,inf,125.519,150.000,150,1,adjust_flow(delta=24.481),medium_alarm
55.779,control,medium_flow,5,normal_bag,inf,125.519,150.000,150,1,adjust_flow(delta=24.481),medium_alarm
56.779,control,medium_flow,5,normal_bag,inf,125.519,150.000,150,2,critical_alarm; stop_pump,medium_alarm
56.779,alarm,medium_flow,5,normal_bag,inf,125.519,150.000,150,2,critical_alarm; stop_pump,critical_alarm
56.779,control,medium_flow,5,normal_bag,inf,125.519,150.000,150,2,critical_alarm; stop_pump,critical_alarm
86.779,alarm,medium_flow,5,normal_bag,inf,125.519,150.000,150,2,critical_alarm; stop_pump,critical_alarm
96.779,alarm,medium_flow,5,normal_bag,inf,125.519,150.000,150,2,critical_alarm; stop_pump,critical_alarm
106.779,alarm,medium_flow,5,normal_bag,inf,125.519,150.000,150,2,critical_alarm; stop_pump,critical_alarm
116.779,alarm,medium_flow,5,normal_bag,inf,125.519,150.000,150,2,critical_alarm; stop_pump,critical_alarm
126.514,nurse_confirmation,medium_flow,5,normal_bag,inf,125.519,150.000,150,2,critical_alarm; stop_pump,critical_alarm
126.514,control,critical_flow,0,normal_bag,inf,163.911,150.000,150,1,adjust_flow(delta=-13.911),critical_alarm
126.779,control,normal_flow,0,normal_bag,inf,163.911,150.000,150,1,adjust_flow(delta=-13.911),critical_alarm
127.779,control,normal_flow,0,normal_bag,inf,163.911,150.000,150,1,adjust_flow(delta=-13.911),critical_alarm
128.779,control,normal_flow,0,normal_bag,inf,163.911,150.000,150,1,adjust_flow(delta=-13.911),critical_alarm
129.779,control,normal_flow,0,normal_bag,inf,163.911,150.000,150,1,adjust_flow(delta=-13.911),critical_alarm
130.779,control,normal_flow,0,normal_bag,inf,163.911,150.000,150,1,adjust_flow(delta=-13.911),critical_alarm
131.779,control,normal_flow,0,normal_bag,inf,163.911,150.000,150,1,adjust_flow(delta=-13.911),critical_alarm
132.779,control,normal_flow,0,normal_bag,inf,163.911,150.000,150,1,adjust_flow(delta=-13.911),critical_alarm
133.779,control,normal_flow,0,normal_bag,inf,143.403,150.000,150,1,adjust_flow(delta=6.597),critical_alarm
134.779,control,normal_flow,0,normal_bag,inf,144.853,150.000,150,1,adjust_flow(delta=5.147),critical_alarm
135.779,control,normal_flow,0,normal_bag,inf,144.853,150.000,150,1,adjust_flow(delta=5.147),critical_alarm
136.779,control,normal_flow,0,normal_bag,inf,144.853,150.000,150,1,adjust_flow(delta=5.147),critical_alarm
137.779,control,normal_flow,0,normal_bag,inf,144.853,150.000,150,1,adjust_flow(delta=5.147),critical_alarm
138.779,control,normal_flow,0,normal_bag,inf,144.853,150.000,150,1,adjust_flow(delta=5.147),critical_alarm
139.779,control,normal_flow,0,normal_bag,inf,144.853,150.000,150,1,adjust_flow(delta=5.147),critical_alarm
140.779,control,normal_flow,0,normal_bag,inf,144.853,150.000,150,1,adjust_flow(delta=5.147),critical_alarm
141.779,control,normal_flow,0,normal_bag,inf,144.853,150.000,150,1,adjust_flow(delta=5.147),critical_alarm
142.779,control,normal_flow,0,normal_bag,inf,144.853,150.000,150,1,adjust_flow(delta=5.147),critical_alarm
143.779,control,normal_flow,0,normal_bag,inf,144.853,150.000,150,1,adjust_flow(delta=5.147),critical_alarm
144.779,control,normal_flow,0,normal_bag,inf,155.181,150.000,150,1,adjust_flow(delta=-5.181),critical_alarm
145.779,control,normal_flow,0,normal_bag,inf,155.181,150.000,150,1,adjust_flow(delta=-5.181),critical_alarm
146.779,control,normal_flow,0,normal_bag,inf,155.181,150.000,150,1,adjust_flow(delta=-5.181),critical_alarm
147.779,control,normal_flow,0,normal_bag,inf,155.181,150.000,150,1,adjust_flow(delta=-5.181),critical_alarm
148.779,control,normal_flow,0,normal_bag,inf,155.181,150.000,150,1,adjust_flow(delta=-5.181),critical_alarm
149.779,control,normal_flow,0,normal_bag,inf,155.181,150.000,150,1,adjust_flow(delta=-5.181),critical_alarm
150.779,control,normal_flow,0,normal_bag,inf,155.181,150.000,150,1,adjust_flow(delta=-5.181),critical_alarm
151.779,control,normal_flow,0,normal_bag,inf,155.181,150.000,150,1,adjust_flow(delta=-5.181),critical_alarm
152.779,control,normal_flow,0,normal_bag,inf,155.181,150.000,150,1,adjust_flow(delta=-5.181),critical_alarm
153.779,control,normal_flow,0,normal_bag,inf,144.900,150.000,150,1,adjust_flow(delta=5.100),critical_alarm
154.779,control,normal_flow,0,normal_bag,inf,144.900,150.000,150,1,adjust_flow(delta=5.100),critical_alarm
155.779,control,normal_flow,0,normal_bag,inf,147.292,150.000,150,1,adjust_flow(delta=2.708),critical_alarm
156.779,control,normal_flow,0,normal_bag,inf,147.292,150.000,150,1,adjust_flow(delta=2.708),critical_alarm
157.779,control,normal_flow,0,normal_bag,inf,147.292,150.000,150,1,adjust_flow(delta=2.708),critical_alarm
158.779,control,normal_flow,0,normal_bag,inf,147.292,150.000,150,1,adjust_flow(delta=2.708),critical_alarm
159.779,control,normal_flow,0,normal_bag,inf,147.292,150.000,150,1,adjust_flow(delta=2.708),critical_alarm
160.779,control,normal_flow,0,normal_bag,inf,147.292,150.000,150,1,adjust_flow(delta=2.708),critical_alarm
161.779,control,normal_flow,0,normal_bag,inf,147.292,150.000,150,1,adjust_flow(delta=2.708),critical_alarm
162.779,control,normal_flow,0,normal_bag,inf,147.292,150.000,150,1,adjust_flow(delta=2.708),critical_alarm
163.779,control,normal_flow,0,normal_bag,inf,147.292,150.000,150,1,adjust_flow(delta=2.708),critical_alarm
164.779,control,normal_flow,0,normal_bag,inf,147.292,150.000,150,1,adjust_flow(delta=2.708),critical_alarm
165.779,control,normal_flow,0,normal_bag,inf,147.292,150.000,150,1,adjust_flow(delta=2.708),critical_alarm
166.779,control,normal_flow,0,normal_bag,inf,147.292,150.000,150,1,adjust_flow(delta=2.708),critical_alarm
167.779,control,normal_flow,0,normal_bag,inf,153.989,150.000,150,1,adjust_flow(delta=-3.989),critical_alarm
168.779,control,normal_flow,0,normal_bag,inf,153.989,150.000,150,1,adjust_flow(delta=-3.989),critical_alarm
169.779,control,normal_flow,0,normal_bag,inf,152.783,150.000,150,1,adjust_flow(delta=-2.783),critical_alarm
170.779,control,normal_flow,0,normal_bag,inf,152.783,150.000,150,1,adjust_flow(delta=-2.783),critical_alarm
171.779,control,normal_flow,0,normal_bag,inf,152.783,150.000,150,1,adjust_flow(delta=-2.783),critical_alarm
172.779,control,normal_flow,0,normal_bag,inf,152.783,150.000,150,1,adjust_flow(delta=-2.783),critical_alarm
173.779,control,normal_flow,0,normal_bag,inf,150.703,150.000,150,1,adjust_flow(delta=-0.703),critical_alarm
174.779,control,normal_flow,0,normal_bag,inf,150.703,150.000,150,1,adjust_flow(delta=-0.703),critical_alarm
175.779,control,normal_flow,0,normal_bag,inf,150.703,150.000,150,1,adjust_flow(delta=-0.703),critical_alarm
176.779,control,normal_flow,0,normal_bag,inf,150.703,150.000,150,1,adjust_flow(delta=-0.703),critical_alarm
177.779,control,normal_flow,0,normal_bag,inf,150.703,150.000,150,1,adjust_flow(delta=-0.703),critical_alarm
178.779,control,normal_flow,0,normal_bag,inf,150.703,150.000,150,1,adjust_flow(delta=-0.703),critical_alarm
179.779,control,normal_flow,0,normal_bag,inf,150.703,150.000,150,1,adjust_flow(delta=-0.703),critical_alarm
180.779,control,normal_flow,0,normal_bag,inf,150.703,150.000,150,1,adjust_flow(delta=-0.703),critical_alarm
181.779,control,normal_flow,0,normal_bag,inf,149.665,150.000,150,1,adjust_flow(delta=0.335),critical_alarm
182.779,control,normal_flow,0,normal_bag,inf,149.665,150.000,150,1,adjust_flow(delta=0.335),critical_alarm
183.779,control,normal_flow,0,normal_bag,inf,149.665,150.000,150,1,adjust_flow(delta=0.335),critical_alarm
184.779,control,normal_flow,0,normal_bag,inf,149.665,150.000,150,1,adjust_flow(delta=0.335),critical_alarm
185.779,control,normal_flow,0,normal_bag,inf,149.931,150.000,150,1,adjust_flow(delta=0.069),critical_alarm
186.779,control,normal_flow,0,normal_bag,inf,149.931,150.000,150,1,adjust_flow(delta=0.069),critical_alarm
187.779,control,normal_flow,0,normal_bag,inf,149.958,150.000,150,1,adjust_flow(delta=0.042),critical_alarm
188.779,control,normal_flow,0,normal_bag,inf,149.958,150.000,150,1,adjust_flow(delta=0.042),critical_alarm
189.779,control,normal_flow,0,normal_bag,inf,149.958,150.000,150,1,adjust_flow(delta=0.042),critical_alarm
190.779,control,normal_flow,0,normal_bag,inf,149.993,150.000,150,1,adjust_flow(delta=0.007),critical_alarm
191.779,control,normal_flow,0,normal_bag,inf,149.994,150.000,150,1,adjust_flow(delta=0.006),critical_alarm
192.779,control,normal_flow,0,normal_bag,inf,149.994,150.000,150,1,adjust_flow(delta=0.006),critical_alarm
193.779,control,normal_flow,0,normal_bag,inf,149.994,150.000,150,1,adjust_flow(delta=0.006),critical_alarm
194.779,control,normal_flow,0,normal_bag,inf,149.994,150.000,150,1,adjust_flow(delta=0.006),critical_alarm
195.779,control,normal_flow,0,normal_bag,inf,149.994,150.000,150,1,adjust_flow(delta=0.006),critical_alarm
196.779,control,normal_flow,0,normal_bag,inf,149.994,150.000,150,1,adjust_flow(delta=0.006),critical_alarm
197.779,control,normal_flow,0,normal_bag,inf,149.994,150.000,150,1,adjust_flow(delta=0.006),critical_alarm
198.779,control,normal_flow,0,normal_bag,inf,149.994,150.000,150,1,adjust_flow(delta=0.006),critical_alarm
199.779,control,normal_flow,0,normal_bag,inf,149.994,150.000,150,1,adjust_flow(delta=0.006),critical_alarm
200.779,control,normal_flow,0,normal_bag,inf,149.994,150.000,150,1,adjust_flow(delta=0.006),critical_alarm
201.779,control,normal_flow,0,normal_bag,inf,149.994,150.000,150,1,adjust_flow(delta=0.006),critical_alarm
202.779,control,normal_flow,0,normal_bag,inf,149.994,150.000,150,1,adjust_flow(delta=0.006),critical_alarm
203.779,control,normal_flow,0,normal_bag,inf,149.994,150.000,150,1,adjust_flow(delta=0.006),critical_alarm
204.779,control,normal_flow,0,normal_bag,inf,149.994,150.000,150,1,adjust_flow(delta=0.006),critical_alarm
205.779,control,normal_flow,0,normal_bag,inf,149.994,150.000,150,1,adjust_flow(delta=0.006),critical_alarm
206.779,control,normal_flow,0,normal_bag,inf,149.994,150.000,150,1,adjust_flow(delta=0.006),critical_alarm
207.779,control,normal_flow,0,normal_bag,inf,149.994,150.000,150,1,adjust_flow(delta=0.006),critical_alarm
208.779,control,normal_flow,0,normal_bag,inf,149.994,150.000,150,1,adjust_flow(delta=0.006),critical_alarm
209.779,control,normal_flow,0,normal_bag,inf,150.016,150.000,150,1,adjust_flow(delta=-0.016),critical_alarm
210.779,control,normal_flow,0,normal_bag,inf,150.016,150.000,150,1,adjust_flow(delta=-0.016),critical_alarm
211.779,control,normal_flow,0,normal_bag,inf,150.016,150.000,150,1,adjust_flow(delta=-0.016),critical_alarm
212.779,control,normal_flow,0,normal_bag,inf,150.008,150.000,150,1,adjust_flow(delta=-0.008),critical_alarm
213.779,control,normal_flow,0,normal_bag,inf,150.005,150.000,150,1,adjust_flow(delta=-0.005),critical_alarm
214.779,control,normal_flow,0,normal_bag,inf,150.005,150.000,150,1,adjust_flow(delta=-0.005),critical_alarm
215.779,control,normal_flow,0,normal_bag,inf,150.005,150.000,150,1,adjust_flow(delta=-0.005),critical_alarm
216.779,control,normal_flow,0,normal_bag,inf,150.004,150.000,150,1,adjust_flow(delta=-0.004),critical_alarm
217.779,control,normal_flow,0,normal_bag,inf,150.003,150.000,150,1,adjust_flow(delta=-0.003),critical_alarm
218.779,control,normal_flow,0,normal_bag,inf,150.003,150.000,150,1,adjust_flow(delta=-0.003),critical_alarm
219.779,control,normal_flow,0,normal_bag,inf,150.001,150.000,150,1,adjust_flow(delta=-0.001),critical_alarm
220.779,control,normal_flow,0,normal_bag,inf,150.001,150.000,150,1,adjust_flow(delta=-0.001),critical_alarm
221.779,control,normal_flow,0,normal_bag,inf,150.001,150.000,150,1,adjust_flow(delta=-0.001),critical_alarm
222.779,control,normal_flow,0,normal_bag,inf,150.001,150.000,150,1,adjust_flow(delta=-0.001),critical_alarm
223.779,control,normal_flow,0,normal_bag,inf,150.001,150.000,150,1,adjust_flow(delta=-0.001),critical_alarm
224.779,control,normal_flow,0,normal_bag,inf,150.000,150.000,150,1,adjust_flow(delta=-0.000),critical_alarm
225.779,control,normal_flow,0,normal_bag,inf,150.000,150.000,150,1,adjust_flow(delta=-0.000),critical_alarm
226.779,control,normal_flow,0,normal_bag,inf,150.000,150.000,150,1,adjust_flow(delta=-0.000),critical_alarm
227.779,control,normal_flow,0,normal_bag,inf,150.000,150.000,150,1,adjust_flow(delta=-0.000),critical_alarm
228.779,control,normal_flow,0,normal_bag,inf,150.000,150.000,150,1,adjust_flow(delta=-0.000),critical_alarm
229.779,control,normal_flow,0,normal_bag,inf,150.000,150.000,150,1,adjust_flow(delta=-0.000),critical_alarm
230.779,control,normal_flow,0,normal_bag,inf,150.000,150.000,150,1,adjust_flow(delta=-0.000),critical_alarm
231.779,control,normal_flow,0,normal_bag,inf,150.000,150.000,150,1,adjust_flow(delta=-0.000),critical_alarm
232.779,control,normal_flow,0,normal_bag,inf,150.000,150.000,150,1,adjust_flow(delta=0.000),critical_alarm
233.779,control,normal_flow,0,normal_bag,inf,150.000,150.000,150,1,adjust_flow(delta=0.000),critical_alarm
234.779,control,normal_flow,0,normal_bag,inf,150.000,150.000,150,1,adjust_flow(delta=0.000),critical_alarm
235.779,control,normal_flow,0,normal_bag,inf,150.000,150.000,150,1,adjust_flow(delta=0.000),critical_alarm
236.779,control,normal_flow,0,normal_bag,inf,150.000,150.000,150,1,adjust_flow(delta=0.000),critical_alarm
237.779,control,normal_flow,0,normal_bag,inf,150.000,150.000,150,1,adjust_flow(delta=0.000),critical_alarm
238.779,control,normal_flow,0,normal_bag,inf,150.000,150.000,150,1,adjust_flow(delta=-0.000),critical_alarm
239.779,control,normal_flow,0,normal_bag,inf,150.000,150.000,150,1,adjust_flow(delta=-0.000),critical_alarm
240.779,control,normal_flow,0,normal_bag,inf,150.000,150.000,150,1,adjust_flow(delta=-0.000),critical_alarm
241.779,control,normal_flow,0,normal_bag,inf,150.000,150.000,150,1,adjust_flow(delta=-0.000),critical_alarm
242.779,control,normal_flow,0,normal_bag,inf,150.000,150.000,150,1,adjust_flow(delta=-0.000),critical_alarm
243.779,control,normal_flow,0,normal_bag,inf,150.000,150.000,150,1,adjust_flow(delta=-0.000),critical_alarm
244.779,control,normal_flow,0,normal_bag,inf,150.000,150.000,150,1,adjust_flow(delta=-0.000),critical_alarm
245.779,control,normal_flow,0,normal_bag,inf,150.000,150.000,150,1,adjust_flow(delta=-0.000),critical_alarm
246.779,control,normal_flow,0,normal_bag,inf,150.000,150.000,150,1,adjust_flow(delta=0.000),critical_alarm
247.779,control,normal_flow,0,normal_bag,inf,150.000,150.000,150,1,adjust_flow(delta=0.000),critical_alarm
248.779,control,normal_flow,0,normal_bag,inf,150.000,150.000,150,1,adjust_flow(delta=0.000),critical_alarm
249.779,control,normal_flow,0,normal_bag,inf,150.000,150.000,150,1,adjust_flow(delta=0.000),critical_alarm
250.779,control,normal_flow,0,normal_bag,inf,150.000,150.000,150,1,adjust_flow(delta=0.000),critical_alarm
251.779,control,normal_flow,0,normal_bag,inf,150.000,150.000,150,1,adjust_flow(delta=0.000),critical_alarm
252.779,control,normal_flow,0,normal_bag,inf,150.000,150.000,150,1,adjust_flow(delta=0.000),critical_alarm
253.779,control,normal_flow,0,normal_bag,inf,150.000,150.000,150,1,adjust_flow(delta=0.000),critical_alarm
254.779,control,normal_flow,0,normal_bag,inf,150.000,150.000,150,1,adjust_flow(delta=0.000),critical_alarm
255.779,control,normal_flow,0,normal_bag,inf,150.000,150.000,150,1,adjust_flow(delta=0.000),critical_alarm
256.779,control,normal_flow,0,normal_bag,inf,150.000,150.000,150,1,adjust_flow(delta=0.000),critical_alarm
257.779,control,normal_flow,0,normal_bag,inf,150.000,150.000,150,1,adjust_flow(delta=0.000),critical_alarm
258.779,control,normal_flow,0,normal_bag,inf,150.000,150.000,150,1,adjust_flow(delta=0.000),critical_alarm
259.779,control,normal_flow,0,normal_bag,inf,150.000,150.000,150,1,adjust_flow(delta=0.000),critical_alarm
260.779,control,normal_flow,0,normal_bag,inf,150.000,150.000,150,1,adjust_flow(delta=0.000),critical_alarm
261.779,control,normal_flow,0,normal_bag,inf,150.000,150.000,150,1,adjust_flow(delta=0.000),critical_alarm
262.779,control,normal_flow,0,normal_bag,inf,150.000,150.000,150,1,adjust_flow(delta=0.000),critical_alarm
263.779,control,normal_flow,0,normal_bag,inf,150.000,150.000,150,1,adjust_flow(delta=-0.000),critical_alarm
264.779,control,normal_flow,0,normal_bag,inf,150.000,150.000,150,1,adjust_flow(delta=-0.000),critical_alarm
265.779,control,normal_flow,0,normal_bag,inf,150.000,150.000,150,1,adjust_flow(delta=-0.000),critical_alarm
266.779,control,normal_flow,0,normal_bag,inf,150.000,150.000,150,1,adjust_flow(delta=-0.000),critical_alarm
267.779,control,normal_flow,0,normal_bag,inf,150.000,150.000,150,1,adjust_flow(delta=-0.000),critical_alarm
268.779,control,normal_flow,0,normal_bag,inf,150.000,150.000,150,1,adjust_flow(delta=-0.000),critical_alarm
269.779,control,normal_flow,0,normal_bag,inf,150.000,150.000,150,1,adjust_flow(delta=-0.000),critical_alarm
270.779,control,normal_flow,0,normal_bag,inf,150.000,150.000,150,1,adjust_flow(delta=-0.000),critical_alarm
271.779,control,normal_flow,0,normal_bag,inf,150.000,150.000,150,1,adjust_flow(delta=-0.000),critical_alarm
272.779,control,normal_flow,0,normal_bag,inf,150.000,150.000,150,1,adjust_flow(delta=-0.000),critical_alarm
273.779,control,normal_flow,0,normal_bag,inf,150.000,150.000,150,1,adjust_flow(delta=-0.000),critical_alarm
274.779,control,normal_flow,0,normal_bag,inf,150.000,150.000,150,1,adjust_flow(delta=-0.000),critical_alarm
275.779,control,normal_flow,0,normal_bag,inf,150.000,150.000,150,1,adjust_flow(delta=-0.000),critical_alarm
276.779,control,normal_flow,0,normal_bag,inf,150.000,150.000,150,1,adjust_flow(delta=0.000),critical_alarm
277.779,control,normal_flow,0,normal_bag,inf,150.000,150.000,150,1,adjust_flow(delta=0.000),critical_alarm
278.779,control,normal_flow,0,normal_bag,inf,150.000,150.000,150,1,adjust_flow(delta=0.000),critical_alarm
279.779,control,normal_flow,0,normal_bag,inf,150.000,150.000,150,1,adjust_flow(delta=0.000),critical_alarm
280.779,control,normal_flow,0,normal_bag,inf,150.000,150.000,150,1,adjust_flow(delta=0.000),critical_alarm
281.779,control,normal_flow,0,normal_bag,inf,150.000,150.000,150,1,adjust_flow(delta=0.000),critical_alarm
282.779,control,normal_flow,0,normal_bag,inf,150.000,150.000,150,1,adjust_flow(delta=0.000),critical_alarm
283.779,control,normal_flow,0,normal_bag,inf,150.000,150.000,150,1,adjust_flow(delta=-0.000),critical_alarm
284.779,control,normal_flow,0,normal_bag,inf,150.000,150.000,150,1,adjust_flow(delta=-0.000),critical_alarm
285.779,control,normal_flow,0,normal_bag,inf,150.000,150.000,150,1,adjust_flow(delta=-0.000),critical_alarm
286.779,control,normal_flow,0,normal_bag,inf,150.000,150.000,150,1,adjust_flow(delta=-0.000),critical_alarm
287.779,control,normal_flow,0,normal_bag,inf,150.000,150.000,150,1,adjust_flow(delta=-0.000),critical_alarm
288.779,control,normal_flow,0,normal_bag,inf,150.000,150.000,150,1,adjust_flow(delta=-0.000),critical_alarm
289.779,control,normal_flow,0,normal_bag,inf,150.000,150.000,150,1,adjust_flow(delta=-0.000),critical_alarm
290.779,control,normal_flow,0,normal_bag,inf,150.000,150.000,150,1,adjust_flow(delta=-0.000),critical_alarm
291.779,control,normal_flow,0,normal_bag,inf,150.000,150.000,150,1,adjust_flow(delta=-0.000),critical_alarm
292.779,control,normal_flow,0,normal_bag,inf,150.000,150.000,150,1,adjust_flow(delta=-0.000),critical_alarm
293.779,control,normal_flow,0,normal_bag,inf,150.000,150.000,150,1,adjust_flow(delta=-0.000),critical_alarm
294.779,control,normal_flow,0,normal_bag,inf,150.000,150.000,150,1,adjust_flow(delta=-0.000),critical_alarm
295.779,control,normal_flow,0,normal_bag,inf,150.000,150.000,150,1,adjust_flow(delta=-0.000),critical_alarm
296.779,control,normal_flow,0,normal_bag,inf,150.000,150.000,150,1,adjust_flow(delta=-0.000),critical_alarm
297.779,control,normal_flow,0,normal_bag,inf,150.000,150.000,150,1,adjust_flow(delta=0.000),critical_alarm
298.779,control,normal_flow,0,normal_bag,inf,150.000,150.000,150,1,adjust_flow(delta=0.000),critical_alarm
299.779,control,normal_flow,0,normal_bag,inf,150.000,150.000,150,1,adjust_flow(delta=0.000),critical_alarm
300.779,control,normal_flow,0,normal_bag,inf,150.000,150.000,150,1,adjust_flow(delta=0.000),critical_alarm
301.779,control,normal_flow,0,normal_bag,inf,150.000,150.000,150,1,adjust_flow(delta=0.000),critical_alarm
302.779,control,normal_flow,0,normal_bag,inf,150.000,150.000,150,1,adjust_flow(delta=0.000),critical_alarm
303.779,control,normal_flow,0,normal_bag,inf,150.000,150.000,150,1,adjust_flow(delta=0.000),critical_alarm
304.779,control,normal_flow,0,normal_bag,inf,150.000,150.000,150,1,adjust_flow(delta=0.000),critical_alarm
305.779,control,normal_flow,0,normal_bag,inf,150.000,150.000,150,1,adjust_flow(delta=0.000),critical_alarm
306.779,control,normal_flow,0,normal_bag,inf,150.000,150.000,150,1,adjust_flow(delta=0.000),critical_alarm
307.779,control,normal_flow,0,normal_bag,inf,150.000,150.000,150,1,adjust_flow(delta=0.000),critical_alarm
308.779,control,normal_flow,0,normal_bag,inf,150.000,150.000,150,1,adjust_flow(delta=-0.000),critical_alarm
309.779,control,normal_flow,0,normal_bag,inf,150.000,150.000,150,1,adjust_flow(delta=-0.000),critical_alarm
310.779,control,normal_flow,0,normal_bag,inf,150.000,150.000,150,1,adjust_flow(delta=-0.000),critical_alarm
311.779,control,normal_flow,0,normal_bag,inf,150.000,150.000,150,1,adjust_flow(delta=-0.000),critical_alarm
312.779,control,normal_flow,0,normal_bag,inf,150.000,150.000,150,1,adjust_flow(delta=-0.000),critical_alarm
313.779,control,normal_flow,0,normal_bag,inf,150.000,150.000,150,1,adjust_flow(delta=-0.000),critical_alarm
314.779,control,normal_flow,0,normal_bag,inf,150.000,150.000,150,1,adjust_flow(delta=-0.000),critical_alarm
315.779,control,normal_flow,0,normal_bag,inf,150.000,150.000,150,1,adjust_flow(delta=-0.000),critical_alarm
316.779,control,normal_flow,0,normal_bag,inf,150.000,150.000,150,1,adjust_flow(delta=-0.000),critical_alarm
317.779,control,normal_flow,0,normal_bag,inf,150.000,150.000,150,1,adjust_flow(delta=-0.000),critical_alarm
318.779,control,normal_flow,0,normal_bag,inf,150.000,150.000,150,1,adjust_flow(delta=-0.000),critical_alarm
319.779,control,normal_flow,0,normal_bag,inf,150.000,150.000,150,1,adjust_flow(delta=-0.000),critical_alarm
320.779,control,normal_flow,0,normal_bag,inf,150.000,150.000,150,1,adjust_flow(delta=-0.000),critical_alarm
321.779,control,normal_flow,0,normal_bag,inf,150.000,150.000,150,1,adjust_flow(delta=-0.000),critical_alarm
322.779,control,normal_flow,0,normal_bag,inf,150.000,150.000,150,1,adjust_flow(delta=-0.000),critical_alarm
323.779,control,normal_flow,0,normal_bag,inf,150.000,150.000,150,1,adjust_flow(delta=-0.000),critical_alarm
324.779,control,normal_flow,0,normal_bag,inf,150.000,150.000,150,1,adjust_flow(delta=-0.000),critical_alarm
325.779,control,normal_flow,0,normal_bag,inf,150.000,150.000,150,1,adjust_flow(delta=0.000),critical_alarm
326.779,control,normal_flow,0,normal_bag,inf,150.000,150.000,150,1,adjust_flow(delta=0.000),critical_alarm
327.779,control,normal_flow,0,normal_bag,inf,150.000,150.000,150,1,adjust_flow(delta=0.000),critical_alarm
328.779,control,normal_flow,0,normal_bag,inf,150.000,150.000,150,1,adjust_flow(delta=0.000),critical_alarm
329.779,control,normal_flow,0,normal_bag,inf,150.000,150.000,150,1,adjust_flow(delta=0.000),critical_alarm
330.779,control,normal_flow,0,normal_bag,inf,150.000,150.000,150,1,adjust_flow(delta=0.000),critical_alarm
331.779,control,normal_flow,0,normal_bag,inf,150.000,150.000,150,1,adjust_flow(delta=0.000),critical_alarm
332.779,control,normal_flow,0,normal_bag,inf,150.000,150.000,150,1,adjust_flow(delta=0.000),critical_alarm
333.779,control,normal_flow,0,normal_bag,inf,150.000,150.000,150,1,adjust_flow(delta=0.000),critical_alarm
334.779,control,normal_flow,0,normal_bag,inf,150.000,150.000,150,1,adjust_flow(delta=0.000),critical_alarm
335.779,control,normal_flow,0,normal_bag,inf,150.000,150.000,150,1,adjust_flow(delta=0.000),critical_alarm
336.779,control,normal_flow,0,normal_bag,inf,150.000,150.000,150,1,adjust_flow(delta=-0.000),critical_alarm
337.779,control,normal_flow,0,normal_bag,inf,150.000,150.000,150,1,adjust_flow(delta=-0.000),critical_alarm
338.779,control,normal_flow,0,normal_bag,inf,150.000,150.000,150,1,adjust_flow(delta=-0.000),critical_alarm
339.779,control,normal_flow,0,normal_bag,inf,150.000,150.000,150,1,adjust_flow(delta=-0.000),critical_alarm
340.779,control,normal_flow,0,normal_bag,inf,150.000,150.000,150,1,adjust_flow(delta=-0.000),critical_alarm
341.779,control,normal_flow,0,normal_bag,inf,150.000,150.000,150,1,adjust_flow(delta=-0.000),critical_alarm
342.779,control,normal_flow,0,normal_bag,inf,150.000,150.000,150,1,adjust_flow(delta=-0.000),critical_alarm
343.779,control,normal_flow,0,normal_bag,inf,150.000,150.000,150,1,adjust_flow(delta=0.000),critical_alarm
344.779,control,normal_flow,0,normal_bag,inf,150.000,150.000,150,1,adjust_flow(delta=0.000),critical_alarm
345.779,control,normal_flow,0,normal_bag,inf,150.000,150.000,150,1,adjust_flow(delta=0.000),critical_alarm
346.779,control,normal_flow,0,normal_bag,inf,150.000,150.000,150,1,adjust_flow(delta=0.000),critical_alarm
347.779,control,normal_flow,0,normal_bag,inf,150.000,150.000,150,1,adjust_flow(delta=0.000),critical_alarm
348.779,control,normal_flow,0,normal_bag,inf,150.000,150.000,150,1,adjust_flow(delta=0.000),critical_alarm
349.779,control,normal_flow,0,normal_bag,inf,150.000,150.000,150,1,adjust_flow(delta=0.000),critical_alarm
350.779,control,normal_flow,0,normal_bag,inf,150.000,150.000,150,1,adjust_flow(delta=0.000),critical_alarm
351.779,control,normal_flow,0,normal_bag,inf,150.000,150.000,150,1,adjust_flow(delta=0.000),critical_alarm
352.779,control,normal_flow,0,normal_bag,inf,150.000,150.000,150,1,adjust_flow(delta=0.000),critical_alarm
353.779,control,normal_flow,0,normal_bag,inf,150.000,150.000,150,1,adjust_flow(delta=0.000),critical_alarm
354.779,control,normal_flow,0,normal_bag,inf,150.000,150.000,150,1,adjust_flow(delta=0.000),critical_alarm
355.779,control,normal_flow,0,normal_bag,inf,150.000,150.000,150,1,adjust_flow(delta=0.000),critical_alarm
356.779,control,normal_flow,0,normal_bag,inf,150.000,150.000,150,1,adjust_flow(delta=0.000),critical_alarm
357.779,control,normal_flow,0,normal_bag,inf,150.000,150.000,150,1,adjust_flow(delta=0.000),critical_alarm
358.779,control,normal_flow,0,normal_bag,inf,150.000,150.000,150,1,adjust_flow(delta=0.000),critical_alarm
359.779,control,normal_flow,0,normal_bag,inf,150.000,150.000,150,1,adjust_flow(delta=0.000),critical_alarm
360.779,control,normal_flow,0,normal_bag,inf,150.000,150.000,150,1,adjust_flow(delta=0.000),critical_alarm
361.779,control,normal_flow,0,normal_bag,inf,150.000,150.000,150,1,adjust_flow(delta=0.000),critical_alarm
362.779,control,normal_flow,0,normal_bag,inf,150.000,150.000,150,1,adjust_flow(delta=0.000),critical_alarm
363.779,control,normal_flow,0,normal_bag,inf,150.000,150.000,150,1,adjust_flow(delta=0.000),critical_alarm
364.779,control,normal_flow,0,normal_bag,inf,150.000,150.000,150,1,adjust_flow(delta=0.000),critical_alarm
365.779,control,normal_flow,0,normal_bag,inf,150.000,150.000,150,1,adjust_flow(delta=0.000),critical_alarm
366.779,control,normal_flow,0,normal_bag,inf,150.000,150.000,150,1,adjust_flow(delta=0.000),critical_alarm
367.779,control,normal_flow,0,normal_bag,inf,150.000,150.000,150,1,adjust_flow(delta=0.000),critical_alarm
368.779,control,normal_flow,0,normal_bag,inf,150.000,150.000,150,1,adjust_flow(delta=0.000),critical_alarm
369.779,control,normal_flow,0,normal_bag,inf,150.000,150.000,150,1,adjust_flow(delta=0.000),critical_alarm
370.779,control,normal_flow,0,normal_bag,inf,150.000,150.000,150,1,adjust_flow(delta=0.000),critical_alarm
371.779,control,normal_flow,0,normal_bag,inf,150.000,150.000,150,1,adjust_flow(delta=0.000),critical_alarm
372.779,control,normal_flow,0,normal_bag,inf,150.000,150.000,150,1,adjust_flow(delta=0.000),critical_alarm
373.779,control,normal_flow,0,normal_bag,inf,150.000,150.000,150,1,adjust_flow(delta=0.000),critical_alarm
374.779,control,normal_flow,0,normal_bag,inf,150.000,150.000,150,1,adjust_flow(delta=0.000),critical_alarm
375.779,control,normal_flow,0,normal_bag,inf,150.000,150.000,150,1,adjust_flow(delta=0.000),critical_alarm
376.779,control,normal_flow,0,normal_bag,inf,150.000,150.000,150,1,adjust_flow(delta=0.000),critical_alarm
377.779,control,normal_flow,0,normal_bag,inf,150.000,150.000,150,1,adjust_flow(delta=0.000),critical_alarm
378.779,control,normal_flow,0,normal_bag,inf,150.000,150.000,150,1,adjust_flow(delta=0.000),critical_alarm
379.779,control,normal_flow,0,normal_bag,inf,150.000,150.000,150,1,adjust_flow(delta=0.000),critical_alarm
380.779,control,normal_flow,0,normal_bag,inf,150.000,150.000,150,1,adjust_flow(delta=0.000),critical_alarm
381.779,control,normal_flow,0,normal_bag,inf,150.000,150.000,150,1,adjust_flow(delta=0.000),critical_alarm
382.779,control,normal_flow,0,normal_bag,inf,150.000,150.000,150,1,adjust_flow(delta=0.000),critical_alarm
383.779,control,normal_flow,0,normal_bag,inf,150.000,150.000,150,1,adjust_flow(delta=0.000),critical_alarm
384.779,control,normal_flow,0,normal_bag,inf,150.000,150.000,150,1,adjust_flow(delta=0.000),critical_alarm
385.779,control,normal_flow,0,normal_bag,inf,150.000,150.000,150,1,adjust_flow(delta=0.000),critical_alarm
386.779,control,normal_flow,0,normal_bag,inf,150.000,150.000,150,1,adjust_flow(delta=0.000),critical_alarm
387.779,control,normal_flow,0,normal_bag,inf,150.000,150.000,150,1,adjust_flow(delta=0.000),critical_alarm
388.779,control,normal_flow,0,normal_bag,inf,150.000,150.000,150,1,adjust_flow(delta=0.000),critical_alarm
389.779,control,normal_flow,0,normal_bag,inf,150.000,150.000,150,1,adjust_flow(delta=0.000),critical_alarm
390.779,control,normal_flow,0,normal_bag,inf,150.000,150.000,150,1,adjust_flow(delta=0.000),critical_alarm
391.779,control,normal_flow,0,normal_bag,inf,150.000,150.000,150,1,adjust_flow(delta=0.000),critical_alarm
392.779,control,normal_flow,0,normal_bag,inf,150.000,150.000,150,1,adjust_flow(delta=0.000),critical_alarm
393.779,control,normal_flow,0,normal_bag,inf,150.000,150.000,150,1,adjust_flow(delta=0.000),critical_alarm
394.779,control,normal_flow,0,normal_bag,inf,150.000,150.000,150,1,adjust_flow(delta=0.000),critical_alarm
395.779,control,normal_flow,0,normal_bag,inf,150.000,150.000,150,1,adjust_flow(delta=0.000),critical_alarm
396.779,control,normal_flow,0,normal_bag,inf,150.000,150.000,150,1,adjust_flow(delta=0.000),critical_alarm
397.779,control,normal_flow,0,normal_bag,inf,150.000,150.000,150,1,adjust_flow(delta=0.000),critical_alarm
398.779,control,normal_flow,0,normal_bag,inf,150.000,150.000,150,1,adjust_flow(delta=0.000),critical_alarm
399.779,control,normal_flow,0,normal_bag,inf,150.000,150.000,150,1,adjust_flow(delta=0.000),critical_alarm
400.779,control,normal_flow,0,normal_bag,inf,150.000,150.000,150,1,adjust_flow(delta=0.000),critical_alarm
401.779,control,normal_flow,0,normal_bag,inf,150.000,150.000,150,1,adjust_flow(delta=0.000),critical_alarm
402.779,control,normal_flow,0,normal_bag,inf,150.000,150.000,150,1,adjust_flow(delta=0.000),critical_alarm
403.779,control,normal_flow,0,normal_bag,inf,150.000,150.000,150,1,adjust_flow(delta=0.000),critical_alarm
404.779,control,normal_flow,0,normal_bag,inf,150.000,150.000,150,1,adjust_flow(delta=0.000),critical_alarm
405.779,control,normal_flow,0,normal_bag,inf,150.000,150.000,150,1,adjust_flow(delta=0.000),critical_alarm
406.779,control,normal_flow,0,normal_bag,inf,150.000,150.000,150,1,adjust_flow(delta=0.000),critical_alarm
407.779,control,normal_flow,0,normal_bag,inf,150.000,150.000,150,1,adjust_flow(delta=0.000),critical_alarm
408.779,control,normal_flow,0,normal_bag,inf,150.000,150.000,150,1,adjust_flow(delta=0.000),critical_alarm
409.779,control,normal_flow,0,normal_bag,inf,150.000,150.000,150,1,adjust_flow(delta=0.000),critical_alarm
410.779,control,normal_flow,0,normal_bag,inf,150.000,150.000,150,1,adjust_flow(delta=0.000),critical_alarm
411.779,control,normal_flow,0,normal_bag,inf,150.000,150.000,150,1,adjust_flow(delta=0.000),critical_alarm
412.779,control,normal_flow,0,normal_bag,inf,150.000,150.000,150,1,adjust_flow(delta=0.000),critical_alarm
413.779,control,normal_flow,0,normal_bag,inf,150.000,150.000,150,1,adjust_flow(delta=0.000),critical_alarm
414.779,control,normal_flow,0,normal_bag,inf,150.000,150.000,150,1,adjust_flow(delta=0.000),critical_alarm
415.779,control,normal_flow,0,normal_bag,inf,150.000,150.000,150,1,adjust_flow(delta=0.000),critical_alarm
416.779,control,normal_flow,0,normal_bag,inf,150.000,150.000,150,1,adjust_flow(delta=0.000),critical_alarm
417.779,control,normal_flow,0,normal_bag,inf,150.000,150.000,150,1,adjust_flow(delta=0.000),critical_alarm
418.779,control,normal_flow,0,normal_bag,inf,150.000,150.000,150,1,adjust_flow(delta=0.000),critical_alarm
419.779,control,normal_flow,0,normal_bag,inf,150.000,150.000,150,1,adjust_flow(delta=0.000),critical_alarm
420.779,control,normal_flow,0,normal_bag,inf,150.000,150.000,150,1,adjust_flow(delta=0.000),critical_alarm
421.779,control,normal_flow,0,normal_bag,inf,150.000,150.000,150,1,adjust_flow(delta=0.000),critical_alarm
422.779,control,normal_flow,0,normal_bag,inf,150.000,150.000,150,1,adjust_flow(delta=0.000),critical_alarm
423.779,control,normal_flow,0,normal_bag,inf,150.000,150.000,150,1,adjust_flow(delta=0.000),critical_alarm
424.779,control,normal_flow,0,normal_bag,inf,150.000,150.000,150,1,adjust_flow(delta=0.000),critical_alarm
425.779,control,normal_flow,0,normal_bag,inf,150.000,150.000,150,1,adjust_flow(delta=0.000),critical_alarm
426.779,control,normal_flow,0,normal_bag,inf,150.000,150.000,150,1,adjust_flow(delta=0.000),critical_alarm
427.779,control,normal_flow,0,normal_bag,inf,150.000,150.000,150,1,adjust_flow(delta=0.000),critical_alarm
428.779,control,normal_flow,0,normal_bag,inf,150.000,150.000,150,1,adjust_flow(delta=0.000),critical_alarm
429.779,control,normal_flow,0,normal_bag,inf,150.000,150.000,150,1,adjust_flow(delta=0.000),critical_alarm
430.779,control,normal_flow,0,normal_bag,inf,150.000,150.000,150,1,adjust_flow(delta=0.000),critical_alarm
431.779,control,normal_flow,0,normal_bag,inf,150.000,150.000,150,1,adjust_flow(delta=0.000),critical_alarm
432.779,control,normal_flow,0,normal_bag,inf,150.000,150.000,150,1,adjust_flow(delta=0.000),critical_alarm
433.779,control,normal_flow,0,normal_bag,inf,150.000,150.000,150,1,adjust_flow(delta=0.000),critical_alarm
434.779,control,normal_flow,0,normal_bag,inf,150.000,150.000,150,1,adjust_flow(delta=0.000),critical_alarm
435.779,control,normal_flow,0,normal_bag,inf,150.000,150.000,150,1,adjust_flow(delta=0.000),critical_alarm
436.779,control,normal_flow,0,normal_bag,inf,150.000,150.000,150,1,adjust_flow(delta=0.000),critical_alarm
437.779,control,normal_flow,0,normal_bag,inf,150.000,150.000,150,1,adjust_flow(delta=0.000),critical_alarm
438.779,control,normal_flow,0,normal_bag,inf,150.000,150.000,150,1,adjust_flow(delta=0.000),critical_alarm
439.779,control,normal_flow,0,normal_bag,inf,150.000,150.000,150,1,adjust_flow(delta=0.000),critical_alarm
440.779,control,normal_flow,0,normal_bag,inf,150.000,150.000,150,1,adjust_flow(delta=0.000),critical_alarm
441.779,control,normal_flow,0,normal_bag,inf,150.000,150.000,150,1,adjust_flow(delta=0.000),critical_alarm
442.779,control,normal_flow,0,normal_bag,inf,150.000,150.000,150,1,adjust_flow(delta=0.000),critical_alarm
443.779,control,normal_flow,0,normal_bag,inf,150.000,150.000,150,1,adjust_flow(delta=0.000),critical_alarm
444.779,control,normal_flow,0,normal_bag,inf,150.000,150.000,150,1,adjust_flow(delta=0.000),critical_alarm
445.779,control,normal_flow,0,normal_bag,inf,150.000,150.000,150,1,adjust_flow(delta=0.000),critical_alarm
446.779,control,normal_flow,0,normal_bag,inf,150.000,150.000,150,1,adjust_flow(delta=0.000),critical_alarm
447.779,control,normal_flow,0,normal_bag,inf,150.000,150.000,150,1,adjust_flow(delta=0.000),critical_alarm
448.779,control,normal_flow,0,normal_bag,inf,150.000,150.000,150,1,adjust_flow(delta=0.000),critical_alarm
449.779,control,normal_flow,0,normal_bag,inf,150.000,150.000,150,1,adjust_flow(delta=0.000),critical_alarm
450.779,control,normal_flow,0,normal_bag,inf,150.000,150.000,150,1,adjust_flow(delta=0.000),critical_alarm
451.779,control,normal_flow,0,normal_bag,inf,150.000,150.000,150,1,adjust_flow(delta=0.000),critical_alarm
452.779,control,normal_flow,0,normal_bag,inf,150.000,150.000,150,1,adjust_flow(delta=0.000),critical_alarm
453.779,control,normal_flow,0,normal_bag,inf,150.000,150.000,150,1,adjust_flow(delta=0.000),critical_alarm
454.779,control,normal_flow,0,normal_bag,inf,150.000,150.000,150,1,adjust_flow(delta=0.000),critical_alarm
455.779,control,normal_flow,0,normal_bag,inf,150.000,150.000,150,1,adjust_flow(delta=0.000),critical_alarm
456.779,control,normal_flow,0,normal_bag,inf,150.000,150.000,150,1,adjust_flow(delta=0.000),critical_alarm
457.779,control,normal_flow,0,normal_bag,inf,150.000,150.000,150,1,adjust_flow(delta=0.000),critical_alarm
458.779,control,normal_flow,0,normal_bag,inf,150.000,150.000,150,1,adjust_flow(delta=0.000),critical_alarm
459.779,control,normal_flow,0,normal_bag,inf,150.000,150.000,150,1,adjust_flow(delta=0.000),critical_alarm
460.779,control,normal_flow,0,normal_bag,inf,150.000,150.000,150,1,adjust_flow(delta=0.000),critical_alarm
461.779,control,normal_flow,0,normal_bag,inf,150.000,150.000,150,1,adjust_flow(delta=0.000),critical_alarm
462.779,control,normal_flow,0,normal_bag,inf,150.000,150.000,150,1,adjust_flow(delta=0.000),critical_alarm
463.779,control,normal_flow,0,normal_bag,inf,150.000,150.000,150,1,adjust_flow(delta=0.000),critical_alarm
464.779,control,normal_flow,0,normal_bag,inf,150.000,150.000,150,1,adjust_flow(delta=0.000),critical_alarm
465.779,control,normal_flow,0,normal_bag,inf,150.000,150.000,150,1,adjust_flow(delta=0.000),critical_alarm
466.779,control,normal_flow,0,normal_bag,inf,150.000,150.000,150,1,adjust_flow(delta=0.000),critical_alarm
467.779,control,normal_flow,0,normal_bag,inf,150.000,150.000,150,1,adjust_flow(delta=0.000),critical_alarm
468.779,control,normal_flow,0,normal_bag,inf,150.000,150.000,150,1,adjust_flow(delta=0.000),critical_alarm
469.779,control,normal_flow,0,normal_bag,inf,150.000,150.000,150,1,adjust_flow(delta=0.000),critical_alarm
470.779,control,normal_flow,0,normal_bag,inf,150.000,150.000,150,1,adjust_flow(delta=0.000),critical_alarm
471.779,control,normal_flow,0,normal_bag,inf,150.000,150.000,150,1,adjust_flow(delta=0.000),critical_alarm
472.779,control,normal_flow,0,normal_bag,inf,150.000,150.000,150,1,adjust_flow(delta=0.000),critical_alarm
473.779,control,normal_flow,0,normal_bag,inf,150.000,150.000,150,1,adjust_flow(delta=0.000),critical_alarm
474.779,control,normal_flow,0,normal_bag,inf,150.000,150.000,150,1,adjust_flow(delta=0.000),critical_alarm
475.779,control,normal_flow,0,normal_bag,inf,150.000,150.000,150,1,adjust_flow(delta=0.000),critical_alarm
476.779,control,normal_flow,0,normal_bag,inf,150.000,150.000,150,1,adjust_flow(delta=0.000),critical_alarm
477.779,control,normal_flow,0,normal_bag,inf,150.000,150.000,150,1,adjust_flow(delta=0.000),critical_alarm
478.779,control,normal_flow,0,normal_bag,inf,150.000,150.000,150,1,adjust_flow(delta=0.000),critical_alarm
479.779,control,normal_flow,0,normal_bag,inf,150.000,150.000,150,1,adjust_flow(delta=0.000),critical_alarm
480.779,control,normal_flow,0,normal_bag,inf,150.000,150.000,150,1,adjust_flow(delta=0.000),critical_alarm
481.779,control,normal_flow,0,normal_bag,inf,150.000,150.000,150,1,adjust_flow(delta=0.000),critical_alarm
482.779,control,normal_flow,0,normal_bag,inf,150.000,150.000,150,1,adjust_flow(delta=0.000),critical_alarm
483.779,control,normal_flow,0,normal_bag,inf,150.000,150.000,150,1,adjust_flow(delta=0.000),critical_alarm
484.779,control,normal_flow,0,normal_bag,inf,150.000,150.000,150,1,adjust_flow(delta=0.000),critical_alarm
485.779,control,normal_flow,0,normal_bag,inf,150.000,150.000,150,1,adjust_flow(delta=0.000),critical_alarm
486.779,control,normal_flow,0,normal_bag,inf,150.000,150.000,150,1,adjust_flow(delta=0.000),critical_alarm
487.779,control,normal_flow,0,normal_bag,inf,150.000,150.000,150,1,adjust_flow(delta=0.000),critical_alarm
488.779,control,normal_flow,0,normal_bag,inf,150.000,150.000,150,1,adjust_flow(delta=0.000),critical_alarm
489.779,control,normal_flow,0,normal_bag,inf,150.000,150.000,150,1,adjust_flow(delta=0.000),critical_alarm
490.779,control,normal_flow,0,normal_bag,inf,150.000,150.000,150,1,adjust_flow(delta=0.000),critical_alarm
491.779,control,normal_flow,0,normal_bag,inf,150.000,150.000,150,1,adjust_flow(delta=0.000),critical_alarm
492.779,control,normal_flow,0,normal_bag,inf,150.000,150.000,150,1,adjust_flow(delta=0.000),critical_alarm
493.779,control,normal_flow,0,normal_bag,inf,150.000,150.000,150,1,adjust_flow(delta=0.000),critical_alarm
494.779,control,normal_flow,0,normal_bag,inf,150.000,150.000,150,1,adjust_flow(delta=0.000),critical_alarm
495.779,control,normal_flow,0,normal_bag,inf,150.000,150.000,150,1,adjust_flow(delta=0.000),critical_alarm
496.779,control,normal_flow,0,normal_bag,inf,150.000,150.000,150,1,adjust_flow(delta=0.000),critical_alarm
497.779,control,normal_flow,0,normal_bag,inf,150.000,150.000,150,1,adjust_flow(delta=0.000),critical_alarm
498.779,control,normal_flow,0,normal_bag,inf,150.000,150.000,150,1,adjust_flow(delta=0.000),critical_alarm
499.779,control,normal_flow,0,normal_bag,inf,150.000,150.000,150,1,adjust_flow(delta=0.000),critical_alarm
500.779,control,normal_flow,0,normal_bag,inf,150.000,150.000,150,1,adjust_flow(delta=0.000),critical_alarm
501.779,control,normal_flow,0,normal_bag,inf,150.000,150.000,150,1,adjust_flow(delta=0.000),critical_alarm
502.779,control,normal_flow,0,normal_bag,inf,150.000,150.000,150,1,adjust_flow(delta=0.000),critical_alarm
503.779,control,normal_flow,0,normal_bag,inf,150.000,150.000,150,1,adjust_flow(delta=0.000),critical_alarm
504.779,control,normal_flow,0,normal_bag,inf,150.000,150.000,150,1,adjust_flow(delta=0.000),critical_alarm
505.779,control,normal_flow,0,normal_bag,inf,150.000,150.000,150,1,adjust_flow(delta=0.000),critical_alarm
506.779,control,normal_flow,0,normal_bag,inf,150.000,150.000,150,1,adjust_flow(delta=0.000),critical_alarm
507.779,control,normal_flow,0,normal_bag,inf,150.000,150.000,150,1,adjust_flow(delta=0.000),critical_alarm
508.779,control,normal_flow,0,normal_bag,inf,150.000,150.000,150,1,adjust_flow(delta=0.000),critical_alarm
509.779,control,normal_flow,0,normal_bag,inf,150.000,150.000,150,1,adjust_flow(delta=0.000),critical_alarm
510.779,control,normal_flow,0,normal_bag,inf,150.000,150.000,150,1,adjust_flow(delta=0.000),critical_alarm
511.779,control,normal_flow,0,normal_bag,inf,150.000,150.000,150,1,adjust_flow(delta=0.000),critical_alarm
512.779,control,normal_flow,0,normal_bag,inf,150.000,150.000,150,1,adjust_flow(delta=0.000),critical_alarm
513.779,control,normal_flow,0,normal_bag,inf,150.000,150.000,150,1,adjust_flow(delta=0.000),critical_alarm
514.779,control,normal_flow,0,normal_bag,inf,150.000,150.000,150,1,adjust_flow(delta=0.000),critical_alarm
515.779,control,normal_flow,0,normal_bag,inf,150.000,150.000,150,1,adjust_flow(delta=0.000),critical_alarm
516.779,control,normal_flow,0,normal_bag,inf,150.000,150.000,150,1,adjust_flow(delta=0.000),critical_alarm
517.779,control,normal_flow,0,normal_bag,inf,150.000,150.000,150,1,adjust_flow(delta=0.000),critical_alarm
518.779,control,normal_flow,0,normal_bag,inf,150.000,150.000,150,1,adjust_flow(delta=0.000),critical_alarm
519.779,control,normal_flow,0,normal_bag,inf,150.000,150.000,150,1,adjust_flow(delta=0.000),critical_alarm
520.779,control,normal_flow,0,normal_bag,inf,150.000,150.000,150,1,adjust_flow(delta=0.000),critical_alarm
521.779,control,normal_flow,0,normal_bag,inf,150.000,150.000,150,1,adjust_flow(delta=0.000),critical_alarm
522.779,control,normal_flow,0,normal_bag,inf,150.000,150.000,150,1,adjust_flow(delta=0.000),critical_alarm
523.779,control,normal_flow,0,normal_bag,inf,150.000,150.000,150,1,adjust_flow(delta=0.000),critical_alarm
524.779,control,normal_flow,0,normal_bag,inf,150.000,150.000,150,1,adjust_flow(delta=0.000),critical_alarm
525.779,control,normal_flow,0,normal_bag,inf,150.000,150.000,150,1,adjust_flow(delta=0.000),critical_alarm
526.779,control,normal_flow,0,normal_bag,inf,150.000,150.000,150,1,adjust_flow(delta=0.000),critical_alarm
527.779,control,normal_flow,0,normal_bag,inf,150.000,150.000,150,1,adjust_flow(delta=0.000),critical_alarm
528.779,control,normal_flow,0,normal_bag,inf,150.000,150.000,150,1,adjust_flow(delta=0.000),critical_alarm
529.779,control,normal_flow,0,normal_bag,inf,150.000,150.000,150,1,adjust_flow(delta=0.000),critical_alarm
530.779,control,normal_flow,0,normal_bag,inf,150.000,150.000,150,1,adjust_flow(delta=0.000),critical_alarm
531.779,control,normal_flow,0,normal_bag,inf,150.000,150.000,150,1,adjust_flow(delta=0.000),critical_alarm
532.779,control,normal_flow,0,normal_bag,inf,150.000,150.000,150,1,adjust_flow(delta=0.000),critical_alarm
533.779,control,normal_flow,0,normal_bag,inf,150.000,150.000,150,1,adjust_flow(delta=0.000),critical_alarm
534.779,control,normal_flow,0,normal_bag,inf,150.000,150.000,150,1,adjust_flow(delta=0.000),critical_alarm
535.779,control,normal_flow,0,normal_bag,inf,150.000,150.000,150,1,adjust_flow(delta=0.000),critical_alarm
536.779,control,normal_flow,0,normal_bag,inf,150.000,150.000,150,1,adjust_flow(delta=0.000),critical_alarm
537.779,control,normal_flow,0,normal_bag,inf,150.000,150.000,150,1,adjust_flow(delta=0.000),critical_alarm
538.779,control,normal_flow,0,normal_bag,inf,150.000,150.000,150,1,adjust_flow(delta=0.000),critical_alarm
539.779,control,normal_flow,0,normal_bag,inf,150.000,150.000,150,1,adjust_flow(delta=0.000),critical_alarm
540.779,control,normal_flow,0,normal_bag,inf,150.000,150.000,150,1,adjust_flow(delta=0.000),critical_alarm
541.779,control,normal_flow,0,normal_bag,inf,150.000,150.000,150,1,adjust_flow(delta=0.000),critical_alarm
542.779,control,normal_flow,0,normal_bag,inf,150.000,150.000,150,1,adjust_flow(delta=0.000),critical_alarm
543.779,control,normal_flow,0,normal_bag,inf,150.000,150.000,150,1,adjust_flow(delta=0.000),critical_alarm
544.779,control,normal_flow,0,normal_bag,inf,150.000,150.000,150,1,adjust_flow(delta=0.000),critical_alarm
545.779,control,normal_flow,0,normal_bag,inf,150.000,150.000,150,1,adjust_flow(delta=0.000),critical_alarm
546.779,control,normal_flow,0,normal_bag,inf,150.000,150.000,150,1,adjust_flow(delta=0.000),critical_alarm
547.779,control,normal_flow,0,normal_bag,inf,150.000,150.000,150,1,adjust_flow(delta=0.000),critical_alarm
548.779,control,normal_flow,0,normal_bag,inf,150.000,150.000,150,1,adjust_flow(delta=0.000),critical_alarm
549.779,control,normal_flow,0,normal_bag,inf,150.000,150.000,150,1,adjust_flow(delta=0.000),critical_alarm
550.779,control,normal_flow,0,normal_bag,inf,150.000,150.000,150,1,adjust_flow(delta=0.000),critical_alarm
551.779,control,normal_flow,0,normal_bag,inf,150.000,150.000,150,1,adjust_flow(delta=0.000),critical_alarm
552.779,control,normal_flow,0,normal_bag,inf,150.000,150.000,150,1,adjust_flow(delta=0.000),critical_alarm
553.779,control,normal_flow,0,normal_bag,inf,150.000,150.000,150,1,adjust_flow(delta=0.000),critical_alarm
554.779,control,normal_flow,0,normal_bag,inf,150.000,150.000,150,1,adjust_flow(delta=0.000),critical_alarm
555.779,control,normal_flow,0,normal_bag,inf,150.000,150.000,150,1,adjust_flow(delta=0.000),critical_alarm
556.779,control,normal_flow,0,normal_bag,inf,150.000,150.000,150,1,adjust_flow(delta=0.000),critical_alarm
557.779,control,normal_flow,0,normal_bag,inf,150.000,150.000,150,1,adjust_flow(delta=0.000),critical_alarm
558.779,control,normal_flow,0,normal_bag,inf,150.000,150.000,150,1,adjust_flow(delta=0.000),critical_alarm
559.779,control,normal_flow,0,normal_bag,inf,150.000,150.000,150,1,adjust_flow(delta=0.000),critical_alarm
560.779,control,normal_flow,0,normal_bag,inf,150.000,150.000,150,1,adjust_flow(delta=0.000),critical_alarm
561.779,control,normal_flow,0,normal_bag,inf,150.000,150.000,150,1,adjust_flow(delta=0.000),critical_alarm
562.779,control,normal_flow,0,normal_bag,inf,150.000,150.000,150,1,adjust_flow(delta=0.000),critical_alarm
563.779,control,normal_flow,0,normal_bag,inf,150.000,150.000,150,1,adjust_flow(delta=0.000),critical_alarm
564.779,control,normal_flow,0,normal_bag,inf,150.000,150.000,150,1,adjust_flow(delta=0.000),critical_alarm
565.779,control,normal_flow,0,normal_bag,inf,150.000,150.000,150,1,adjust_flow(delta=0.000),critical_alarm
566.779,control,normal_flow,0,normal_bag,inf,150.000,150.000,150,1,adjust_flow(delta=0.000),critical_alarm
567.779,control,normal_flow,0,normal_bag,inf,150.000,150.000,150,1,adjust_flow(delta=0.000),critical_alarm
568.779,control,normal_flow,0,normal_bag,inf,150.000,150.000,150,1,adjust_flow(delta=0.000),critical_alarm
569.779,control,normal_flow,0,normal_bag,inf,150.000,150.000,150,1,adjust_flow(delta=0.000),critical_alarm
570.779,control,normal_flow,0,normal_bag,inf,150.000,150.000,150,1,adjust_flow(delta=0.000),critical_alarm
571.779,control,normal_flow,0,normal_bag,inf,150.000,150.000,150,1,adjust_flow(delta=0.000),critical_alarm
572.779,control,normal_flow,0,normal_bag,inf,150.000,150.000,150,1,adjust_flow(delta=0.000),critical_alarm
573.779,control,normal_flow,0,normal_bag,inf,150.000,150.000,150,1,adjust_flow(delta=0.000),critical_alarm
574.779,control,normal_flow,0,normal_bag,inf,150.000,150.000,150,1,adjust_flow(delta=0.000),critical_alarm
575.779,control,normal_flow,0,normal_bag,inf,150.000,150.000,150,1,adjust_flow(delta=0.000),critical_alarm
576.779,control,normal_flow,0,normal_bag,inf,150.000,150.000,150,1,adjust_flow(delta=0.000),critical_alarm
577.779,control,normal_flow,0,normal_bag,inf,150.000,150.000,150,1,adjust_flow(delta=0.000),critical_alarm
578.779,control,normal_flow,0,normal_bag,inf,150.000,150.000,150,1,adjust_flow(delta=0.000),critical_alarm
579.779,control,normal_flow,0,normal_bag,inf,150.000,150.000,150,1,adjust_flow(delta=0.000),critical_alarm
580.779,control,normal_flow,0,normal_bag,inf,150.000,150.000,150,1,adjust_flow(delta=0.000),critical_alarm
581.779,control,normal_flow,0,normal_bag,inf,150.000,150.000,150,1,adjust_flow(delta=0.000),critical_alarm
582.779,control,normal_flow,0,normal_bag,inf,150.000,150.000,150,1,adjust_flow(delta=0.000),critical_alarm
583.779,control,normal_flow,0,normal_bag,inf,150.000,150.000,150,1,adjust_flow(delta=0.000),critical_alarm
584.779,control,normal_flow,0,normal_bag,inf,150.000,150.000,150,1,adjust_flow(delta=0.000),critical_alarm
585.779,control,normal_flow,0,normal_bag,inf,150.000,150.000,150,1,adjust_flow(delta=0.000),critical_alarm
586.779,control,normal_flow,0,normal_bag,inf,150.000,150.000,150,1,adjust_flow(delta=0.000),critical_alarm
587.779,control,normal_flow,0,normal_bag,inf,150.000,150.000,150,1,adjust_flow(delta=0.000),critical_alarm
588.779,control,normal_flow,0,normal_bag,inf,150.000,150.000,150,1,adjust_flow(delta=0.000),critical_alarm
589.779,control,normal_flow,0,normal_bag,inf,150.000,150.000,150,1,adjust_flow(delta=0.000),critical_alarm
590.779,control,normal_flow,0,normal_bag,inf,150.000,150.000,150,1,adjust_flow(delta=0.000),critical_alarm
591.779,control,normal_flow,0,normal_bag,inf,150.000,150.000,150,1,adjust_flow(delta=0.000),critical_alarm
592.779,control,normal_flow,0,normal_bag,inf,150.000,150.000,150,1,adjust_flow(delta=0.000),critical_alarm
593.779,control,normal_flow,0,normal_bag,inf,150.000,150.000,150,1,adjust_flow(delta=0.000),critical_alarm
594.779,control,normal_flow,0,normal_bag,inf,150.000,150.000,150,1,adjust_flow(delta=0.000),critical_alarm
595.779,control,normal_flow,0,normal_bag,inf,150.000,150.000,150,1,adjust_flow(delta=0.000),critical_alarm
596.779,control,normal_flow,0,normal_bag,inf,150.000,150.000,150,1,adjust_flow(delta=0.000),critical_alarm
597.779,control,normal_flow,0,normal_bag,inf,150.000,150.000,150,1,adjust_flow(delta=0.000),critical_alarm
598.779,control,normal_flow,0,normal_bag,inf,150.000,150.000,150,1,adjust_flow(delta=0.000),critical_alarm
599.779,control,normal_flow,0,normal_bag,inf,150.000,150.000,150,1,adjust_flow(delta=0.000),critical_alarm
600.779,control,normal_flow,0,normal_bag,inf,150.000,150.000,150,1,adjust_flow(delta=0.000),critical_alarm
601.779,control,normal_flow,0,normal_bag,inf,150.000,150.000,150,1,adjust_flow(delta=0.000),critical_alarm
602.779,control,normal_flow,0,normal_bag,inf,150.000,150.000,150,1,adjust_flow(delta=0.000),critical_alarm
603.779,control,normal_flow,0,normal_bag,inf,150.000,150.000,150,1,adjust_flow(delta=0.000),critical_alarm
604.779,control,normal_flow,0,normal_bag,inf,150.000,150.000,150,1,adjust_flow(delta=0.000),critical_alarm
605.779,control,normal_flow,0,normal_bag,inf,150.000,150.000,150,1,adjust_flow(delta=0.000),critical_alarm
606.779,control,normal_flow,0,normal_bag,inf,150.000,150.000,150,1,adjust_flow(delta=0.000),critical_alarm
607.779,control,normal_flow,0,normal_bag,inf,150.000,150.000,150,1,adjust_flow(delta=0.000),critical_alarm
608.779,control,normal_flow,0,normal_bag,inf,150.000,150.000,150,1,adjust_flow(delta=0.000),critical_alarm
609.779,control,normal_flow,0,normal_bag,inf,150.000,150.000,150,1,adjust_flow(delta=0.000),critical_alarm
610.779,control,normal_flow,0,normal_bag,inf,150.000,150.000,150,1,adjust_flow(delta=0.000),critical_alarm
611.779,control,normal_flow,0,normal_bag,inf,150.000,150.000,150,1,adjust_flow(delta=0.000),critical_alarm
612.779,control,normal_flow,0,normal_bag,inf,150.000,150.000,150,1,adjust_flow(delta=0.000),critical_alarm
613.779,control,normal_flow,0,normal_bag,inf,150.000,150.000,150,1,adjust_flow(delta=0.000),critical_alarm
614.779,control,normal_flow,0,normal_bag,inf,150.000,150.000,150,1,adjust_flow(delta=0.000),critical_alarm
615.779,control,normal_flow,0,normal_bag,inf,150.000,150.000,150,1,adjust_flow(delta=0.000),critical_alarm
616.779,control,normal_flow,0,normal_bag,inf,150.000,150.000,150,1,adjust_flow(delta=0.000),critical_alarm
617.779,control,normal_flow,0,normal_bag,inf,150.000,150.000,150,1,adjust_flow(delta=0.000),critical_alarm
618.779,control,normal_flow,0,normal_bag,inf,150.000,150.000,150,1,adjust_flow(delta=0.000),critical_alarm
619.779,control,normal_flow,0,normal_bag,inf,150.000,150.000,150,1,adjust_flow(delta=0.000),critical_alarm
620.779,control,normal_flow,0,normal_bag,inf,150.000,150.000,150,1,adjust_flow(delta=0.000),critical_alarm
621.779,control,normal_flow,0,normal_bag,inf,150.000,150.000,150,1,adjust_flow(delta=0.000),critical_alarm
622.779,control,normal_flow,0,normal_bag,inf,150.000,150.000,150,1,adjust_flow(delta=0.000),critical_alarm
623.779,control,normal_flow,0,normal_bag,inf,150.000,150.000,150,1,adjust_flow(delta=0.000),critical_alarm
624.779,control,normal_flow,0,normal_bag,inf,150.000,150.000,150,1,adjust_flow(delta=0.000),critical_alarm
625.779,control,normal_flow,0,normal_bag,inf,150.000,150.000,150,1,adjust_flow(delta=0.000),critical_alarm
626.779,control,normal_flow,0,normal_bag,inf,150.000,150.000,150,1,adjust_flow(delta=0.000),critical_alarm
627.779,control,normal_flow,0,normal_bag,inf,150.000,150.000,150,1,adjust_flow(delta=0.000),critical_alarm
628.779,control,normal_flow,0,normal_bag,inf,150.000,150.000,150,1,adjust_flow(delta=0.000),critical_alarm
629.779,control,normal_flow,0,normal_bag,inf,150.000,150.000,150,1,adjust_flow(delta=0.000),critical_alarm
630.779,control,normal_flow,0,normal_bag,inf,150.000,150.000,150,1,adjust_flow(delta=0.000),critical_alarm
631.779,control,normal_flow,0,normal_bag,inf,150.000,150.000,150,1,adjust_flow(delta=0.000),critical_alarm
632.779,control,normal_flow,0,normal_bag,inf,150.000,150.000,150,1,adjust_flow(delta=0.000),critical_alarm
633.779,control,normal_flow,0,normal_bag,inf,150.000,150.000,150,1,adjust_flow(delta=0.000),critical_alarm
634.779,control,normal_flow,0,normal_bag,inf,150.000,150.000,150,1,adjust_flow(delta=0.000),critical_alarm
635.779,control,normal_flow,0,normal_bag,inf,150.000,150.000,150,1,adjust_flow(delta=0.000),critical_alarm
636.779,control,normal_flow,0,normal_bag,inf,150.000,150.000,150,1,adjust_flow(delta=0.000),critical_alarm
637.779,control,normal_flow,0,normal_bag,inf,150.000,150.000,150,1,adjust_flow(delta=0.000),critical_alarm
638.779,control,normal_flow,0,normal_bag,inf,150.000,150.000,150,1,adjust_flow(delta=0.000),critical_alarm
639.779,control,normal_flow,0,normal_bag,inf,150.000,150.000,150,1,adjust_flow(delta=0.000),critical_alarm
640.779,control,normal_flow,0,normal_bag,inf,150.000,150.000,150,1,adjust_flow(delta=0.000),critical_alarm
641.779,control,normal_flow,0,normal_bag,inf,150.000,150.000,150,1,adjust_flow(delta=0.000),critical_alarm
642.779,control,normal_flow,0,normal_bag,inf,150.000,150.000,150,1,adjust_flow(delta=0.000),critical_alarm
643.779,control,normal_flow,0,normal_bag,inf,150.000,150.000,150,1,adjust_flow(delta=0.000),critical_alarm
644.779,control,normal_flow,0,normal_bag,inf,150.000,150.000,150,1,adjust_flow(delta=0.000),critical_alarm
645.779,control,normal_flow,0,normal_bag,inf,150.000,150.000,150,1,adjust_flow(delta=0.000),critical_alarm
646.779,control,normal_flow,0,normal_bag,inf,150.000,150.000,150,1,adjust_flow(delta=0.000),critical_alarm
647.779,control,normal_flow,0,normal_bag,inf,150.000,150.000,150,1,adjust_flow(delta=0.000),critical_alarm
648.779,control,normal_flow,0,normal_bag,inf,150.000,150.000,150,1,adjust_flow(delta=0.000),critical_alarm
649.779,control,normal_flow,0,normal_bag,inf,150.000,150.000,150,1,adjust_flow(delta=0.000),critical_alarm
650.779,control,normal_flow,0,normal_bag,inf,150.000,150.000,150,1,adjust_flow(delta=0.000),critical_alarm
651.779,control,normal_flow,0,normal_bag,inf,150.000,150.000,150,1,adjust_flow(delta=0.000),critical_alarm
652.779,control,normal_flow,0,normal_bag,inf,150.000,150.000,150,1,adjust_flow(delta=0.000),critical_alarm
653.779,control,normal_flow,0,normal_bag,inf,150.000,150.000,150,1,adjust_flow(delta=0.000),critical_alarm
654.779,control,normal_flow,0,normal_bag,inf,150.000,150.000,150,1,adjust_flow(delta=0.000),critical_alarm
655.779,control,normal_flow,0,normal_bag,inf,150.000,150.000,150,1,adjust_flow(delta=0.000),critical_alarm
656.779,control,normal_flow,0,normal_bag,inf,150.000,150.000,150,1,adjust_flow(delta=0.000),critical_alarm
657.779,control,normal_flow,0,normal_bag,inf,150.000,150.000,150,1,adjust_flow(delta=0.000),critical_alarm
658.779,control,normal_flow,0,normal_bag,inf,150.000,150.000,150,1,adjust_flow(delta=0.000),critical_alarm
659.779,control,normal_flow,0,normal_bag,inf,150.000,150.000,150,1,adjust_flow(delta=0.000),critical_alarm
660.779,control,normal_flow,0,normal_bag,inf,150.000,150.000,150,1,adjust_flow(delta=0.000),critical_alarm
661.779,control,normal_flow,0,normal_bag,inf,150.000,150.000,150,1,adjust_flow(delta=0.000),critical_alarm
662.779,control,normal_flow,0,normal_bag,inf,150.000,150.000,150,1,adjust_flow(delta=0.000),critical_alarm
663.779,control,normal_flow,0,normal_bag,inf,150.000,150.000,150,1,adjust_flow(delta=0.000),critical_alarm
664.779,control,normal_flow,0,normal_bag,inf,150.000,150.000,150,1,adjust_flow(delta=0.000),critical_alarm
665.779,control,normal_flow,0,normal_bag,inf,150.000,150.000,150,1,adjust_flow(delta=0.000),critical_alarm
666.779,control,normal_flow,0,normal_bag,inf,150.000,150.000,150,1,adjust_flow(delta=0.000),critical_alarm
667.779,control,normal_flow,0,normal_bag,inf,150.000,150.000,150,1,adjust_flow(delta=0.000),critical_alarm
668.779,control,normal_flow,0,normal_bag,inf,150.000,150.000,150,1,adjust_flow(delta=0.000),critical_alarm
669.779,control,normal_flow,0,normal_bag,inf,150.000,150.000,150,1,adjust_flow(delta=0.000),critical_alarm
670.779,control,normal_flow,0,normal_bag,inf,150.000,150.000,150,1,adjust_flow(delta=0.000),critical_alarm
671.779,control,normal_flow,0,normal_bag,inf,150.000,150.000,150,1,adjust_flow(delta=0.000),critical_alarm
672.779,control,normal_flow,0,normal_bag,inf,150.000,150.000,150,1,adjust_flow(delta=0.000),critical_alarm
673.779,control,normal_flow,0,normal_bag,inf,150.000,150.000,150,1,adjust_flow(delta=0.000),critical_alarm
674.779,control,normal_flow,0,normal_bag,inf,150.000,150.000,150,1,adjust_flow(delta=0.000),critical_alarm
675.779,control,normal_flow,0,normal_bag,inf,150.000,150.000,150,1,adjust_flow(delta=0.000),critical_alarm
676.779,control,normal_flow,0,normal_bag,inf,150.000,150.000,150,1,adjust_flow(delta=0.000),critical_alarm
677.779,control,normal_flow,0,normal_bag,inf,150.000,150.000,150,1,adjust_flow(delta=0.000),critical_alarm
678.779,control,normal_flow,0,normal_bag,inf,150.000,150.000,150,1,adjust_flow(delta=0.000),critical_alarm
679.779,control,normal_flow,0,normal_bag,inf,150.000,150.000,150,1,adjust_flow(delta=0.000),critical_alarm
680.779,control,normal_flow,0,normal_bag,inf,150.000,150.000,150,1,adjust_flow(delta=0.000),critical_alarm
681.779,control,normal_flow,0,normal_bag,inf,150.000,150.000,150,1,adjust_flow(delta=0.000),critical_alarm
682.779,control,normal_flow,0,normal_bag,inf,150.000,150.000,150,1,adjust_flow(delta=0.000),critical_alarm
683.779,control,normal_flow,0,normal_bag,inf,150.000,150.000,150,1,adjust_flow(delta=0.000),critical_alarm
684.779,control,normal_flow,0,normal_bag,inf,150.000,150.000,150,1,adjust_flow(delta=0.000),critical_alarm
685.779,control,normal_flow,0,normal_bag,inf,150.000,150.000,150,1,adjust_flow(delta=0.000),critical_alarm
686.779,control,normal_flow,0,normal_bag,inf,150.000,150.000,150,1,adjust_flow(delta=0.000),critical_alarm
687.779,control,normal_flow,0,normal_bag,inf,150.000,150.000,150,1,adjust_flow(delta=0.000),critical_alarm
688.779,control,normal_flow,0,normal_bag,inf,150.000,150.000,150,1,adjust_flow(delta=0.000),critical_alarm
689.779,control,normal_flow,0,normal_bag,inf,150.000,150.000,150,1,adjust_flow(delta=0.000),critical_alarm
690.779,control,normal_flow,0,normal_bag,inf,150.000,150.000,150,1,adjust_flow(delta=0.000),critical_alarm
691.779,control,normal_flow,0,normal_bag,inf,150.000,150.000,150,1,adjust_flow(delta=0.000),critical_alarm
692.779,control,normal_flow,0,normal_bag,inf,150.000,150.000,150,1,adjust_flow(delta=0.000),critical_alarm
693.779,control,normal_flow,0,normal_bag,inf,150.000,150.000,150,1,adjust_flow(delta=0.000),critical_alarm
694.779,control,normal_flow,0,normal_bag,inf,150.000,150.000,150,1,adjust_flow(delta=0.000),critical_alarm
695.779,control,normal_flow,0,normal_bag,inf,150.000,150.000,150,1,adjust_flow(delta=0.000),critical_alarm
696.779,control,normal_flow,0,normal_bag,inf,150.000,150.000,150,1,adjust_flow(delta=0.000),critical_alarm
697.779,control,normal_flow,0,normal_bag,inf,150.000,150.000,150,1,adjust_flow(delta=0.000),critical_alarm
698.779,control,normal_flow,0,normal_bag,inf,150.000,150.000,150,1,adjust_flow(delta=0.000),critical_alarm
699.779,control,normal_flow,0,normal_bag,inf,150.000,150.000,150,1,adjust_flow(delta=0.000),critical_alarm
700.779,control,normal_flow,0,normal_bag,inf,150.000,150.000,150,1,adjust_flow(delta=0.000),critical_alarm
701.779,control,normal_flow,0,normal_bag,inf,150.000,150.000,150,1,adjust_flow(delta=0.000),critical_alarm
702.779,control,normal_flow,0,normal_bag,inf,150.000,150.000,150,1,adjust_flow(delta=0.000),critical_alarm
703.779,control,normal_flow,0,normal_bag,inf,150.000,150.000,150,1,adjust_flow(delta=0.000),critical_alarm
704.779,control,normal_flow,0,normal_bag,inf,150.000,150.000,150,1,adjust_flow(delta=0.000),critical_alarm
705.779,control,normal_flow,0,normal_bag,inf,150.000,150.000,150,1,adjust_flow(delta=0.000),critical_alarm
706.779,control,normal_flow,0,normal_bag,inf,150.000,150.000,150,1,adjust_flow(delta=0.000),critical_alarm
707.779,control,normal_flow,0,normal_bag,inf,150.000,150.000,150,1,adjust_flow(delta=0.000),critical_alarm
708.779,control,normal_flow,0,normal_bag,inf,150.000,150.000,150,1,adjust_flow(delta=0.000),critical_alarm
709.779,control,normal_flow,0,normal_bag,inf,150.000,150.000,150,1,adjust_flow(delta=0.000),critical_alarm
710.779,control,normal_flow,0,normal_bag,inf,150.000,150.000,150,1,adjust_flow(delta=0.000),critical_alarm
711.779,control,normal_flow,0,normal_bag,inf,150.000,150.000,150,1,adjust_flow(delta=0.000),critical_alarm
712.779,control,normal_flow,0,normal_bag,inf,150.000,150.000,150,1,adjust_flow(delta=0.000),critical_alarm
713.779,control,normal_flow,0,normal_bag,inf,150.000,150.000,150,1,adjust_flow(delta=0.000),critical_alarm
714.779,control,normal_flow,0,normal_bag,inf,150.000,150.000,150,1,adjust_flow(delta=0.000),critical_alarm
715.779,control,normal_flow,0,normal_bag,inf,150.000,150.000,150,1,adjust_flow(delta=0.000),critical_alarm
716.779,control,normal_flow,0,normal_bag,inf,150.000,150.000,150,1,adjust_flow(delta=0.000),critical_alarm
717.779,control,normal_flow,0,normal_bag,inf,150.000,150.000,150,1,adjust_flow(delta=0.000),critical_alarm
718.779,control,normal_flow,0,normal_bag,inf,150.000,150.000,150,1,adjust_flow(delta=0.000),critical_alarm
719.779,control,normal_flow,0,normal_bag,inf,150.000,150.000,150,1,adjust_flow(delta=0.000),critical_alarm
720.779,control,normal_flow,0,normal_bag,inf,150.000,150.000,150,1,adjust_flow(delta=0.000),critical_alarm
721.779,control,normal_flow,0,normal_bag,inf,150.000,150.000,150,1,adjust_flow(delta=0.000),critical_alarm
722.779,control,normal_flow,0,normal_bag,inf,150.000,150.000,150,1,adjust_flow(delta=0.000),critical_alarm
723.779,control,normal_flow,0,normal_bag,inf,150.000,150.000,150,1,adjust_flow(delta=0.000),critical_alarm
724.779,control,normal_flow,0,normal_bag,inf,150.000,150.000,150,1,adjust_flow(delta=0.000),critical_alarm
725.779,control,normal_flow,0,normal_bag,inf,150.000,150.000,150,1,adjust_flow(delta=0.000),critical_alarm
726.779,control,normal_flow,0,normal_bag,inf,150.000,150.000,150,1,adjust_flow(delta=0.000),critical_alarm
727.779,control,normal_flow,0,normal_bag,inf,150.000,150.000,150,1,adjust_flow(delta=0.000),critical_alarm
728.779,control,normal_flow,0,normal_bag,inf,150.000,150.000,150,1,adjust_flow(delta=0.000),critical_alarm
729.779,control,normal_flow,0,normal_bag,inf,150.000,150.000,150,1,adjust_flow(delta=0.000),critical_alarm
730.779,control,normal_flow,0,normal_bag,inf,150.000,150.000,150,1,adjust_flow(delta=0.000),critical_alarm
731.779,control,normal_flow,0,normal_bag,inf,150.000,150.000,150,1,adjust_flow(delta=0.000),critical_alarm
732.779,control,normal_flow,0,normal_bag,inf,150.000,150.000,150,1,adjust_flow(delta=0.000),critical_alarm
733.779,control,normal_flow,0,normal_bag,inf,150.000,150.000,150,1,adjust_flow(delta=0.000),critical_alarm
734.779,control,normal_flow,0,normal_bag,inf,150.000,150.000,150,1,adjust_flow(delta=0.000),critical_alarm
735.779,control,normal_flow,0,normal_bag,inf,150.000,150.000,150,1,adjust_flow(delta=0.000),critical_alarm
736.779,control,normal_flow,0,normal_bag,inf,150.000,150.000,150,1,adjust_flow(delta=0.000),critical_alarm
737.779,control,normal_flow,0,normal_bag,inf,150.000,150.000,150,1,adjust_flow(delta=0.000),critical_alarm
738.779,control,normal_flow,0,normal_bag,inf,150.000,150.000,150,1,adjust_flow(delta=0.000),critical_alarm
739.779,control,normal_flow,0,normal_bag,inf,150.000,150.000,150,1,adjust_flow(delta=0.000),critical_alarm
740.779,control,normal_flow,0,normal_bag,inf,150.000,150.000,150,1,adjust_flow(delta=0.000),critical_alarm
741.779,control,normal_flow,0,normal_bag,inf,150.000,150.000,150,1,adjust_flow(delta=0.000),critical_alarm
742.779,control,normal_flow,0,normal_bag,inf,150.000,150.000,150,1,adjust_flow(delta=0.000),critical_alarm
743.779,control,normal_flow,0,normal_bag,inf,150.000,150.000,150,1,adjust_flow(delta=0.000),critical_alarm
744.779,control,normal_flow,0,normal_bag,inf,150.000,150.000,150,1,adjust_flow(delta=0.000),critical_alarm
745.779,control,normal_flow,0,normal_bag,inf,150.000,150.000,150,1,adjust_flow(delta=0.000),critical_alarm
746.779,control,normal_flow,0,normal_bag,inf,150.000,150.000,150,1,adjust_flow(delta=0.000),critical_alarm
747.779,control,normal_flow,0,normal_bag,inf,150.000,150.000,150,1,adjust_flow(delta=0.000),critical_alarm
748.779,control,normal_flow,0,normal_bag,inf,150.000,150.000,150,1,adjust_flow(delta=0.000),critical_alarm
749.779,control,normal_flow,0,normal_bag,inf,150.000,150.000,150,1,adjust_flow(delta=0.000),critical_alarm
750.779,control,normal_flow,0,normal_bag,inf,150.000,150.000,150,1,adjust_flow(delta=0.000),critical_alarm
751.779,control,normal_flow,0,normal_bag,inf,150.000,150.000,150,1,adjust_flow(delta=0.000),critical_alarm
752.779,control,normal_flow,0,normal_bag,inf,150.000,150.000,150,1,adjust_flow(delta=0.000),critical_alarm
753.779,control,normal_flow,0,normal_bag,inf,150.000,150.000,150,1,adjust_flow(delta=0.000),critical_alarm
754.779,control,normal_flow,0,normal_bag,inf,150.000,150.000,150,1,adjust_flow(delta=0.000),critical_alarm
755.779,control,normal_flow,0,normal_bag,inf,150.000,150.000,150,1,adjust_flow(delta=0.000),critical_alarm
756.779,control,normal_flow,0,normal_bag,inf,150.000,150.000,150,1,adjust_flow(delta=0.000),critical_alarm
757.779,control,normal_flow,0,normal_bag,inf,150.000,150.000,150,1,adjust_flow(delta=0.000),critical_alarm
758.779,control,normal_flow,0,normal_bag,inf,150.000,150.000,150,1,adjust_flow(delta=0.000),critical_alarm
759.779,control,normal_flow,0,normal_bag,inf,150.000,150.000,150,1,adjust_flow(delta=0.000),critical_alarm
760.779,control,normal_flow,0,normal_bag,inf,150.000,150.000,150,1,adjust_flow(delta=0.000),critical_alarm
761.779,control,normal_flow,0,normal_bag,inf,150.000,150.000,150,1,adjust_flow(delta=0.000),critical_alarm
762.779,control,normal_flow,0,normal_bag,inf,150.000,150.000,150,1,adjust_flow(delta=0.000),critical_alarm
763.779,control,normal_flow,0,normal_bag,inf,150.000,150.000,150,1,adjust_flow(delta=0.000),critical_alarm
764.779,control,normal_flow,0,normal_bag,inf,150.000,150.000,150,1,adjust_flow(delta=0.000),critical_alarm
765.779,control,normal_flow,0,normal_bag,inf,150.000,150.000,150,1,adjust_flow(delta=0.000),critical_alarm
766.779,control,normal_flow,0,normal_bag,inf,150.000,150.000,150,1,adjust_flow(delta=0.000),critical_alarm
767.779,control,normal_flow,0,normal_bag,inf,150.000,150.000,150,1,adjust_flow(delta=0.000),critical_alarm
768.779,control,normal_flow,0,normal_bag,inf,150.000,150.000,150,1,adjust_flow(delta=0.000),critical_alarm
769.779,control,normal_flow,0,normal_bag,inf,150.000,150.000,150,1,adjust_flow(delta=0.000),critical_alarm
770.779,control,normal_flow,0,normal_bag,inf,150.000,150.000,150,1,adjust_flow(delta=0.000),critical_alarm
771.779,control,normal_flow,0,normal_bag,inf,150.000,150.000,150,1,adjust_flow(delta=0.000),critical_alarm
772.779,control,normal_flow,0,normal_bag,inf,150.000,150.000,150,1,adjust_flow(delta=0.000),critical_alarm
773.779,control,normal_flow,0,normal_bag,inf,150.000,150.000,150,1,adjust_flow(delta=0.000),critical_alarm
774.779,control,normal_flow,0,normal_bag,inf,150.000,150.000,150,1,adjust_flow(delta=0.000),critical_alarm
775.779,control,normal_flow,0,normal_bag,inf,150.000,150.000,150,1,adjust_flow(delta=0.000),critical_alarm
776.779,control,normal_flow,0,normal_bag,inf,150.000,150.000,150,1,adjust_flow(delta=0.000),critical_alarm
777.779,control,normal_flow,0,normal_bag,inf,150.000,150.000,150,1,adjust_flow(delta=0.000),critical_alarm
778.779,control,normal_flow,0,normal_bag,inf,150.000,150.000,150,1,adjust_flow(delta=0.000),critical_alarm
779.779,control,normal_flow,0,normal_bag,inf,150.000,150.000,150,1,adjust_flow(delta=0.000),critical_alarm
780.779,control,normal_flow,0,normal_bag,inf,150.000,150.000,150,1,adjust_flow(delta=0.000),critical_alarm
781.779,control,normal_flow,0,normal_bag,inf,150.000,150.000,150,1,adjust_flow(delta=0.000),critical_alarm
782.779,control,normal_flow,0,normal_bag,inf,150.000,150.000,150,1,adjust_flow(delta=0.000),critical_alarm
783.779,control,normal_flow,0,normal_bag,inf,150.000,150.000,150,1,adjust_flow(delta=0.000),critical_alarm
784.779,control,normal_flow,0,normal_bag,inf,150.000,150.000,150,1,adjust_flow(delta=0.000),critical_alarm
785.779,control,normal_flow,0,normal_bag,inf,150.000,150.000,150,1,adjust_flow(delta=0.000),critical_alarm
786.779,control,normal_flow,0,normal_bag,inf,150.000,150.000,150,1,adjust_flow(delta=0.000),critical_alarm
787.779,control,normal_flow,0,normal_bag,inf,150.000,150.000,150,1,adjust_flow(delta=0.000),critical_alarm
788.779,control,normal_flow,0,normal_bag,inf,150.000,150.000,150,1,adjust_flow(delta=0.000),critical_alarm
789.779,control,normal_flow,0,normal_bag,inf,150.000,150.000,150,1,adjust_flow(delta=0.000),critical_alarm
790.779,control,normal_flow,0,normal_bag,inf,150.000,150.000,150,1,adjust_flow(delta=0.000),critical_alarm
791.779,control,normal_flow,0,normal_bag,inf,150.000,150.000,150,1,adjust_flow(delta=0.000),critical_alarm
792.779,control,normal_flow,0,normal_bag,inf,150.000,150.000,150,1,adjust_flow(delta=0.000),critical_alarm
793.779,control,normal_flow,0,normal_bag,inf,150.000,150.000,150,1,adjust_flow(delta=0.000),critical_alarm
794.779,control,normal_flow,0,normal_bag,inf,150.000,150.000,150,1,adjust_flow(delta=0.000),critical_alarm
795.779,control,normal_flow,0,normal_bag,inf,150.000,150.000,150,1,adjust_flow(delta=0.000),critical_alarm
796.779,control,normal_flow,0,normal_bag,inf,150.000,150.000,150,1,adjust_flow(delta=0.000),critical_alarm
797.779,control,normal_flow,0,normal_bag,inf,150.000,150.000,150,1,adjust_flow(delta=0.000),critical_alarm
798.779,control,normal_flow,0,normal_bag,inf,150.000,150.000,150,1,adjust_flow(delta=0.000),critical_alarm
799.779,control,normal_flow,0,normal_bag,inf,150.000,150.000,150,1,adjust_flow(delta=0.000),critical_alarm
800.779,control,normal_flow,0,normal_bag,inf,150.000,150.000,150,1,adjust_flow(delta=0.000),critical_alarm
801.779,control,normal_flow,0,normal_bag,inf,150.000,150.000,150,1,adjust_flow(delta=0.000),critical_alarm
802.779,control,normal_flow,0,normal_bag,inf,150.000,150.000,150,1,adjust_flow(delta=0.000),critical_alarm
803.779,control,normal_flow,0,normal_bag,inf,150.000,150.000,150,1,adjust_flow(delta=0.000),critical_alarm
804.779,control,normal_flow,0,normal_bag,inf,150.000,150.000,150,1,adjust_flow(delta=0.000),critical_alarm
805.779,control,normal_flow,0,normal_bag,inf,150.000,150.000,150,1,adjust_flow(delta=0.000),critical_alarm
806.779,control,normal_flow,0,normal_bag,inf,150.000,150.000,150,1,adjust_flow(delta=0.000),critical_alarm
807.779,control,normal_flow,0,normal_bag,inf,150.000,150.000,150,1,adjust_flow(delta=0.000),critical_alarm
808.779,control,normal_flow,0,normal_bag,inf,150.000,150.000,150,1,adjust_flow(delta=0.000),critical_alarm
809.779,control,normal_flow,0,normal_bag,inf,150.000,150.000,150,1,adjust_flow(delta=0.000),critical_alarm
810.779,control,normal_flow,0,normal_bag,inf,150.000,150.000,150,1,adjust_flow(delta=0.000),critical_alarm
811.779,control,normal_flow,0,normal_bag,inf,150.000,150.000,150,1,adjust_flow(delta=0.000),critical_alarm
812.779,control,normal_flow,0,normal_bag,inf,150.000,150.000,150,1,adjust_flow(delta=0.000),critical_alarm
813.779,control,normal_flow,0,normal_bag,inf,150.000,150.000,150,1,adjust_flow(delta=0.000),critical_alarm
814.779,control,normal_flow,0,normal_bag,inf,150.000,150.000,150,1,adjust_flow(delta=0.000),critical_alarm
815.779,control,normal_flow,0,normal_bag,inf,150.000,150.000,150,1,adjust_flow(delta=0.000),critical_alarm
816.779,control,normal_flow,0,normal_bag,inf,150.000,150.000,150,1,adjust_flow(delta=0.000),critical_alarm
817.779,control,normal_flow,0,normal_bag,inf,150.000,150.000,150,1,adjust_flow(delta=0.000),critical_alarm
818.779,control,normal_flow,0,normal_bag,inf,150.000,150.000,150,1,adjust_flow(delta=0.000),critical_alarm
819.779,control,normal_flow,0,normal_bag,inf,150.000,150.000,150,1,adjust_flow(delta=0.000),critical_alarm
820.779,control,normal_flow,0,normal_bag,inf,150.000,150.000,150,1,adjust_flow(delta=0.000),critical_alarm
821.779,control,normal_flow,0,normal_bag,inf,150.000,150.000,150,1,adjust_flow(delta=0.000),critical_alarm
822.779,control,normal_flow,0,normal_bag,inf,150.000,150.000,150,1,adjust_flow(delta=0.000),critical_alarm
823.779,control,normal_flow,0,normal_bag,inf,150.000,150.000,150,1,adjust_flow(delta=0.000),critical_alarm
824.779,control,normal_flow,0,normal_bag,inf,150.000,150.000,150,1,adjust_flow(delta=0.000),critical_alarm
825.779,control,normal_flow,0,normal_bag,inf,150.000,150.000,150,1,adjust_flow(delta=0.000),critical_alarm
826.779,control,normal_flow,0,normal_bag,inf,150.000,150.000,150,1,adjust_flow(delta=0.000),critical_alarm
827.779,control,normal_flow,0,normal_bag,inf,150.000,150.000,150,1,adjust_flow(delta=0.000),critical_alarm
828.779,control,normal_flow,0,normal_bag,inf,150.000,150.000,150,1,adjust_flow(delta=0.000),critical_alarm
829.779,control,normal_flow,0,normal_bag,inf,150.000,150.000,150,1,adjust_flow(delta=0.000),critical_alarm
830.779,control,normal_flow,0,normal_bag,inf,150.000,150.000,150,1,adjust_flow(delta=0.000),critical_alarm
831.779,control,normal_flow,0,normal_bag,inf,150.000,150.000,150,1,adjust_flow(delta=0.000),critical_alarm
832.779,control,normal_flow,0,normal_bag,inf,150.000,150.000,150,1,adjust_flow(delta=0.000),critical_alarm
833.779,control,normal_flow,0,normal_bag,inf,150.000,150.000,150,1,adjust_flow(delta=0.000),critical_alarm
834.779,control,normal_flow,0,normal_bag,inf,150.000,150.000,150,1,adjust_flow(delta=0.000),critical_alarm
835.779,control,normal_flow,0,normal_bag,inf,150.000,150.000,150,1,adjust_flow(delta=0.000),critical_alarm
836.779,control,normal_flow,0,normal_bag,inf,150.000,150.000,150,1,adjust_flow(delta=0.000),critical_alarm
837.779,control,normal_flow,0,normal_bag,inf,150.000,150.000,150,1,adjust_flow(delta=0.000),critical_alarm
838.779,control,normal_flow,0,normal_bag,inf,150.000,150.000,150,1,adjust_flow(delta=0.000),critical_alarm
839.779,control,normal_flow,0,normal_bag,inf,150.000,150.000,150,1,adjust_flow(delta=0.000),critical_alarm
840.779,control,normal_flow,0,normal_bag,inf,150.000,150.000,150,1,adjust_flow(delta=0.000),critical_alarm
841.779,control,normal_flow,0,normal_bag,inf,150.000,150.000,150,1,adjust_flow(delta=0.000),critical_alarm
842.779,control,normal_flow,0,normal_bag,inf,150.000,150.000,150,1,adjust_flow(delta=0.000),critical_alarm
843.779,control,normal_flow,0,normal_bag,inf,150.000,150.000,150,1,adjust_flow(delta=0.000),critical_alarm
844.779,control,normal_flow,0,normal_bag,inf,150.000,150.000,150,1,adjust_flow(delta=0.000),critical_alarm
845.779,control,normal_flow,0,normal_bag,inf,150.000,150.000,150,1,adjust_flow(delta=0.000),critical_alarm
846.779,control,normal_flow,0,normal_bag,inf,150.000,150.000,150,1,adjust_flow(delta=0.000),critical_alarm
847.779,control,normal_flow,0,normal_bag,inf,150.000,150.000,150,1,adjust_flow(delta=0.000),critical_alarm
848.779,control,normal_flow,0,normal_bag,inf,150.000,150.000,150,1,adjust_flow(delta=0.000),critical_alarm
849.779,control,normal_flow,0,normal_bag,inf,150.000,150.000,150,1,adjust_flow(delta=0.000),critical_alarm
850.779,control,normal_flow,0,normal_bag,inf,150.000,150.000,150,1,adjust_flow(delta=0.000),critical_alarm
851.779,control,normal_flow,0,normal_bag,inf,150.000,150.000,150,1,adjust_flow(delta=0.000),critical_alarm
852.779,control,normal_flow,0,normal_bag,inf,150.000,150.000,150,1,adjust_flow(delta=0.000),critical_alarm
853.779,control,normal_flow,0,normal_bag,inf,150.000,150.000,150,1,adjust_flow(delta=0.000),critical_alarm
854.779,control,normal_flow,0,normal_bag,inf,150.000,150.000,150,1,adjust_flow(delta=0.000),critical_alarm
855.779,control,normal_flow,0,normal_bag,inf,150.000,150.000,150,1,adjust_flow(delta=0.000),critical_alarm
856.779,control,normal_flow,0,normal_bag,inf,150.000,150.000,150,1,adjust_flow(delta=0.000),critical_alarm
857.779,control,normal_flow,0,normal_bag,inf,150.000,150.000,150,1,adjust_flow(delta=0.000),critical_alarm
858.779,control,normal_flow,0,normal_bag,inf,150.000,150.000,150,1,adjust_flow(delta=0.000),critical_alarm
859.779,control,normal_flow,0,normal_bag,inf,150.000,150.000,150,1,adjust_flow(delta=0.000),critical_alarm
860.779,control,normal_flow,0,normal_bag,inf,150.000,150.000,150,1,adjust_flow(delta=0.000),critical_alarm
861.779,control,normal_flow,0,normal_bag,inf,150.000,150.000,150,1,adjust_flow(delta=0.000),critical_alarm
862.779,control,normal_flow,0,normal_bag,inf,150.000,150.000,150,1,adjust_flow(delta=0.000),critical_alarm
863.779,control,normal_flow,0,normal_bag,inf,150.000,150.000,150,1,adjust_flow(delta=0.000),critical_alarm
864.779,control,normal_flow,0,normal_bag,inf,150.000,150.000,150,1,adjust_flow(delta=0.000),critical_alarm
865.779,control,normal_flow,0,normal_bag,inf,150.000,150.000,150,1,adjust_flow(delta=0.000),critical_alarm
866.779,control,normal_flow,0,normal_bag,inf,150.000,150.000,150,1,adjust_flow(delta=0.000),critical_alarm
867.779,control,normal_flow,0,normal_bag,inf,150.000,150.000,150,1,adjust_flow(delta=0.000),critical_alarm
868.779,control,normal_flow,0,normal_bag,inf,150.000,150.000,150,1,adjust_flow(delta=0.000),critical_alarm
869.779,control,normal_flow,0,normal_bag,inf,150.000,150.000,150,1,adjust_flow(delta=0.000),critical_alarm
870.779,control,normal_flow,0,normal_bag,inf,150.000,150.000,150,1,adjust_flow(delta=0.000),critical_alarm
871.779,control,normal_flow,0,normal_bag,inf,150.000,150.000,150,1,adjust_flow(delta=0.000),critical_alarm
872.779,control,normal_flow,0,normal_bag,inf,150.000,150.000,150,1,adjust_flow(delta=0.000),critical_alarm
873.779,control,normal_flow,0,normal_bag,inf,150.000,150.000,150,1,adjust_flow(delta=0.000),critical_alarm
874.779,control,normal_flow,0,normal_bag,inf,150.000,150.000,150,1,adjust_flow(delta=0.000),critical_alarm
875.779,control,normal_flow,0,normal_bag,inf,150.000,150.000,150,1,adjust_flow(delta=0.000),critical_alarm
876.779,control,normal_flow,0,normal_bag,inf,150.000,150.000,150,1,adjust_flow(delta=0.000),critical_alarm
877.779,control,normal_flow,0,normal_bag,inf,150.000,150.000,150,1,adjust_flow(delta=0.000),critical_alarm
878.779,control,normal_flow,0,normal_bag,inf,150.000,150.000,150,1,adjust_flow(delta=0.000),critical_alarm
879.779,control,normal_flow,0,normal_bag,inf,150.000,150.000,150,1,adjust_flow(delta=0.000),critical_alarm
880.779,control,normal_flow,0,normal_bag,inf,150.000,150.000,150,1,adjust_flow(delta=0.000),critical_alarm
881.779,control,normal_flow,0,normal_bag,inf,150.000,150.000,150,1,adjust_flow(delta=0.000),critical_alarm
882.779,control,normal_flow,0,normal_bag,inf,150.000,150.000,150,1,adjust_flow(delta=0.000),critical_alarm
883.779,control,normal_flow,0,normal_bag,inf,150.000,150.000,150,1,adjust_flow(delta=0.000),critical_alarm
884.779,control,normal_flow,0,normal_bag,inf,150.000,150.000,150,1,adjust_flow(delta=0.000),critical_alarm
885.779,control,normal_flow,0,normal_bag,inf,150.000,150.000,150,1,adjust_flow(delta=0.000),critical_alarm
886.779,control,normal_flow,0,normal_bag,inf,150.000,150.000,150,1,adjust_flow(delta=0.000),critical_alarm
887.779,control,normal_flow,0,normal_bag,inf,150.000,150.000,150,1,adjust_flow(delta=0.000),critical_alarm
888.779,control,normal_flow,0,normal_bag,inf,150.000,150.000,150,1,adjust_flow(delta=0.000),critical_alarm
889.779,control,normal_flow,0,normal_bag,inf,150.000,150.000,150,1,adjust_flow(delta=0.000),critical_alarm
890.779,control,normal_flow,0,normal_bag,inf,150.000,150.000,150,1,adjust_flow(delta=0.000),critical_alarm
891.779,control,normal_flow,0,normal_bag,inf,150.000,150.000,150,1,adjust_flow(delta=0.000),critical_alarm
892.779,control,normal_flow,0,normal_bag,inf,150.000,150.000,150,1,adjust_flow(delta=0.000),critical_alarm
893.779,control,normal_flow,0,normal_bag,inf,150.000,150.000,150,1,adjust_flow(delta=0.000),critical_alarm
894.779,control,normal_flow,0,normal_bag,inf,150.000,150.000,150,1,adjust_flow(delta=0.000),critical_alarm
895.779,control,normal_flow,0,normal_bag,inf,150.000,150.000,150,1,adjust_flow(delta=0.000),critical_alarm
896.779,control,normal_flow,0,normal_bag,inf,150.000,150.000,150,1,adjust_flow(delta=0.000),critical_alarm
897.779,control,normal_flow,0,normal_bag,inf,150.000,150.000,150,1,adjust_flow(delta=0.000),critical_alarm
898.779,control,normal_flow,0,normal_bag,inf,150.000,150.000,150,1,adjust_flow(delta=0.000),critical_alarm
899.779,control,normal_flow,0,normal_bag,inf,150.000,150.000,150,1,adjust_flow(delta=0.000),critical_alarm
900.779,control,normal_flow,0,normal_bag,inf,150.000,150.000,150,1,adjust_flow(delta=0.000),critical_alarm
901.779,control,normal_flow,0,normal_bag,inf,150.000,150.000,150,1,adjust_flow(delta=0.000),critical_alarm
902.779,control,normal_flow,0,normal_bag,inf,150.000,150.000,150,1,adjust_flow(delta=0.000),critical_alarm
903.779,control,normal_flow,0,normal_bag,inf,150.000,150.000,150,1,adjust_flow(delta=0.000),critical_alarm
904.779,control,normal_flow,0,normal_bag,inf,150.000,150.000,150,1,adjust_flow(delta=0.000),critical_alarm
905.779,control,normal_flow,0,normal_bag,inf,150.000,150.000,150,1,adjust_flow(delta=0.000),critical_alarm
906.779,control,normal_flow,0,normal_bag,inf,150.000,150.000,150,1,adjust_flow(delta=0.000),critical_alarm
907.779,control,normal_flow,0,normal_bag,inf,150.000,150.000,150,1,adjust_flow(delta=0.000),critical_alarm
908.779,control,normal_flow,0,normal_bag,inf,150.000,150.000,150,1,adjust_flow(delta=0.000),critical_alarm
909.779,control,normal_flow,0,normal_bag,inf,150.000,150.000,150,1,adjust_flow(delta=0.000),critical_alarm
910.779,control,normal_flow,0,normal_bag,inf,150.000,150.000,150,1,adjust_flow(delta=0.000),critical_alarm
911.779,control,normal_flow,0,normal_bag,inf,150.000,150.000,150,1,adjust_flow(delta=0.000),critical_alarm
912.779,control,normal_flow,0,normal_bag,inf,150.000,150.000,150,1,adjust_flow(delta=0.000),critical_alarm
913.779,control,normal_flow,0,normal_bag,inf,150.000,150.000,150,1,adjust_flow(delta=0.000),critical_alarm
914.779,control,normal_flow,0,normal_bag,inf,150.000,150.000,150,1,adjust_flow(delta=0.000),critical_alarm
915.779,control,normal_flow,0,normal_bag,inf,150.000,150.000,150,1,adjust_flow(delta=0.000),critical_alarm
916.779,control,normal_flow,0,normal_bag,inf,150.000,150.000,150,1,adjust_flow(delta=0.000),critical_alarm
917.779,control,normal_flow,0,normal_bag,inf,150.000,150.000,150,1,adjust_flow(delta=0.000),critical_alarm
918.779,control,normal_flow,0,normal_bag,inf,150.000,150.000,150,1,adjust_flow(delta=0.000),critical_alarm
919.779,control,normal_flow,0,normal_bag,inf,150.000,150.000,150,1,adjust_flow(delta=0.000),critical_alarm
920.779,control,normal_flow,0,normal_bag,inf,150.000,150.000,150,1,adjust_flow(delta=0.000),critical_alarm
921.779,control,normal_flow,0,normal_bag,inf,150.000,150.000,150,1,adjust_flow(delta=0.000),critical_alarm
922.779,control,normal_flow,0,normal_bag,inf,150.000,150.000,150,1,adjust_flow(delta=0.000),critical_alarm
923.779,control,normal_flow,0,normal_bag,inf,150.000,150.000,150,1,adjust_flow(delta=0.000),critical_alarm
924.779,control,normal_flow,0,normal_bag,inf,150.000,150.000,150,1,adjust_flow(delta=0.000),critical_alarm
925.779,control,normal_flow,0,normal_bag,inf,150.000,150.000,150,1,adjust_flow(delta=0.000),critical_alarm
926.779,control,normal_flow,0,normal_bag,inf,150.000,150.000,150,1,adjust_flow(delta=0.000),critical_alarm
927.779,control,normal_flow,0,normal_bag,inf,150.000,150.000,150,1,adjust_flow(delta=0.000),critical_alarm
928.779,control,normal_flow,0,normal_bag,inf,150.000,150.000,150,1,adjust_flow(delta=0.000),critical_alarm
929.779,control,normal_flow,0,normal_bag,inf,150.000,150.000,150,1,adjust_flow(delta=0.000),critical_alarm
930.779,control,normal_flow,0,normal_bag,inf,150.000,150.000,150,1,adjust_flow(delta=0.000),critical_alarm
931.779,control,normal_flow,0,normal_bag,inf,150.000,150.000,150,1,adjust_flow(delta=0.000),critical_alarm
932.779,control,normal_flow,0,normal_bag,inf,150.000,150.000,150,1,adjust_flow(delta=0.000),critical_alarm
933.779,control,normal_flow,0,normal_bag,inf,150.000,150.000,150,1,adjust_flow(delta=0.000),critical_alarm
934.779,control,normal_flow,0,normal_bag,inf,150.000,150.000,150,1,adjust_flow(delta=0.000),critical_alarm
935.779,control,normal_flow,0,normal_bag,inf,150.000,150.000,150,1,adjust_flow(delta=0.000),critical_alarm
936.779,control,normal_flow,0,normal_bag,inf,150.000,150.000,150,1,adjust_flow(delta=0.000),critical_alarm
937.779,control,normal_flow,0,normal_bag,inf,150.000,150.000,150,1,adjust_flow(delta=0.000),critical_alarm
938.779,control,normal_flow,0,normal_bag,inf,150.000,150.000,150,1,adjust_flow(delta=0.000),critical_alarm
939.779,control,normal_flow,0,normal_bag,inf,150.000,150.000,150,1,adjust_flow(delta=0.000),critical_alarm
940.779,control,normal_flow,0,normal_bag,inf,150.000,150.000,150,1,adjust_flow(delta=0.000),critical_alarm
941.779,control,normal_flow,0,normal_bag,inf,150.000,150.000,150,1,adjust_flow(delta=0.000),critical_alarm
942.779,control,normal_flow,0,normal_bag,inf,150.000,150.000,150,1,adjust_flow(delta=0.000),critical_alarm
943.779,control,normal_flow,0,normal_bag,inf,150.000,150.000,150,1,adjust_flow(delta=0.000),critical_alarm
944.779,control,normal_flow,0,normal_bag,inf,150.000,150.000,150,1,adjust_flow(delta=0.000),critical_alarm
945.779,control,normal_flow,0,normal_bag,inf,150.000,150.000,150,1,adjust_flow(delta=0.000),critical_alarm
946.779,control,normal_flow,0,normal_bag,inf,150.000,150.000,150,1,adjust_flow(delta=0.000),critical_alarm
947.779,control,normal_flow,0,normal_bag,inf,150.000,150.000,150,1,adjust_flow(delta=0.000),critical_alarm
948.779,control,normal_flow,0,normal_bag,inf,150.000,150.000,150,1,adjust_flow(delta=0.000),critical_alarm
949.779,control,normal_flow,0,normal_bag,inf,150.000,150.000,150,1,adjust_flow(delta=0.000),critical_alarm
950.779,control,normal_flow,0,normal_bag,inf,150.000,150.000,150,1,adjust_flow(delta=0.000),critical_alarm
951.779,control,normal_flow,0,normal_bag,inf,150.000,150.000,150,1,adjust_flow(delta=0.000),critical_alarm
952.779,control,normal_flow,0,normal_bag,inf,150.000,150.000,150,1,adjust_flow(delta=0.000),critical_alarm
953.779,control,normal_flow,0,normal_bag,inf,150.000,150.000,150,1,adjust_flow(delta=0.000),critical_alarm
954.779,control,normal_flow,0,normal_bag,inf,150.000,150.000,150,1,adjust_flow(delta=0.000),critical_alarm
955.779,control,normal_flow,0,normal_bag,inf,150.000,150.000,150,1,adjust_flow(delta=0.000),critical_alarm
956.779,control,normal_flow,0,normal_bag,inf,150.000,150.000,150,1,adjust_flow(delta=0.000),critical_alarm
957.779,control,normal_flow,0,normal_bag,inf,150.000,150.000,150,1,adjust_flow(delta=0.000),critical_alarm
958.779,control,normal_flow,0,normal_bag,inf,150.000,150.000,150,1,adjust_flow(delta=0.000),critical_alarm
959.779,control,normal_flow,0,normal_bag,inf,150.000,150.000,150,1,adjust_flow(delta=0.000),critical_alarm
960.779,control,normal_flow,0,normal_bag,inf,150.000,150.000,150,1,adjust_flow(delta=0.000),critical_alarm
961.779,control,normal_flow,0,normal_bag,inf,150.000,150.000,150,1,adjust_flow(delta=0.000),critical_alarm
962.779,control,normal_flow,0,normal_bag,inf,150.000,150.000,150,1,adjust_flow(delta=0.000),critical_alarm
963.779,control,normal_flow,0,normal_bag,inf,150.000,150.000,150,1,adjust_flow(delta=0.000),critical_alarm
964.779,control,normal_flow,0,normal_bag,inf,150.000,150.000,150,1,adjust_flow(delta=0.000),critical_alarm
965.779,control,normal_flow,0,normal_bag,inf,150.000,150.000,150,1,adjust_flow(delta=0.000),critical_alarm
966.779,control,normal_flow,0,normal_bag,inf,150.000,150.000,150,1,adjust_flow(delta=0.000),critical_alarm
967.779,control,normal_flow,0,normal_bag,inf,150.000,150.000,150,1,adjust_flow(delta=0.000),critical_alarm
968.779,control,normal_flow,0,normal_bag,inf,150.000,150.000,150,1,adjust_flow(delta=0.000),critical_alarm
969.779,control,normal_flow,0,normal_bag,inf,150.000,150.000,150,1,adjust_flow(delta=0.000),critical_alarm
970.779,control,normal_flow,0,normal_bag,inf,150.000,150.000,150,1,adjust_flow(delta=0.000),critical_alarm
971.779,control,normal_flow,0,normal_bag,inf,150.000,150.000,150,1,adjust_flow(delta=0.000),critical_alarm
972.779,control,normal_flow,0,normal_bag,inf,150.000,150.000,150,1,adjust_flow(delta=0.000),critical_alarm
973.779,control,normal_flow,0,normal_bag,inf,150.000,150.000,150,1,adjust_flow(delta=0.000),critical_alarm
974.779,control,normal_flow,0,normal_bag,inf,150.000,150.000,150,1,adjust_flow(delta=0.000),critical_alarm
975.779,control,normal_flow,0,normal_bag,inf,150.000,150.000,150,1,adjust_flow(delta=0.000),critical_alarm
976.779,control,normal_flow,0,normal_bag,inf,150.000,150.000,150,1,adjust_flow(delta=0.000),critical_alarm
977.779,control,normal_flow,0,normal_bag,inf,150.000,150.000,150,1,adjust_flow(delta=0.000),critical_alarm
978.779,control,normal_flow,0,normal_bag,inf,150.000,150.000,150,1,adjust_flow(delta=0.000),critical_alarm
979.779,control,normal_flow,0,normal_bag,inf,150.000,150.000,150,1,adjust_flow(delta=0.000),critical_alarm
980.779,control,normal_flow,0,normal_bag,inf,150.000,150.000,150,1,adjust_flow(delta=0.000),critical_alarm
981.779,control,normal_flow,0,normal_bag,inf,150.000,150.000,150,1,adjust_flow(delta=0.000),critical_alarm
982.779,control,normal_flow,0,normal_bag,inf,150.000,150.000,150,1,adjust_flow(delta=0.000),critical_alarm
983.779,control,normal_flow,0,normal_bag,inf,150.000,150.000,150,1,adjust_flow(delta=0.000),critical_alarm
984.779,control,normal_flow,0,normal_bag,inf,150.000,150.000,150,1,adjust_flow(delta=0.000),critical_alarm
985.779,control,normal_flow,0,normal_bag,inf,150.000,150.000,150,1,adjust_flow(delta=0.000),critical_alarm
986.779,control,normal_flow,0,normal_bag,inf,150.000,150.000,150,1,adjust_flow(delta=0.000),critical_alarm
987.779,control,normal_flow,0,normal_bag,inf,150.000,150.000,150,1,adjust_flow(delta=0.000),critical_alarm
988.779,control,normal_flow,0,normal_bag,inf,150.000,150.000,150,1,adjust_flow(delta=0.000),critical_alarm
989.779,control,normal_flow,0,normal_bag,inf,150.000,150.000,150,1,adjust_flow(delta=0.000),critical_alarm
990.779,control,normal_flow,0,normal_bag,inf,150.000,150.000,150,1,adjust_flow(delta=0.000),critical_alarm
991.779,control,normal_flow,0,normal_bag,inf,150.000,150.000,150,1,adjust_flow(delta=0.000),critical_alarm
992.779,control,normal_flow,0,normal_bag,inf,150.000,150.000,150,1,adjust_flow(delta=0.000),critical_alarm
993.779,control,normal_flow,0,normal_bag,inf,150.000,150.000,150,1,adjust_flow(delta=0.000),critical_alarm
994.779,control,normal_flow,0,normal_bag,inf,150.000,150.000,150,1,adjust_flow(delta=0.000),critical_alarm
995.779,control,normal_flow,0,normal_bag,inf,150.000,150.000,150,1,adjust_flow(delta=0.000),critical_alarm
996.779,control,normal_flow,0,normal_bag,inf,150.000,150.000,150,1,adjust_flow(delta=0.000),critical_alarm
997.779,control,normal_flow,0,normal_bag,inf,150.000,150.000,150,1,adjust_flow(delta=0.000),critical_alarm
998.779,control,normal_flow,0,normal_bag,inf,150.000,150.000,150,1,adjust_flow(delta=0.000),critical_alarm
999.779,control,normal_flow,0,normal_bag,inf,150.000,150.000,150,1,adjust_flow(delta=0.000),critical_alarm
