time,event_type,flow_state,tolerance_count,bag_state,bag_time_remaining,actual_flow,target_flow,medical_order,actions_count,actions,alarm_state
0.231,control,normal_flow,4.0,normal_bag,inf,100.000,120.000,120.0,1,adjust_flow(delta=100.000),no_alarm
0.287,control,normal_flow,5.0,normal_bag,inf,26.277,200.000,200,1,adjust_flow(delta=173.723),no_alarm
1.287,control,normal_flow,5.0,normal_bag,inf,26.277,200.000,200,1,medium_alarm,no_alarm
1.287,alarm,normal_flow,5.0,normal_bag,inf,26.277,200.000,200,1,medium_alarm,medium_alarm
2.287,control,medium_flow,2,normal_bag,inf,26.277,200.000,200,1,adjust_flow(delta=173.723),medium_alarm
3.287,control,medium_flow,3,normal_bag,inf,26.277,200.000,200,1,adjust_flow(delta=173.723),medium_alarm
4.287,control,medium_flow,4,normal_bag,inf,26.277,200.000,200,1,adjust_flow(delta=173.723),medium_alarm
5.287,control,medium_flow,5,normal_bag,inf,26.277,200.000,200,1,adjust_flow(delta=173.723),medium_alarm
6.287,control,medium_flow,5,normal_bag,inf,26.277,200.000,200,2,critical_alarm; stop_pump,medium_alarm
6.287,alarm,medium_flow,5,normal_bag,inf,26.277,200.000,200,2,critical_alarm; stop_pump,critical_alarm
6.287,control,medium_flow,5,normal_bag,inf,26.277,200.000,200,2,critical_alarm; stop_pump,critical_alarm
36.287,alarm,medium_flow,5,normal_bag,inf,26.277,200.000,200,2,critical_alarm; stop_pump,critical_alarm
46.287,alarm,medium_flow,5,normal_bag,inf,26.277,200.000,200,2,critical_alarm; stop_pump,critical_alarm
52.386,nurse_confirmation,medium_flow,5,normal_bag,inf,26.277,200.000,200,2,critical_alarm; stop_pump,critical_alarm
52.386,control,critical_flow,0,normal_bag,inf,196.091,200.000,200,1,adjust_flow(delta=3.909),critical_alarm
53.287,control,normal_flow,0,normal_bag,inf,196.091,200.000,200,1,adjust_flow(delta=3.909),critical_alarm
54.287,control,normal_flow,0,normal_bag,inf,196.091,200.000,200,1,adjust_flow(delta=3.909),critical_alarm
55.287,control,normal_flow,0,normal_bag,inf,196.091,200.000,200,1,adjust_flow(delta=3.909),critical_alarm
56.287,control,normal_flow,0,normal_bag,inf,196.091,200.000,200,1,adjust_flow(delta=3.909),critical_alarm
57.287,control,normal_flow,0,normal_bag,inf,196.091,200.000,200,1,adjust_flow(delta=3.909),critical_alarm
58.287,control,normal_flow,0,normal_bag,inf,196.091,200.000,200,1,adjust_flow(delta=3.909),critical_alarm
59.287,control,normal_flow,0,normal_bag,inf,196.091,200.000,200,1,adjust_flow(delta=3.909),critical_alarm
60.287,control,normal_flow,0,normal_bag,inf,200.000,200.000,200,1,adjust_flow(delta=0.000),critical_alarm
61.287,control,normal_flow,0,normal_bag,inf,200.000,200.000,200,1,adjust_flow(delta=0.000),critical_alarm
62.287,control,normal_flow,0,normal_bag,inf,200.000,200.000,200,1,adjust_flow(delta=0.000),critical_alarm
63.287,control,normal_flow,0,normal_bag,inf,200.000,200.000,200,1,adjust_flow(delta=0.000),critical_alarm
64.287,control,normal_flow,0,normal_bag,inf,200.000,200.000,200,1,adjust_flow(delta=0.000),critical_alarm
65.287,control,normal_flow,0,normal_bag,inf,200.000,200.000,200,1,adjust_flow(delta=0.000),critical_alarm
66.287,control,normal_flow,0,normal_bag,inf,200.000,200.000,200,1,adjust_flow(delta=0.000),critical_alarm
67.287,control,normal_flow,0,normal_bag,inf,200.000,200.000,200,1,adjust_flow(delta=0.000),critical_alarm
68.287,control,normal_flow,0,normal_bag,inf,200.000,200.000,200,1,adjust_flow(delta=0.000),critical_alarm
69.287,control,normal_flow,0,normal_bag,inf,200.000,200.000,200,1,adjust_flow(delta=0.000),critical_alarm
70.287,control,normal_flow,0,normal_bag,inf,200.000,200.000,200,1,adjust_flow(delta=0.000),critical_alarm
71.287,control,normal_flow,0,normal_bag,inf,200.000,200.000,200,1,adjust_flow(delta=0.000),critical_alarm
72.287,control,normal_flow,0,normal_bag,inf,200.000,200.000,200,1,adjust_flow(delta=0.000),critical_alarm
73.287,control,normal_flow,0,normal_bag,inf,200.000,200.000,200,1,adjust_flow(delta=0.000),critical_alarm
74.287,control,normal_flow,0,normal_bag,inf,200.000,200.000,200,1,adjust_flow(delta=0.000),critical_alarm
75.287,control,normal_flow,0,normal_bag,inf,200.000,200.000,200,1,adjust_flow(delta=0.000),critical_alarm
76.287,control,normal_flow,0,normal_bag,inf,200.000,200.000,200,1,adjust_flow(delta=0.000),critical_alarm
77.287,control,normal_flow,0,normal_bag,inf,200.000,200.000,200,1,adjust_flow(delta=0.000),critical_alarm
78.287,control,normal_flow,0,normal_bag,inf,200.000,200.000,200,1,adjust_flow(delta=0.000),critical_alarm
79.287,control,normal_flow,0,normal_bag,inf,200.000,200.000,200,1,adjust_flow(delta=0.000),critical_alarm
80.287,control,normal_flow,0,normal_bag,inf,200.000,200.000,200,1,adjust_flow(delta=0.000),critical_alarm
81.287,control,normal_flow,0,normal_bag,inf,200.000,200.000,200,1,adjust_flow(delta=0.000),critical_alarm
82.287,control,normal_flow,0,normal_bag,inf,200.000,200.000,200,1,adjust_flow(delta=0.000),critical_alarm
83.287,control,normal_flow,0,normal_bag,inf,200.000,200.000,200,1,adjust_flow(delta=0.000),critical_alarm
84.287,control,normal_flow,0,normal_bag,inf,200.000,200.000,200,1,adjust_flow(delta=0.000),critical_alarm
85.287,control,normal_flow,0,normal_bag,inf,200.000,200.000,200,1,adjust_flow(delta=0.000),critical_alarm
86.287,control,normal_flow,0,normal_bag,inf,200.000,200.000,200,1,adjust_flow(delta=0.000),critical_alarm
87.287,control,normal_flow,0,normal_bag,inf,200.000,200.000,200,1,adjust_flow(delta=0.000),critical_alarm
88.287,control,normal_flow,0,normal_bag,inf,200.000,200.000,200,1,adjust_flow(delta=0.000),critical_alarm
89.287,control,normal_flow,0,normal_bag,inf,200.000,200.000,200,1,adjust_flow(delta=0.000),critical_alarm
90.287,control,normal_flow,0,normal_bag,inf,200.000,200.000,200,1,adjust_flow(delta=0.000),critical_alarm
91.287,control,normal_flow,0,normal_bag,inf,200.000,200.000,200,1,adjust_flow(delta=0.000),critical_alarm
92.287,control,normal_flow,0,normal_bag,inf,200.000,200.000,200,1,adjust_flow(delta=0.000),critical_alarm
93.287,control,normal_flow,0,normal_bag,inf,200.000,200.000,200,1,adjust_flow(delta=0.000),critical_alarm
94.287,control,normal_flow,0,normal_bag,inf,200.000,200.000,200,1,adjust_flow(delta=0.000),critical_alarm
95.287,control,normal_flow,0,normal_bag,inf,200.000,200.000,200,1,adjust_flow(delta=0.000),critical_alarm
96.287,control,normal_flow,0,normal_bag,inf,200.000,200.000,200,1,adjust_flow(delta=0.000),critical_alarm
97.287,control,normal_flow,0,normal_bag,inf,200.000,200.000,200,1,adjust_flow(delta=0.000),critical_alarm
98.287,control,normal_flow,0,normal_bag,inf,200.000,200.000,200,1,adjust_flow(delta=0.000),critical_alarm
99.287,control,normal_flow,0,normal_bag,inf,200.000,200.000,200,1,adjust_flow(delta=0.000),critical_alarm
100.287,control,normal_flow,0,normal_bag,inf,200.000,200.000,200,1,adjust_flow(delta=0.000),critical_alarm
101.287,control,normal_flow,0,normal_bag,inf,200.000,200.000,200,1,adjust_flow(delta=0.000),critical_alarm
102.287,control,normal_flow,0,normal_bag,inf,200.000,200.000,200,1,adjust_flow(delta=0.000),critical_alarm
103.287,control,normal_flow,0,normal_bag,inf,200.000,200.000,200,1,adjust_flow(delta=0.000),critical_alarm
104.287,control,normal_flow,0,normal_bag,inf,200.000,200.000,200,1,adjust_flow(delta=0.000),critical_alarm
105.287,control,normal_flow,0,normal_bag,inf,200.000,200.000,200,1,adjust_flow(delta=0.000),critical_alarm
106.287,control,normal_flow,0,normal_bag,inf,200.000,200.000,200,1,adjust_flow(delta=0.000),critical_alarm
107.287,control,normal_flow,0,normal_bag,inf,200.000,200.000,200,1,adjust_flow(delta=0.000),critical_alarm
108.287,control,normal_flow,0,normal_bag,inf,200.000,200.000,200,1,adjust_flow(delta=0.000),critical_alarm
109.287,control,normal_flow,0,normal_bag,inf,200.000,200.000,200,1,adjust_flow(delta=0.000),critical_alarm
110.287,control,normal_flow,0,normal_bag,inf,200.000,200.000,200,1,adjust_flow(delta=0.000),critical_alarm
111.287,control,normal_flow,0,normal_bag,inf,200.000,200.000,200,1,adjust_flow(delta=0.000),critical_alarm
112.287,control,normal_flow,0,normal_bag,inf,200.000,200.000,200,1,adjust_flow(delta=0.000),critical_alarm
113.287,control,normal_flow,0,normal_bag,inf,200.000,200.000,200,1,adjust_flow(delta=0.000),critical_alarm
114.287,control,normal_flow,0,normal_bag,inf,200.000,200.000,200,1,adjust_flow(delta=0.000),critical_alarm
115.287,control,normal_flow,0,normal_bag,inf,200.000,200.000,200,1,adjust_flow(delta=0.000),critical_alarm
116.287,control,normal_flow,0,normal_bag,inf,200.000,200.000,200,1,adjust_flow(delta=0.000),critical_alarm
117.287,control,normal_flow,0,normal_bag,inf,200.000,200.000,200,1,adjust_flow(delta=0.000),critical_alarm
118.287,control,normal_flow,0,normal_bag,inf,200.000,200.000,200,1,adjust_flow(delta=0.000),critical_alarm
119.287,control,normal_flow,0,normal_bag,inf,200.000,200.000,200,1,adjust_flow(delta=0.000),critical_alarm
120.287,control,normal_flow,0,normal_bag,inf,200.000,200.000,200,1,adjust_flow(delta=0.000),critical_alarm
121.287,control,normal_flow,0,normal_bag,inf,200.000,200.000,200,1,adjust_flow(delta=0.000),critical_alarm
122.287,control,normal_flow,0,normal_bag,inf,200.000,200.000,200,1,adjust_flow(delta=0.000),critical_alarm
123.287,control,normal_flow,0,normal_bag,inf,200.000,200.000,200,1,adjust_flow(delta=0.000),critical_alarm
124.287,control,normal_flow,0,normal_bag,inf,200.000,200.000,200,1,adjust_flow(delta=0.000),critical_alarm
125.287,control,normal_flow,0,normal_bag,inf,200.000,200.000,200,1,adjust_flow(delta=0.000),critical_alarm
126.287,control,normal_flow,0,normal_bag,inf,200.000,200.000,200,1,adjust_flow(delta=0.000),critical_alarm
127.287,control,normal_flow,0,normal_bag,inf,200.000,200.000,200,1,adjust_flow(delta=0.000),critical_alarm
128.287,control,normal_flow,0,normal_bag,inf,200.000,200.000,200,1,adjust_flow(delta=0.000),critical_alarm
129.287,control,normal_flow,0,normal_bag,inf,200.000,200.000,200,1,adjust_flow(delta=0.000),critical_alarm
130.287,control,normal_flow,0,normal_bag,inf,200.000,200.000,200,1,adjust_flow(delta=0.000),critical_alarm
131.287,control,normal_flow,0,normal_bag,inf,200.000,200.000,200,1,adjust_flow(delta=0.000),critical_alarm
132.287,control,normal_flow,0,normal_bag,inf,200.000,200.000,200,1,adjust_flow(delta=0.000),critical_alarm
133.287,control,normal_flow,0,normal_bag,inf,200.000,200.000,200,1,adjust_flow(delta=0.000),critical_alarm
134.287,control,normal_flow,0,normal_bag,inf,200.000,200.000,200,1,adjust_flow(delta=0.000),critical_alarm
135.287,control,normal_flow,0,normal_bag,inf,200.000,200.000,200,1,adjust_flow(delta=0.000),critical_alarm
136.287,control,normal_flow,0,normal_bag,inf,200.000,200.000,200,1,adjust_flow(delta=0.000),critical_alarm
137.287,control,normal_flow,0,normal_bag,inf,200.000,200.000,200,1,adjust_flow(delta=0.000),critical_alarm
138.287,control,normal_flow,0,normal_bag,inf,200.000,200.000,200,1,adjust_flow(delta=0.000),critical_alarm
139.287,control,normal_flow,0,normal_bag,inf,200.000,200.000,200,1,adjust_flow(delta=0.000),critical_alarm
140.287,control,normal_flow,0,normal_bag,inf,200.000,200.000,200,1,adjust_flow(delta=0.000),critical_alarm
141.287,control,normal_flow,0,normal_bag,inf,200.000,200.000,200,1,adjust_flow(delta=0.000),critical_alarm
142.287,control,normal_flow,0,normal_bag,inf,200.000,200.000,200,1,adjust_flow(delta=0.000),critical_alarm
143.287,control,normal_flow,0,normal_bag,inf,200.000,200.000,200,1,adjust_flow(delta=0.000),critical_alarm
144.287,control,normal_flow,0,normal_bag,inf,200.000,200.000,200,1,adjust_flow(delta=0.000),critical_alarm
145.287,control,normal_flow,0,normal_bag,inf,200.000,200.000,200,1,adjust_flow(delta=0.000),critical_alarm
146.287,control,normal_flow,0,normal_bag,inf,200.000,200.000,200,1,adjust_flow(delta=0.000),critical_alarm
147.287,control,normal_flow,0,normal_bag,inf,200.000,200.000,200,1,adjust_flow(delta=0.000),critical_alarm
148.287,control,normal_flow,0,normal_bag,inf,200.000,200.000,200,1,adjust_flow(delta=0.000),critical_alarm
149.287,control,normal_flow,0,normal_bag,inf,200.000,200.000,200,1,adjust_flow(delta=0.000),critical_alarm
150.287,control,normal_flow,0,normal_bag,inf,200.000,200.000,200,1,adjust_flow(delta=0.000),critical_alarm
151.287,control,normal_flow,0,normal_bag,inf,200.000,200.000,200,1,adjust_flow(delta=0.000),critical_alarm
152.287,control,normal_flow,0,normal_bag,inf,200.000,200.000,200,1,adjust_flow(delta=0.000),critical_alarm
153.287,control,normal_flow,0,normal_bag,inf,200.000,200.000,200,1,adjust_flow(delta=0.000),critical_alarm
154.287,control,normal_flow,0,normal_bag,inf,200.000,200.000,200,1,adjust_flow(delta=0.000),critical_alarm
155.287,control,normal_flow,0,normal_bag,inf,200.000,200.000,200,1,adjust_flow(delta=0.000),critical_alarm
156.287,control,normal_flow,0,normal_bag,inf,200.000,200.000,200,1,adjust_flow(delta=0.000),critical_alarm
157.287,control,normal_flow,0,normal_bag,inf,200.000,200.000,200,1,adjust_flow(delta=0.000),critical_alarm
158.287,control,normal_flow,0,normal_bag,inf,200.000,200.000,200,1,adjust_flow(delta=0.000),critical_alarm
159.287,control,normal_flow,0,normal_bag,inf,200.000,200.000,200,1,adjust_flow(delta=0.000),critical_alarm
160.287,control,normal_flow,0,normal_bag,inf,200.000,200.000,200,1,adjust_flow(delta=0.000),critical_alarm
161.287,control,normal_flow,0,normal_bag,inf,200.000,200.000,200,1,adjust_flow(delta=0.000),critical_alarm
162.287,control,normal_flow,0,normal_bag,inf,200.000,200.000,200,1,adjust_flow(delta=0.000),critical_alarm
163.287,control,normal_flow,0,normal_bag,inf,200.000,200.000,200,1,adjust_flow(delta=0.000),critical_alarm
164.287,control,normal_flow,0,normal_bag,inf,200.000,200.000,200,1,adjust_flow(delta=0.000),critical_alarm
165.287,control,normal_flow,0,normal_bag,inf,200.000,200.000,200,1,adjust_flow(delta=0.000),critical_alarm
166.287,control,normal_flow,0,normal_bag,inf,200.000,200.000,200,1,adjust_flow(delta=0.000),critical_alarm
167.287,control,normal_flow,0,normal_bag,inf,200.000,200.000,200,1,adjust_flow(delta=0.000),critical_alarm
168.287,control,normal_flow,0,normal_bag,inf,200.000,200.000,200,1,adjust_flow(delta=0.000),critical_alarm
169.287,control,normal_flow,0,normal_bag,inf,200.000,200.000,200,1,adjust_flow(delta=0.000),critical_alarm
170.287,control,normal_flow,0,normal_bag,inf,200.000,200.000,200,1,adjust_flow(delta=0.000),critical_alarm
171.287,control,normal_flow,0,normal_bag,inf,200.000,200.000,200,1,adjust_flow(delta=0.000),critical_alarm
172.287,control,normal_flow,0,normal_bag,inf,200.000,200.000,200,1,adjust_flow(delta=0.000),critical_alarm
173.287,control,normal_flow,0,normal_bag,inf,200.000,200.000,200,1,adjust_flow(delta=0.000),critical_alarm
174.287,control,normal_flow,0,normal_bag,inf,200.000,200.000,200,1,adjust_flow(delta=0.000),critical_alarm
175.287,control,normal_flow,0,normal_bag,inf,200.000,200.000,200,1,adjust_flow(delta=0.000),critical_alarm
176.287,control,normal_flow,0,normal_bag,inf,200.000,200.000,200,1,adjust_flow(delta=0.000),critical_alarm
177.287,control,normal_flow,0,normal_bag,inf,200.000,200.000,200,1,adjust_flow(delta=0.000),critical_alarm
178.287,control,normal_flow,0,normal_bag,inf,200.000,200.000,200,1,adjust_flow(delta=0.000),critical_alarm
179.287,control,normal_flow,0,normal_bag,inf,200.000,200.000,200,1,adjust_flow(delta=0.000),critical_alarm
180.287,control,normal_flow,0,normal_bag,inf,200.000,200.000,200,1,adjust_flow(delta=0.000),critical_alarm
181.287,control,normal_flow,0,normal_bag,inf,200.000,200.000,200,1,adjust_flow(delta=0.000),critical_alarm
182.287,control,normal_flow,0,normal_bag,inf,200.000,200.000,200,1,adjust_flow(delta=0.000),critical_alarm
183.287,control,normal_flow,0,normal_bag,inf,200.000,200.000,200,1,adjust_flow(delta=0.000),critical_alarm
184.287,control,normal_flow,0,normal_bag,inf,200.000,200.000,200,1,adjust_flow(delta=0.000),critical_alarm
185.287,control,normal_flow,0,normal_bag,inf,200.000,200.000,200,1,adjust_flow(delta=0.000),critical_alarm
186.287,control,normal_flow,0,normal_bag,inf,200.000,200.000,200,1,adjust_flow(delta=0.000),critical_alarm
187.287,control,normal_flow,0,normal_bag,inf,200.000,200.000,200,1,adjust_flow(delta=0.000),critical_alarm
188.287,control,normal_flow,0,normal_bag,inf,200.000,200.000,200,1,adjust_flow(delta=0.000),critical_alarm
189.287,control,normal_flow,0,normal_bag,inf,200.000,200.000,200,1,adjust_flow(delta=0.000),critical_alarm
190.287,control,normal_flow,0,normal_bag,inf,200.000,200.000,200,1,adjust_flow(delta=0.000),critical_alarm
191.287,control,normal_flow,0,normal_bag,inf,200.000,200.000,200,1,adjust_flow(delta=0.000),critical_alarm
192.287,control,normal_flow,0,normal_bag,inf,200.000,200.000,200,1,adjust_flow(delta=0.000),critical_alarm
193.287,control,normal_flow,0,normal_bag,inf,200.000,200.000,200,1,adjust_flow(delta=0.000),critical_alarm
194.287,control,normal_flow,0,normal_bag,inf,200.000,200.000,200,1,adjust_flow(delta=0.000),critical_alarm
195.287,control,normal_flow,0,normal_bag,inf,200.000,200.000,200,1,adjust_flow(delta=0.000),critical_alarm
196.287,control,normal_flow,0,normal_bag,inf,200.000,200.000,200,1,adjust_flow(delta=0.000),critical_alarm
197.287,control,normal_flow,0,normal_bag,inf,200.000,200.000,200,1,adjust_flow(delta=0.000),critical_alarm
198.287,control,normal_flow,0,normal_bag,inf,200.000,200.000,200,1,adjust_flow(delta=0.000),critical_alarm
199.287,control,normal_flow,0,normal_bag,inf,200.000,200.000,200,1,adjust_flow(delta=0.000),critical_alarm
200.287,control,normal_flow,0,normal_bag,inf,200.000,200.000,200,1,adjust_flow(delta=0.000),critical_alarm
201.287,control,normal_flow,0,normal_bag,inf,200.000,200.000,200,1,adjust_flow(delta=0.000),critical_alarm
202.287,control,normal_flow,0,normal_bag,inf,200.000,200.000,200,1,adjust_flow(delta=0.000),critical_alarm
203.287,control,normal_flow,0,normal_bag,inf,200.000,200.000,200,1,adjust_flow(delta=0.000),critical_alarm
204.287,control,normal_flow,0,normal_bag,inf,200.000,200.000,200,1,adjust_flow(delta=0.000),critical_alarm
205.287,control,normal_flow,0,normal_bag,inf,200.000,200.000,200,1,adjust_flow(delta=0.000),critical_alarm
206.287,control,normal_flow,0,normal_bag,inf,200.000,200.000,200,1,adjust_flow(delta=0.000),critical_alarm
207.287,control,normal_flow,0,normal_bag,inf,200.000,200.000,200,1,adjust_flow(delta=0.000),critical_alarm
208.287,control,normal_flow,0,normal_bag,inf,200.000,200.000,200,1,adjust_flow(delta=0.000),critical_alarm
209.287,control,normal_flow,0,normal_bag,inf,200.000,200.000,200,1,adjust_flow(delta=0.000),critical_alarm
210.287,control,normal_flow,0,normal_bag,inf,200.000,200.000,200,1,adjust_flow(delta=0.000),critical_alarm
211.287,control,normal_flow,0,normal_bag,inf,200.000,200.000,200,1,adjust_flow(delta=0.000),critical_alarm
212.287,control,normal_flow,0,normal_bag,inf,200.000,200.000,200,1,adjust_flow(delta=0.000),critical_alarm
213.287,control,normal_flow,0,normal_bag,inf,200.000,200.000,200,1,adjust_flow(delta=0.000),critical_alarm
214.287,control,normal_flow,0,normal_bag,inf,200.000,200.000,200,1,adjust_flow(delta=0.000),critical_alarm
215.287,control,normal_flow,0,normal_bag,inf,200.000,200.000,200,1,adjust_flow(delta=0.000),critical_alarm
216.287,control,normal_flow,0,normal_bag,inf,200.000,200.000,200,1,adjust_flow(delta=0.000),critical_alarm
217.287,control,normal_flow,0,normal_bag,inf,200.000,200.000,200,1,adjust_flow(delta=0.000),critical_alarm
218.287,control,normal_flow,0,normal_bag,inf,200.000,200.000,200,1,adjust_flow(delta=0.000),critical_alarm
219.287,control,normal_flow,0,normal_bag,inf,200.000,200.000,200,1,adjust_flow(delta=0.000),critical_alarm
220.287,control,normal_flow,0,normal_bag,inf,200.000,200.000,200,1,adjust_flow(delta=0.000),critical_alarm
221.287,control,normal_flow,0,normal_bag,inf,200.000,200.000,200,1,adjust_flow(delta=0.000),critical_alarm
222.287,control,normal_flow,0,normal_bag,inf,200.000,200.000,200,1,adjust_flow(delta=0.000),critical_alarm
223.287,control,normal_flow,0,normal_bag,inf,200.000,200.000,200,1,adjust_flow(delta=0.000),critical_alarm
224.287,control,normal_flow,0,normal_bag,inf,200.000,200.000,200,1,adjust_flow(delta=0.000),critical_alarm
225.287,control,normal_flow,0,normal_bag,inf,200.000,200.000,200,1,adjust_flow(delta=0.000),critical_alarm
226.287,control,normal_flow,0,normal_bag,inf,200.000,200.000,200,1,adjust_flow(delta=0.000),critical_alarm
227.287,control,normal_flow,0,normal_bag,inf,200.000,200.000,200,1,adjust_flow(delta=0.000),critical_alarm
228.287,control,normal_flow,0,normal_bag,inf,200.000,200.000,200,1,adjust_flow(delta=0.000),critical_alarm
229.287,control,normal_flow,0,normal_bag,inf,200.000,200.000,200,1,adjust_flow(delta=0.000),critical_alarm
230.287,control,normal_flow,0,normal_bag,inf,200.000,200.000,200,1,adjust_flow(delta=0.000),critical_alarm
231.287,control,normal_flow,0,normal_bag,inf,200.000,200.000,200,1,adjust_flow(delta=0.000),critical_alarm
232.287,control,normal_flow,0,normal_bag,inf,200.000,200.000,200,1,adjust_flow(delta=0.000),critical_alarm
233.287,control,normal_flow,0,normal_bag,inf,200.000,200.000,200,1,adjust_flow(delta=0.000),critical_alarm
234.287,control,normal_flow,0,normal_bag,inf,200.000,200.000,200,1,adjust_flow(delta=0.000),critical_alarm
235.287,control,normal_flow,0,normal_bag,inf,200.000,200.000,200,1,adjust_flow(delta=0.000),critical_alarm
236.287,control,normal_flow,0,normal_bag,inf,200.000,200.000,200,1,adjust_flow(delta=0.000),critical_alarm
237.287,control,normal_flow,0,normal_bag,inf,200.000,200.000,200,1,adjust_flow(delta=0.000),critical_alarm
238.287,control,normal_flow,0,normal_bag,inf,200.000,200.000,200,1,adjust_flow(delta=0.000),critical_alarm
239.287,control,normal_flow,0,normal_bag,inf,200.000,200.000,200,1,adjust_flow(delta=0.000),critical_alarm
240.287,control,normal_flow,0,normal_bag,inf,200.000,200.000,200,1,adjust_flow(delta=0.000),critical_alarm
241.287,control,normal_flow,0,normal_bag,inf,200.000,200.000,200,1,adjust_flow(delta=0.000),critical_alarm
242.287,control,normal_flow,0,normal_bag,inf,200.000,200.000,200,1,adjust_flow(delta=0.000),critical_alarm
243.287,control,normal_flow,0,normal_bag,inf,200.000,200.000,200,1,adjust_flow(delta=0.000),critical_alarm
244.287,control,normal_flow,0,normal_bag,inf,200.000,200.000,200,1,adjust_flow(delta=0.000),critical_alarm
245.287,control,normal_flow,0,normal_bag,inf,200.000,200.000,200,1,adjust_flow(delta=0.000),critical_alarm
246.287,control,normal_flow,0,normal_bag,inf,200.000,200.000,200,1,adjust_flow(delta=0.000),critical_alarm
247.287,control,normal_flow,0,normal_bag,inf,200.000,200.000,200,1,adjust_flow(delta=0.000),critical_alarm
248.287,control,normal_flow,0,normal_bag,inf,200.000,200.000,200,1,adjust_flow(delta=0.000),critical_alarm
249.287,control,normal_flow,0,normal_bag,inf,200.000,200.000,200,1,adjust_flow(delta=0.000),critical_alarm
250.287,control,normal_flow,0,normal_bag,inf,200.000,200.000,200,1,adjust_flow(delta=0.000),critical_alarm
251.287,control,normal_flow,0,normal_bag,inf,200.000,200.000,200,1,adjust_flow(delta=0.000),critical_alarm
252.287,control,normal_flow,0,normal_bag,inf,200.000,200.000,200,1,adjust_flow(delta=0.000),critical_alarm
253.287,control,normal_flow,0,normal_bag,inf,200.000,200.000,200,1,adjust_flow(delta=0.000),critical_alarm
254.287,control,normal_flow,0,normal_bag,inf,200.000,200.000,200,1,adjust_flow(delta=0.000),critical_alarm
255.287,control,normal_flow,0,normal_bag,inf,200.000,200.000,200,1,adjust_flow(delta=0.000),critical_alarm
256.287,control,normal_flow,0,normal_bag,inf,200.000,200.000,200,1,adjust_flow(delta=0.000),critical_alarm
257.287,control,normal_flow,0,normal_bag,inf,200.000,200.000,200,1,adjust_flow(delta=0.000),critical_alarm
258.287,control,normal_flow,0,normal_bag,inf,200.000,200.000,200,1,adjust_flow(delta=0.000),critical_alarm
259.287,control,normal_flow,0,normal_bag,inf,200.000,200.000,200,1,adjust_flow(delta=0.000),critical_alarm
260.287,control,normal_flow,0,normal_bag,inf,200.000,200.000,200,1,adjust_flow(delta=0.000),critical_alarm
261.287,control,normal_flow,0,normal_bag,inf,200.000,200.000,200,1,adjust_flow(delta=0.000),critical_alarm
262.287,control,normal_flow,0,normal_bag,inf,200.000,200.000,200,1,adjust_flow(delta=0.000),critical_alarm
263.287,control,normal_flow,0,normal_bag,inf,200.000,200.000,200,1,adjust_flow(delta=0.000),critical_alarm
264.287,control,normal_flow,0,normal_bag,inf,200.000,200.000,200,1,adjust_flow(delta=0.000),critical_alarm
265.287,control,normal_flow,0,normal_bag,inf,200.000,200.000,200,1,adjust_flow(delta=0.000),critical_alarm
266.287,control,normal_flow,0,normal_bag,inf,200.000,200.000,200,1,adjust_flow(delta=0.000),critical_alarm
267.287,control,normal_flow,0,normal_bag,inf,200.000,200.000,200,1,adjust_flow(delta=0.000),critical_alarm
268.287,control,normal_flow,0,normal_bag,inf,200.000,200.000,200,1,adjust_flow(delta=0.000),critical_alarm
269.287,control,normal_flow,0,normal_bag,inf,200.000,200.000,200,1,adjust_flow(delta=0.000),critical_alarm
270.287,control,normal_flow,0,normal_bag,inf,200.000,200.000,200,1,adjust_flow(delta=0.000),critical_alarm
271.287,control,normal_flow,0,normal_bag,inf,200.000,200.000,200,1,adjust_flow(delta=0.000),critical_alarm
272.287,control,normal_flow,0,normal_bag,inf,200.000,200.000,200,1,adjust_flow(delta=0.000),critical_alarm
273.287,control,normal_flow,0,normal_bag,inf,200.000,200.000,200,1,adjust_flow(delta=0.000),critical_alarm
274.287,control,normal_flow,0,normal_bag,inf,200.000,200.000,200,1,adjust_flow(delta=0.000),critical_alarm
275.287,control,normal_flow,0,normal_bag,inf,200.000,200.000,200,1,adjust_flow(delta=0.000),critical_alarm
276.287,control,normal_flow,0,normal_bag,inf,200.000,200.000,200,1,adjust_flow(delta=0.000),critical_alarm
277.287,control,normal_flow,0,normal_bag,inf,200.000,200.000,200,1,adjust_flow(delta=0.000),critical_alarm
278.287,control,normal_flow,0,normal_bag,inf,200.000,200.000,200,1,adjust_flow(delta=0.000),critical_alarm
279.287,control,normal_flow,0,normal_bag,inf,200.000,200.000,200,1,adjust_flow(delta=0.000),critical_alarm
280.287,control,normal_flow,0,normal_bag,inf,200.000,200.000,200,1,adjust_flow(delta=0.000),critical_alarm
281.287,control,normal_flow,0,normal_bag,inf,200.000,200.000,200,1,adjust_flow(delta=0.000),critical_alarm
282.287,control,normal_flow,0,normal_bag,inf,200.000,200.000,200,1,adjust_flow(delta=0.000),critical_alarm
283.287,control,normal_flow,0,normal_bag,inf,200.000,200.000,200,1,adjust_flow(delta=0.000),critical_alarm
284.287,control,normal_flow,0,normal_bag,inf,200.000,200.000,200,1,adjust_flow(delta=0.000),critical_alarm
285.287,control,normal_flow,0,normal_bag,inf,200.000,200.000,200,1,adjust_flow(delta=0.000),critical_alarm
286.287,control,normal_flow,0,normal_bag,inf,200.000,200.000,200,1,adjust_flow(delta=0.000),critical_alarm
287.287,control,normal_flow,0,normal_bag,inf,200.000,200.000,200,1,adjust_flow(delta=0.000),critical_alarm
288.287,control,normal_flow,0,normal_bag,inf,200.000,200.000,200,1,adjust_flow(delta=0.000),critical_alarm
289.287,control,normal_flow,0,normal_bag,inf,200.000,200.000,200,1,adjust_flow(delta=0.000),critical_alarm
290.287,control,normal_flow,0,normal_bag,inf,200.000,200.000,200,1,adjust_flow(delta=0.000),critical_alarm
291.287,control,normal_flow,0,normal_bag,inf,200.000,200.000,200,1,adjust_flow(delta=0.000),critical_alarm
292.287,control,normal_flow,0,normal_bag,inf,200.000,200.000,200,1,adjust_flow(delta=0.000),critical_alarm
293.287,control,normal_flow,0,normal_bag,inf,200.000,200.000,200,1,adjust_flow(delta=0.000),critical_alarm
294.287,control,normal_flow,0,normal_bag,inf,200.000,200.000,200,1,adjust_flow(delta=0.000),critical_alarm
295.287,control,normal_flow,0,normal_bag,inf,200.000,200.000,200,1,adjust_flow(delta=0.000),critical_alarm
296.287,control,normal_flow,0,normal_bag,inf,200.000,200.000,200,1,adjust_flow(delta=0.000),critical_alarm
297.287,control,normal_flow,0,normal_bag,inf,200.000,200.000,200,1,adjust_flow(delta=0.000),critical_alarm
298.287,control,normal_flow,0,normal_bag,inf,200.000,200.000,200,1,adjust_flow(delta=0.000),critical_alarm
299.287,control,normal_flow,0,normal_bag,inf,200.000,200.000,200,1,adjust_flow(delta=0.000),critical_alarm
300.287,control,normal_flow,0,normal_bag,inf,200.000,200.000,200,1,adjust_flow(delta=0.000),critical_alarm
301.287,control,normal_flow,0,normal_bag,inf,200.000,200.000,200,1,adjust_flow(delta=0.000),critical_alarm
302.287,control,normal_flow,0,normal_bag,inf,200.000,200.000,200,1,adjust_flow(delta=0.000),critical_alarm
303.287,control,normal_flow,0,normal_bag,inf,200.000,200.000,200,1,adjust_flow(delta=0.000),critical_alarm
304.287,control,normal_flow,0,normal_bag,inf,200.000,200.000,200,1,adjust_flow(delta=0.000),critical_alarm
305.287,control,normal_flow,0,normal_bag,inf,200.000,200.000,200,1,adjust_flow(delta=0.000),critical_alarm
306.287,control,normal_flow,0,normal_bag,inf,200.000,200.000,200,1,adjust_flow(delta=0.000),critical_alarm
307.287,control,normal_flow,0,normal_bag,inf,200.000,200.000,200,1,adjust_flow(delta=0.000),critical_alarm
308.287,control,normal_flow,0,normal_bag,inf,200.000,200.000,200,1,adjust_flow(delta=0.000),critical_alarm
309.287,control,normal_flow,0,normal_bag,inf,200.000,200.000,200,1,adjust_flow(delta=0.000),critical_alarm
310.287,control,normal_flow,0,normal_bag,inf,200.000,200.000,200,1,adjust_flow(delta=0.000),critical_alarm
311.287,control,normal_flow,0,normal_bag,inf,200.000,200.000,200,1,adjust_flow(delta=0.000),critical_alarm
312.287,control,normal_flow,0,normal_bag,inf,200.000,200.000,200,1,adjust_flow(delta=0.000),critical_alarm
313.287,control,normal_flow,0,normal_bag,inf,200.000,200.000,200,1,adjust_flow(delta=0.000),critical_alarm
314.287,control,normal_flow,0,normal_bag,inf,200.000,200.000,200,1,adjust_flow(delta=0.000),critical_alarm
315.287,control,normal_flow,0,normal_bag,inf,200.000,200.000,200,1,adjust_flow(delta=0.000),critical_alarm
316.287,control,normal_flow,0,normal_bag,inf,200.000,200.000,200,1,adjust_flow(delta=0.000),critical_alarm
317.287,control,normal_flow,0,normal_bag,inf,200.000,200.000,200,1,adjust_flow(delta=0.000),critical_alarm
318.287,control,normal_flow,0,normal_bag,inf,200.000,200.000,200,1,adjust_flow(delta=0.000),critical_alarm
319.287,control,normal_flow,0,normal_bag,inf,200.000,200.000,200,1,adjust_flow(delta=0.000),critical_alarm
320.287,control,normal_flow,0,normal_bag,inf,200.000,200.000,200,1,adjust_flow(delta=0.000),critical_alarm
321.287,control,normal_flow,0,normal_bag,inf,200.000,200.000,200,1,adjust_flow(delta=0.000),critical_alarm
322.287,control,normal_flow,0,normal_bag,inf,200.000,200.000,200,1,adjust_flow(delta=0.000),critical_alarm
323.287,control,normal_flow,0,normal_bag,inf,200.000,200.000,200,1,adjust_flow(delta=0.000),critical_alarm
324.287,control,normal_flow,0,normal_bag,inf,200.000,200.000,200,1,adjust_flow(delta=0.000),critical_alarm
325.287,control,normal_flow,0,normal_bag,inf,200.000,200.000,200,1,adjust_flow(delta=0.000),critical_alarm
326.287,control,normal_flow,0,normal_bag,inf,200.000,200.000,200,1,adjust_flow(delta=0.000),critical_alarm
327.287,control,normal_flow,0,normal_bag,inf,200.000,200.000,200,1,adjust_flow(delta=0.000),critical_alarm
328.287,control,normal_flow,0,normal_bag,inf,200.000,200.000,200,1,adjust_flow(delta=0.000),critical_alarm
329.287,control,normal_flow,0,normal_bag,inf,200.000,200.000,200,1,adjust_flow(delta=0.000),critical_alarm
330.287,control,normal_flow,0,normal_bag,inf,200.000,200.000,200,1,adjust_flow(delta=0.000),critical_alarm
331.287,control,normal_flow,0,normal_bag,inf,200.000,200.000,200,1,adjust_flow(delta=0.000),critical_alarm
332.287,control,normal_flow,0,normal_bag,inf,200.000,200.000,200,1,adjust_flow(delta=0.000),critical_alarm
333.287,control,normal_flow,0,normal_bag,inf,200.000,200.000,200,1,adjust_flow(delta=0.000),critical_alarm
334.287,control,normal_flow,0,normal_bag,inf,200.000,200.000,200,1,adjust_flow(delta=0.000),critical_alarm
335.287,control,normal_flow,0,normal_bag,inf,200.000,200.000,200,1,adjust_flow(delta=0.000),critical_alarm
336.287,control,normal_flow,0,normal_bag,inf,200.000,200.000,200,1,adjust_flow(delta=0.000),critical_alarm
337.287,control,normal_flow,0,normal_bag,inf,200.000,200.000,200,1,adjust_flow(delta=0.000),critical_alarm
338.287,control,normal_flow,0,normal_bag,inf,200.000,200.000,200,1,adjust_flow(delta=0.000),critical_alarm
339.287,control,normal_flow,0,normal_bag,inf,200.000,200.000,200,1,adjust_flow(delta=0.000),critical_alarm
340.287,control,normal_flow,0,normal_bag,inf,200.000,200.000,200,1,adjust_flow(delta=0.000),critical_alarm
341.287,control,normal_flow,0,normal_bag,inf,200.000,200.000,200,1,adjust_flow(delta=0.000),critical_alarm
342.287,control,normal_flow,0,normal_bag,inf,200.000,200.000,200,1,adjust_flow(delta=0.000),critical_alarm
343.287,control,normal_flow,0,normal_bag,inf,200.000,200.000,200,1,adjust_flow(delta=0.000),critical_alarm
344.287,control,normal_flow,0,normal_bag,inf,200.000,200.000,200,1,adjust_flow(delta=0.000),critical_alarm
345.287,control,normal_flow,0,normal_bag,inf,200.000,200.000,200,1,adjust_flow(delta=0.000),critical_alarm
346.287,control,normal_flow,0,normal_bag,inf,200.000,200.000,200,1,adjust_flow(delta=0.000),critical_alarm
347.287,control,normal_flow,0,normal_bag,inf,200.000,200.000,200,1,adjust_flow(delta=0.000),critical_alarm
348.287,control,normal_flow,0,normal_bag,inf,200.000,200.000,200,1,adjust_flow(delta=0.000),critical_alarm
349.287,control,normal_flow,0,normal_bag,inf,200.000,200.000,200,1,adjust_flow(delta=0.000),critical_alarm
350.287,control,normal_flow,0,normal_bag,inf,200.000,200.000,200,1,adjust_flow(delta=0.000),critical_alarm
351.287,control,normal_flow,0,normal_bag,inf,200.000,200.000,200,1,adjust_flow(delta=0.000),critical_alarm
352.287,control,normal_flow,0,normal_bag,inf,200.000,200.000,200,1,adjust_flow(delta=0.000),critical_alarm
353.287,control,normal_flow,0,normal_bag,inf,200.000,200.000,200,1,adjust_flow(delta=0.000),critical_alarm
354.287,control,normal_flow,0,normal_bag,inf,200.000,200.000,200,1,adjust_flow(delta=0.000),critical_alarm
355.287,control,normal_flow,0,normal_bag,inf,200.000,200.000,200,1,adjust_flow(delta=0.000),critical_alarm
356.287,control,normal_flow,0,normal_bag,inf,200.000,200.000,200,1,adjust_flow(delta=0.000),critical_alarm
357.287,control,normal_flow,0,normal_bag,inf,200.000,200.000,200,1,adjust_flow(delta=0.000),critical_alarm
358.287,control,normal_flow,0,normal_bag,inf,200.000,200.000,200,1,adjust_flow(delta=0.000),critical_alarm
359.287,control,normal_flow,0,normal_bag,inf,200.000,200.000,200,1,adjust_flow(delta=0.000),critical_alarm
360.287,control,normal_flow,0,normal_bag,inf,200.000,200.000,200,1,adjust_flow(delta=0.000),critical_alarm
361.287,control,normal_flow,0,normal_bag,inf,200.000,200.000,200,1,adjust_flow(delta=0.000),critical_alarm
362.287,control,normal_flow,0,normal_bag,inf,200.000,200.000,200,1,adjust_flow(delta=0.000),critical_alarm
363.287,control,normal_flow,0,normal_bag,inf,200.000,200.000,200,1,adjust_flow(delta=0.000),critical_alarm
364.287,control,normal_flow,0,normal_bag,inf,200.000,200.000,200,1,adjust_flow(delta=0.000),critical_alarm
365.287,control,normal_flow,0,normal_bag,inf,200.000,200.000,200,1,adjust_flow(delta=0.000),critical_alarm
366.287,control,normal_flow,0,normal_bag,inf,200.000,200.000,200,1,adjust_flow(delta=0.000),critical_alarm
367.287,control,normal_flow,0,normal_bag,inf,200.000,200.000,200,1,adjust_flow(delta=0.000),critical_alarm
368.287,control,normal_flow,0,normal_bag,inf,200.000,200.000,200,1,adjust_flow(delta=0.000),critical_alarm
369.287,control,normal_flow,0,normal_bag,inf,200.000,200.000,200,1,adjust_flow(delta=0.000),critical_alarm
370.287,control,normal_flow,0,normal_bag,inf,200.000,200.000,200,1,adjust_flow(delta=0.000),critical_alarm
371.287,control,normal_flow,0,normal_bag,inf,200.000,200.000,200,1,adjust_flow(delta=0.000),critical_alarm
372.287,control,normal_flow,0,normal_bag,inf,200.000,200.000,200,1,adjust_flow(delta=0.000),critical_alarm
373.287,control,normal_flow,0,normal_bag,inf,200.000,200.000,200,1,adjust_flow(delta=0.000),critical_alarm
374.287,control,normal_flow,0,normal_bag,inf,200.000,200.000,200,1,adjust_flow(delta=0.000),critical_alarm
375.287,control,normal_flow,0,normal_bag,inf,200.000,200.000,200,1,adjust_flow(delta=0.000),critical_alarm
376.287,control,normal_flow,0,normal_bag,inf,200.000,200.000,200,1,adjust_flow(delta=0.000),critical_alarm
377.287,control,normal_flow,0,normal_bag,inf,200.000,200.000,200,1,adjust_flow(delta=0.000),critical_alarm
378.287,control,normal_flow,0,normal_bag,inf,200.000,200.000,200,1,adjust_flow(delta=0.000),critical_alarm
379.287,control,normal_flow,0,normal_bag,inf,200.000,200.000,200,1,adjust_flow(delta=0.000),critical_alarm
380.287,control,normal_flow,0,normal_bag,inf,200.000,200.000,200,1,adjust_flow(delta=0.000),critical_alarm
381.287,control,normal_flow,0,normal_bag,inf,200.000,200.000,200,1,adjust_flow(delta=0.000),critical_alarm
382.287,control,normal_flow,0,normal_bag,inf,200.000,200.000,200,1,adjust_flow(delta=0.000),critical_alarm
383.287,control,normal_flow,0,normal_bag,inf,200.000,200.000,200,1,adjust_flow(delta=0.000),critical_alarm
384.287,control,normal_flow,0,normal_bag,inf,200.000,200.000,200,1,adjust_flow(delta=0.000),critical_alarm
385.287,control,normal_flow,0,normal_bag,inf,200.000,200.000,200,1,adjust_flow(delta=0.000),critical_alarm
386.287,control,normal_flow,0,normal_bag,inf,200.000,200.000,200,1,adjust_flow(delta=0.000),critical_alarm
387.287,control,normal_flow,0,normal_bag,inf,200.000,200.000,200,1,adjust_flow(delta=0.000),critical_alarm
388.287,control,normal_flow,0,normal_bag,inf,200.000,200.000,200,1,adjust_flow(delta=0.000),critical_alarm
389.287,control,normal_flow,0,normal_bag,inf,200.000,200.000,200,1,adjust_flow(delta=0.000),critical_alarm
390.287,control,normal_flow,0,normal_bag,inf,200.000,200.000,200,1,adjust_flow(delta=0.000),critical_alarm
391.287,control,normal_flow,0,normal_bag,inf,200.000,200.000,200,1,adjust_flow(delta=0.000),critical_alarm
392.287,control,normal_flow,0,normal_bag,inf,200.000,200.000,200,1,adjust_flow(delta=0.000),critical_alarm
393.287,control,normal_flow,0,normal_bag,inf,200.000,200.000,200,1,adjust_flow(delta=0.000),critical_alarm
394.287,control,normal_flow,0,normal_bag,inf,200.000,200.000,200,1,adjust_flow(delta=0.000),critical_alarm
395.287,control,normal_flow,0,normal_bag,inf,200.000,200.000,200,1,adjust_flow(delta=0.000),critical_alarm
396.287,control,normal_flow,0,normal_bag,inf,200.000,200.000,200,1,adjust_flow(delta=0.000),critical_alarm
397.287,control,normal_flow,0,normal_bag,inf,200.000,200.000,200,1,adjust_flow(delta=0.000),critical_alarm
398.287,control,normal_flow,0,normal_bag,inf,200.000,200.000,200,1,adjust_flow(delta=0.000),critical_alarm
399.287,control,normal_flow,0,normal_bag,inf,200.000,200.000,200,1,adjust_flow(delta=0.000),critical_alarm
400.287,control,normal_flow,0,normal_bag,inf,200.000,200.000,200,1,adjust_flow(delta=0.000),critical_alarm
401.287,control,normal_flow,0,normal_bag,inf,200.000,200.000,200,1,adjust_flow(delta=0.000),critical_alarm
402.287,control,normal_flow,0,normal_bag,inf,200.000,200.000,200,1,adjust_flow(delta=0.000),critical_alarm
403.287,control,normal_flow,0,normal_bag,inf,200.000,200.000,200,1,adjust_flow(delta=0.000),critical_alarm
404.287,control,normal_flow,0,normal_bag,inf,200.000,200.000,200,1,adjust_flow(delta=0.000),critical_alarm
405.287,control,normal_flow,0,normal_bag,inf,200.000,200.000,200,1,adjust_flow(delta=0.000),critical_alarm
406.287,control,normal_flow,0,normal_bag,inf,200.000,200.000,200,1,adjust_flow(delta=0.000),critical_alarm
407.287,control,normal_flow,0,normal_bag,inf,200.000,200.000,200,1,adjust_flow(delta=0.000),critical_alarm
408.287,control,normal_flow,0,normal_bag,inf,200.000,200.000,200,1,adjust_flow(delta=0.000),critical_alarm
409.287,control,normal_flow,0,normal_bag,inf,200.000,200.000,200,1,adjust_flow(delta=0.000),critical_alarm
410.287,control,normal_flow,0,normal_bag,inf,200.000,200.000,200,1,adjust_flow(delta=0.000),critical_alarm
411.287,control,normal_flow,0,normal_bag,inf,200.000,200.000,200,1,adjust_flow(delta=0.000),critical_alarm
412.287,control,normal_flow,0,normal_bag,inf,200.000,200.000,200,1,adjust_flow(delta=0.000),critical_alarm
413.287,control,normal_flow,0,normal_bag,inf,200.000,200.000,200,1,adjust_flow(delta=0.000),critical_alarm
414.287,control,normal_flow,0,normal_bag,inf,200.000,200.000,200,1,adjust_flow(delta=0.000),critical_alarm
415.287,control,normal_flow,0,normal_bag,inf,200.000,200.000,200,1,adjust_flow(delta=0.000),critical_alarm
416.287,control,normal_flow,0,normal_bag,inf,200.000,200.000,200,1,adjust_flow(delta=0.000),critical_alarm
417.287,control,normal_flow,0,normal_bag,inf,200.000,200.000,200,1,adjust_flow(delta=0.000),critical_alarm
418.287,control,normal_flow,0,normal_bag,inf,200.000,200.000,200,1,adjust_flow(delta=0.000),critical_alarm
419.287,control,normal_flow,0,normal_bag,inf,200.000,200.000,200,1,adjust_flow(delta=0.000),critical_alarm
420.287,control,normal_flow,0,normal_bag,inf,200.000,200.000,200,1,adjust_flow(delta=0.000),critical_alarm
421.287,control,normal_flow,0,normal_bag,inf,200.000,200.000,200,1,adjust_flow(delta=0.000),critical_alarm
422.287,control,normal_flow,0,normal_bag,inf,200.000,200.000,200,1,adjust_flow(delta=0.000),critical_alarm
423.287,control,normal_flow,0,normal_bag,inf,200.000,200.000,200,1,adjust_flow(delta=0.000),critical_alarm
424.287,control,normal_flow,0,normal_bag,inf,200.000,200.000,200,1,adjust_flow(delta=0.000),critical_alarm
425.287,control,normal_flow,0,normal_bag,inf,200.000,200.000,200,1,adjust_flow(delta=0.000),critical_alarm
426.287,control,normal_flow,0,normal_bag,inf,200.000,200.000,200,1,adjust_flow(delta=0.000),critical_alarm
427.287,control,normal_flow,0,normal_bag,inf,200.000,200.000,200,1,adjust_flow(delta=0.000),critical_alarm
428.287,control,normal_flow,0,normal_bag,inf,200.000,200.000,200,1,adjust_flow(delta=0.000),critical_alarm
429.287,control,normal_flow,0,normal_bag,inf,200.000,200.000,200,1,adjust_flow(delta=0.000),critical_alarm
430.287,control,normal_flow,0,normal_bag,inf,200.000,200.000,200,1,adjust_flow(delta=0.000),critical_alarm
431.287,control,normal_flow,0,normal_bag,inf,200.000,200.000,200,1,adjust_flow(delta=0.000),critical_alarm
432.287,control,normal_flow,0,normal_bag,inf,200.000,200.000,200,1,adjust_flow(delta=0.000),critical_alarm
433.287,control,normal_flow,0,normal_bag,inf,200.000,200.000,200,1,adjust_flow(delta=0.000),critical_alarm
434.287,control,normal_flow,0,normal_bag,inf,200.000,200.000,200,1,adjust_flow(delta=0.000),critical_alarm
435.287,control,normal_flow,0,normal_bag,inf,200.000,200.000,200,1,adjust_flow(delta=0.000),critical_alarm
436.287,control,normal_flow,0,normal_bag,inf,200.000,200.000,200,1,adjust_flow(delta=0.000),critical_alarm
437.287,control,normal_flow,0,normal_bag,inf,200.000,200.000,200,1,adjust_flow(delta=0.000),critical_alarm
438.287,control,normal_flow,0,normal_bag,inf,200.000,200.000,200,1,adjust_flow(delta=0.000),critical_alarm
439.287,control,normal_flow,0,normal_bag,inf,200.000,200.000,200,1,adjust_flow(delta=0.000),critical_alarm
440.287,control,normal_flow,0,normal_bag,inf,200.000,200.000,200,1,adjust_flow(delta=0.000),critical_alarm
441.287,control,normal_flow,0,normal_bag,inf,200.000,200.000,200,1,adjust_flow(delta=0.000),critical_alarm
442.287,control,normal_flow,0,normal_bag,inf,200.000,200.000,200,1,adjust_flow(delta=0.000),critical_alarm
443.287,control,normal_flow,0,normal_bag,inf,200.000,200.000,200,1,adjust_flow(delta=0.000),critical_alarm
444.287,control,normal_flow,0,normal_bag,inf,200.000,200.000,200,1,adjust_flow(delta=0.000),critical_alarm
445.287,control,normal_flow,0,normal_bag,inf,200.000,200.000,200,1,adjust_flow(delta=0.000),critical_alarm
446.287,control,normal_flow,0,normal_bag,inf,200.000,200.000,200,1,adjust_flow(delta=0.000),critical_alarm
447.287,control,normal_flow,0,normal_bag,inf,200.000,200.000,200,1,adjust_flow(delta=0.000),critical_alarm
448.287,control,normal_flow,0,normal_bag,inf,200.000,200.000,200,1,adjust_flow(delta=0.000),critical_alarm
449.287,control,normal_flow,0,normal_bag,inf,200.000,200.000,200,1,adjust_flow(delta=0.000),critical_alarm
450.287,control,normal_flow,0,normal_bag,inf,200.000,200.000,200,1,adjust_flow(delta=0.000),critical_alarm
451.287,control,normal_flow,0,normal_bag,inf,200.000,200.000,200,1,adjust_flow(delta=0.000),critical_alarm
452.287,control,normal_flow,0,normal_bag,inf,200.000,200.000,200,1,adjust_flow(delta=0.000),critical_alarm
453.287,control,normal_flow,0,normal_bag,inf,200.000,200.000,200,1,adjust_flow(delta=0.000),critical_alarm
454.287,control,normal_flow,0,normal_bag,inf,200.000,200.000,200,1,adjust_flow(delta=0.000),critical_alarm
455.287,control,normal_flow,0,normal_bag,inf,200.000,200.000,200,1,adjust_flow(delta=0.000),critical_alarm
456.287,control,normal_flow,0,normal_bag,inf,200.000,200.000,200,1,adjust_flow(delta=0.000),critical_alarm
457.287,control,normal_flow,0,normal_bag,inf,200.000,200.000,200,1,adjust_flow(delta=0.000),critical_alarm
458.287,control,normal_flow,0,normal_bag,inf,200.000,200.000,200,1,adjust_flow(delta=0.000),critical_alarm
459.287,control,normal_flow,0,normal_bag,inf,200.000,200.000,200,1,adjust_flow(delta=0.000),critical_alarm
460.287,control,normal_flow,0,normal_bag,inf,200.000,200.000,200,1,adjust_flow(delta=0.000),critical_alarm
461.287,control,normal_flow,0,normal_bag,inf,200.000,200.000,200,1,adjust_flow(delta=0.000),critical_alarm
462.287,control,normal_flow,0,normal_bag,inf,200.000,200.000,200,1,adjust_flow(delta=0.000),critical_alarm
463.287,control,normal_flow,0,normal_bag,inf,200.000,200.000,200,1,adjust_flow(delta=0.000),critical_alarm
464.287,control,normal_flow,0,normal_bag,inf,200.000,200.000,200,1,adjust_flow(delta=0.000),critical_alarm
465.287,control,normal_flow,0,normal_bag,inf,200.000,200.000,200,1,adjust_flow(delta=0.000),critical_alarm
466.287,control,normal_flow,0,normal_bag,inf,200.000,200.000,200,1,adjust_flow(delta=0.000),critical_alarm
467.287,control,normal_flow,0,normal_bag,inf,200.000,200.000,200,1,adjust_flow(delta=0.000),critical_alarm
468.287,control,normal_flow,0,normal_bag,inf,200.000,200.000,200,1,adjust_flow(delta=0.000),critical_alarm
469.287,control,normal_flow,0,normal_bag,inf,200.000,200.000,200,1,adjust_flow(delta=0.000),critical_alarm
470.287,control,normal_flow,0,normal_bag,inf,200.000,200.000,200,1,adjust_flow(delta=0.000),critical_alarm
471.287,control,normal_flow,0,normal_bag,inf,200.000,200.000,200,1,adjust_flow(delta=0.000),critical_alarm
472.287,control,normal_flow,0,normal_bag,inf,200.000,200.000,200,1,adjust_flow(delta=0.000),critical_alarm
473.287,control,normal_flow,0,normal_bag,inf,200.000,200.000,200,1,adjust_flow(delta=0.000),critical_alarm
474.287,control,normal_flow,0,normal_bag,inf,200.000,200.000,200,1,adjust_flow(delta=0.000),critical_alarm
475.287,control,normal_flow,0,normal_bag,inf,200.000,200.000,200,1,adjust_flow(delta=0.000),critical_alarm
476.287,control,normal_flow,0,normal_bag,inf,200.000,200.000,200,1,adjust_flow(delta=0.000),critical_alarm
477.287,control,normal_flow,0,normal_bag,inf,200.000,200.000,200,1,adjust_flow(delta=0.000),critical_alarm
478.287,control,normal_flow,0,normal_bag,inf,200.000,200.000,200,1,adjust_flow(delta=0.000),critical_alarm
479.287,control,normal_flow,0,normal_bag,inf,200.000,200.000,200,1,adjust_flow(delta=0.000),critical_alarm
480.287,control,normal_flow,0,normal_bag,inf,200.000,200.000,200,1,adjust_flow(delta=0.000),critical_alarm
481.287,control,normal_flow,0,normal_bag,inf,200.000,200.000,200,1,adjust_flow(delta=0.000),critical_alarm
482.287,control,normal_flow,0,normal_bag,inf,200.000,200.000,200,1,adjust_flow(delta=0.000),critical_alarm
483.287,control,normal_flow,0,normal_bag,inf,200.000,200.000,200,1,adjust_flow(delta=0.000),critical_alarm
484.287,control,normal_flow,0,normal_bag,inf,200.000,200.000,200,1,adjust_flow(delta=0.000),critical_alarm
485.287,control,normal_flow,0,normal_bag,inf,200.000,200.000,200,1,adjust_flow(delta=0.000),critical_alarm
486.287,control,normal_flow,0,normal_bag,inf,200.000,200.000,200,1,adjust_flow(delta=0.000),critical_alarm
487.287,control,normal_flow,0,normal_bag,inf,200.000,200.000,200,1,adjust_flow(delta=0.000),critical_alarm
488.287,control,normal_flow,0,normal_bag,inf,200.000,200.000,200,1,adjust_flow(delta=0.000),critical_alarm
489.287,control,normal_flow,0,normal_bag,inf,200.000,200.000,200,1,adjust_flow(delta=0.000),critical_alarm
490.287,control,normal_flow,0,normal_bag,inf,200.000,200.000,200,1,adjust_flow(delta=0.000),critical_alarm
491.287,control,normal_flow,0,normal_bag,inf,200.000,200.000,200,1,adjust_flow(delta=0.000),critical_alarm
492.287,control,normal_flow,0,normal_bag,inf,200.000,200.000,200,1,adjust_flow(delta=0.000),critical_alarm
493.287,control,normal_flow,0,normal_bag,inf,200.000,200.000,200,1,adjust_flow(delta=0.000),critical_alarm
494.287,control,normal_flow,0,normal_bag,inf,200.000,200.000,200,1,adjust_flow(delta=0.000),critical_alarm
495.287,control,normal_flow,0,normal_bag,inf,200.000,200.000,200,1,adjust_flow(delta=0.000),critical_alarm
496.287,control,normal_flow,0,normal_bag,inf,200.000,200.000,200,1,adjust_flow(delta=0.000),critical_alarm
497.287,control,normal_flow,0,normal_bag,inf,200.000,200.000,200,1,adjust_flow(delta=0.000),critical_alarm
498.287,control,normal_flow,0,normal_bag,inf,200.000,200.000,200,1,adjust_flow(delta=0.000),critical_alarm
499.287,control,normal_flow,0,normal_bag,inf,200.000,200.000,200,1,adjust_flow(delta=0.000),critical_alarm
500.287,control,normal_flow,0,normal_bag,inf,200.000,200.000,200,1,adjust_flow(delta=0.000),critical_alarm
501.287,control,normal_flow,0,normal_bag,inf,200.000,200.000,200,1,adjust_flow(delta=0.000),critical_alarm
502.287,control,normal_flow,0,normal_bag,inf,200.000,200.000,200,1,adjust_flow(delta=0.000),critical_alarm
503.287,control,normal_flow,0,normal_bag,inf,200.000,200.000,200,1,adjust_flow(delta=0.000),critical_alarm
504.287,control,normal_flow,0,normal_bag,inf,200.000,200.000,200,1,adjust_flow(delta=0.000),critical_alarm
505.287,control,normal_flow,0,normal_bag,inf,200.000,200.000,200,1,adjust_flow(delta=0.000),critical_alarm
506.287,control,normal_flow,0,normal_bag,inf,200.000,200.000,200,1,adjust_flow(delta=0.000),critical_alarm
507.287,control,normal_flow,0,normal_bag,inf,200.000,200.000,200,1,adjust_flow(delta=0.000),critical_alarm
508.287,control,normal_flow,0,normal_bag,inf,200.000,200.000,200,1,adjust_flow(delta=0.000),critical_alarm
509.287,control,normal_flow,0,normal_bag,inf,200.000,200.000,200,1,adjust_flow(delta=0.000),critical_alarm
510.287,control,normal_flow,0,normal_bag,inf,200.000,200.000,200,1,adjust_flow(delta=0.000),critical_alarm
511.287,control,normal_flow,0,normal_bag,inf,200.000,200.000,200,1,adjust_flow(delta=0.000),critical_alarm
512.287,control,normal_flow,0,normal_bag,inf,200.000,200.000,200,1,adjust_flow(delta=0.000),critical_alarm
513.287,control,normal_flow,0,normal_bag,inf,200.000,200.000,200,1,adjust_flow(delta=0.000),critical_alarm
514.287,control,normal_flow,0,normal_bag,inf,200.000,200.000,200,1,adjust_flow(delta=0.000),critical_alarm
515.287,control,normal_flow,0,normal_bag,inf,200.000,200.000,200,1,adjust_flow(delta=0.000),critical_alarm
516.287,control,normal_flow,0,normal_bag,inf,200.000,200.000,200,1,adjust_flow(delta=0.000),critical_alarm
517.287,control,normal_flow,0,normal_bag,inf,200.000,200.000,200,1,adjust_flow(delta=0.000),critical_alarm
518.287,control,normal_flow,0,normal_bag,inf,200.000,200.000,200,1,adjust_flow(delta=0.000),critical_alarm
519.287,control,normal_flow,0,normal_bag,inf,200.000,200.000,200,1,adjust_flow(delta=0.000),critical_alarm
520.287,control,normal_flow,0,normal_bag,inf,200.000,200.000,200,1,adjust_flow(delta=0.000),critical_alarm
521.287,control,normal_flow,0,normal_bag,inf,200.000,200.000,200,1,adjust_flow(delta=0.000),critical_alarm
522.287,control,normal_flow,0,normal_bag,inf,200.000,200.000,200,1,adjust_flow(delta=0.000),critical_alarm
523.287,control,normal_flow,0,normal_bag,inf,200.000,200.000,200,1,adjust_flow(delta=0.000),critical_alarm
524.287,control,normal_flow,0,normal_bag,inf,200.000,200.000,200,1,adjust_flow(delta=0.000),critical_alarm
525.287,control,normal_flow,0,normal_bag,inf,200.000,200.000,200,1,adjust_flow(delta=0.000),critical_alarm
526.287,control,normal_flow,0,normal_bag,inf,200.000,200.000,200,1,adjust_flow(delta=0.000),critical_alarm
527.287,control,normal_flow,0,normal_bag,inf,200.000,200.000,200,1,adjust_flow(delta=0.000),critical_alarm
528.287,control,normal_flow,0,normal_bag,inf,200.000,200.000,200,1,adjust_flow(delta=0.000),critical_alarm
529.287,control,normal_flow,0,normal_bag,inf,200.000,200.000,200,1,adjust_flow(delta=0.000),critical_alarm
530.287,control,normal_flow,0,normal_bag,inf,200.000,200.000,200,1,adjust_flow(delta=0.000),critical_alarm
531.287,control,normal_flow,0,normal_bag,inf,200.000,200.000,200,1,adjust_flow(delta=0.000),critical_alarm
532.287,control,normal_flow,0,normal_bag,inf,200.000,200.000,200,1,adjust_flow(delta=0.000),critical_alarm
533.287,control,normal_flow,0,normal_bag,inf,200.000,200.000,200,1,adjust_flow(delta=0.000),critical_alarm
534.287,control,normal_flow,0,normal_bag,inf,200.000,200.000,200,1,adjust_flow(delta=0.000),critical_alarm
535.287,control,normal_flow,0,normal_bag,inf,200.000,200.000,200,1,adjust_flow(delta=0.000),critical_alarm
536.287,control,normal_flow,0,normal_bag,inf,200.000,200.000,200,1,adjust_flow(delta=0.000),critical_alarm
537.287,control,normal_flow,0,normal_bag,inf,200.000,200.000,200,1,adjust_flow(delta=0.000),critical_alarm
538.287,control,normal_flow,0,normal_bag,inf,200.000,200.000,200,1,adjust_flow(delta=0.000),critical_alarm
539.287,control,normal_flow,0,normal_bag,inf,200.000,200.000,200,1,adjust_flow(delta=0.000),critical_alarm
540.287,control,normal_flow,0,normal_bag,inf,200.000,200.000,200,1,adjust_flow(delta=0.000),critical_alarm
541.287,control,normal_flow,0,normal_bag,inf,200.000,200.000,200,1,adjust_flow(delta=0.000),critical_alarm
542.287,control,normal_flow,0,normal_bag,inf,200.000,200.000,200,1,adjust_flow(delta=0.000),critical_alarm
543.287,control,normal_flow,0,normal_bag,inf,200.000,200.000,200,1,adjust_flow(delta=0.000),critical_alarm
544.287,control,normal_flow,0,normal_bag,inf,200.000,200.000,200,1,adjust_flow(delta=0.000),critical_alarm
545.287,control,normal_flow,0,normal_bag,inf,200.000,200.000,200,1,adjust_flow(delta=0.000),critical_alarm
546.287,control,normal_flow,0,normal_bag,inf,200.000,200.000,200,1,adjust_flow(delta=0.000),critical_alarm
547.287,control,normal_flow,0,normal_bag,inf,200.000,200.000,200,1,adjust_flow(delta=0.000),critical_alarm
548.287,control,normal_flow,0,normal_bag,inf,200.000,200.000,200,1,adjust_flow(delta=0.000),critical_alarm
549.287,control,normal_flow,0,normal_bag,inf,200.000,200.000,200,1,adjust_flow(delta=0.000),critical_alarm
550.287,control,normal_flow,0,normal_bag,inf,200.000,200.000,200,1,adjust_flow(delta=0.000),critical_alarm
551.287,control,normal_flow,0,normal_bag,inf,200.000,200.000,200,1,adjust_flow(delta=0.000),critical_alarm
552.287,control,normal_flow,0,normal_bag,inf,200.000,200.000,200,1,adjust_flow(delta=0.000),critical_alarm
553.287,control,normal_flow,0,normal_bag,inf,200.000,200.000,200,1,adjust_flow(delta=0.000),critical_alarm
554.287,control,normal_flow,0,normal_bag,inf,200.000,200.000,200,1,adjust_flow(delta=0.000),critical_alarm
555.287,control,normal_flow,0,normal_bag,inf,200.000,200.000,200,1,adjust_flow(delta=0.000),critical_alarm
556.287,control,normal_flow,0,normal_bag,inf,200.000,200.000,200,1,adjust_flow(delta=0.000),critical_alarm
557.287,control,normal_flow,0,normal_bag,inf,200.000,200.000,200,1,adjust_flow(delta=0.000),critical_alarm
558.287,control,normal_flow,0,normal_bag,inf,200.000,200.000,200,1,adjust_flow(delta=0.000),critical_alarm
559.287,control,normal_flow,0,normal_bag,inf,200.000,200.000,200,1,adjust_flow(delta=0.000),critical_alarm
560.287,control,normal_flow,0,normal_bag,inf,200.000,200.000,200,1,adjust_flow(delta=0.000),critical_alarm
561.287,control,normal_flow,0,normal_bag,inf,200.000,200.000,200,1,adjust_flow(delta=0.000),critical_alarm
562.287,control,normal_flow,0,normal_bag,inf,200.000,200.000,200,1,adjust_flow(delta=0.000),critical_alarm
563.287,control,normal_flow,0,normal_bag,inf,200.000,200.000,200,1,adjust_flow(delta=0.000),critical_alarm
564.287,control,normal_flow,0,normal_bag,inf,200.000,200.000,200,1,adjust_flow(delta=0.000),critical_alarm
565.287,control,normal_flow,0,normal_bag,inf,200.000,200.000,200,1,adjust_flow(delta=0.000),critical_alarm
566.287,control,normal_flow,0,normal_bag,inf,200.000,200.000,200,1,adjust_flow(delta=0.000),critical_alarm
567.287,control,normal_flow,0,normal_bag,inf,200.000,200.000,200,1,adjust_flow(delta=0.000),critical_alarm
568.287,control,normal_flow,0,normal_bag,inf,200.000,200.000,200,1,adjust_flow(delta=0.000),critical_alarm
569.287,control,normal_flow,0,normal_bag,inf,200.000,200.000,200,1,adjust_flow(delta=0.000),critical_alarm
570.287,control,normal_flow,0,normal_bag,inf,200.000,200.000,200,1,adjust_flow(delta=0.000),critical_alarm
571.287,control,normal_flow,0,normal_bag,inf,200.000,200.000,200,1,adjust_flow(delta=0.000),critical_alarm
572.287,control,normal_flow,0,normal_bag,inf,200.000,200.000,200,1,adjust_flow(delta=0.000),critical_alarm
573.287,control,normal_flow,0,normal_bag,inf,200.000,200.000,200,1,adjust_flow(delta=0.000),critical_alarm
574.287,control,normal_flow,0,normal_bag,inf,200.000,200.000,200,1,adjust_flow(delta=0.000),critical_alarm
575.287,control,normal_flow,0,normal_bag,inf,200.000,200.000,200,1,adjust_flow(delta=0.000),critical_alarm
576.287,control,normal_flow,0,normal_bag,inf,200.000,200.000,200,1,adjust_flow(delta=0.000),critical_alarm
577.287,control,normal_flow,0,normal_bag,inf,200.000,200.000,200,1,adjust_flow(delta=0.000),critical_alarm
578.287,control,normal_flow,0,normal_bag,inf,200.000,200.000,200,1,adjust_flow(delta=0.000),critical_alarm
579.287,control,normal_flow,0,normal_bag,inf,200.000,200.000,200,1,adjust_flow(delta=0.000),critical_alarm
580.287,control,normal_flow,0,normal_bag,inf,200.000,200.000,200,1,adjust_flow(delta=0.000),critical_alarm
581.287,control,normal_flow,0,normal_bag,inf,200.000,200.000,200,1,adjust_flow(delta=0.000),critical_alarm
582.287,control,normal_flow,0,normal_bag,inf,200.000,200.000,200,1,adjust_flow(delta=0.000),critical_alarm
583.287,control,normal_flow,0,normal_bag,inf,200.000,200.000,200,1,adjust_flow(delta=0.000),critical_alarm
584.287,control,normal_flow,0,normal_bag,inf,200.000,200.000,200,1,adjust_flow(delta=0.000),critical_alarm
585.287,control,normal_flow,0,normal_bag,inf,200.000,200.000,200,1,adjust_flow(delta=0.000),critical_alarm
586.287,control,normal_flow,0,normal_bag,inf,200.000,200.000,200,1,adjust_flow(delta=0.000),critical_alarm
587.287,control,normal_flow,0,normal_bag,inf,200.000,200.000,200,1,adjust_flow(delta=0.000),critical_alarm
588.287,control,normal_flow,0,normal_bag,inf,200.000,200.000,200,1,adjust_flow(delta=0.000),critical_alarm
589.287,control,normal_flow,0,normal_bag,inf,200.000,200.000,200,1,adjust_flow(delta=0.000),critical_alarm
590.287,control,normal_flow,0,normal_bag,inf,200.000,200.000,200,1,adjust_flow(delta=0.000),critical_alarm
591.287,control,normal_flow,0,normal_bag,inf,200.000,200.000,200,1,adjust_flow(delta=0.000),critical_alarm
592.287,control,normal_flow,0,normal_bag,inf,200.000,200.000,200,1,adjust_flow(delta=0.000),critical_alarm
593.287,control,normal_flow,0,normal_bag,inf,200.000,200.000,200,1,adjust_flow(delta=0.000),critical_alarm
594.287,control,normal_flow,0,normal_bag,inf,200.000,200.000,200,1,adjust_flow(delta=0.000),critical_alarm
595.287,control,normal_flow,0,normal_bag,inf,200.000,200.000,200,1,adjust_flow(delta=0.000),critical_alarm
596.287,control,normal_flow,0,normal_bag,inf,200.000,200.000,200,1,adjust_flow(delta=0.000),critical_alarm
597.287,control,normal_flow,0,normal_bag,inf,200.000,200.000,200,1,adjust_flow(delta=0.000),critical_alarm
598.287,control,normal_flow,0,normal_bag,inf,200.000,200.000,200,1,adjust_flow(delta=0.000),critical_alarm
599.287,control,normal_flow,0,normal_bag,inf,200.000,200.000,200,1,adjust_flow(delta=0.000),critical_alarm
600.287,control,normal_flow,0,normal_bag,inf,200.000,200.000,200,1,adjust_flow(delta=0.000),critical_alarm
601.287,control,normal_flow,0,normal_bag,inf,200.000,200.000,200,1,adjust_flow(delta=0.000),critical_alarm
602.287,control,normal_flow,0,normal_bag,inf,200.000,200.000,200,1,adjust_flow(delta=0.000),critical_alarm
603.287,control,normal_flow,0,normal_bag,inf,200.000,200.000,200,1,adjust_flow(delta=0.000),critical_alarm
604.287,control,normal_flow,0,normal_bag,inf,200.000,200.000,200,1,adjust_flow(delta=0.000),critical_alarm
605.287,control,normal_flow,0,normal_bag,inf,200.000,200.000,200,1,adjust_flow(delta=0.000),critical_alarm
606.287,control,normal_flow,0,normal_bag,inf,200.000,200.000,200,1,adjust_flow(delta=0.000),critical_alarm
607.287,control,normal_flow,0,normal_bag,inf,200.000,200.000,200,1,adjust_flow(delta=0.000),critical_alarm
608.287,control,normal_flow,0,normal_bag,inf,200.000,200.000,200,1,adjust_flow(delta=0.000),critical_alarm
609.287,control,normal_flow,0,normal_bag,inf,200.000,200.000,200,1,adjust_flow(delta=0.000),critical_alarm
610.287,control,normal_flow,0,normal_bag,inf,200.000,200.000,200,1,adjust_flow(delta=0.000),critical_alarm
611.287,control,normal_flow,0,normal_bag,inf,200.000,200.000,200,1,adjust_flow(delta=0.000),critical_alarm
612.287,control,normal_flow,0,normal_bag,inf,200.000,200.000,200,1,adjust_flow(delta=0.000),critical_alarm
613.287,control,normal_flow,0,normal_bag,inf,200.000,200.000,200,1,adjust_flow(delta=0.000),critical_alarm
614.287,control,normal_flow,0,normal_bag,inf,200.000,200.000,200,1,adjust_flow(delta=0.000),critical_alarm
615.287,control,normal_flow,0,normal_bag,inf,200.000,200.000,200,1,adjust_flow(delta=0.000),critical_alarm
616.287,control,normal_flow,0,normal_bag,inf,200.000,200.000,200,1,adjust_flow(delta=0.000),critical_alarm
617.287,control,normal_flow,0,normal_bag,inf,200.000,200.000,200,1,adjust_flow(delta=0.000),critical_alarm
618.287,control,normal_flow,0,normal_bag,inf,200.000,200.000,200,1,adjust_flow(delta=0.000),critical_alarm
619.287,control,normal_flow,0,normal_bag,inf,200.000,200.000,200,1,adjust_flow(delta=0.000),critical_alarm
620.287,control,normal_flow,0,normal_bag,inf,200.000,200.000,200,1,adjust_flow(delta=0.000),critical_alarm
621.287,control,normal_flow,0,normal_bag,inf,200.000,200.000,200,1,adjust_flow(delta=0.000),critical_alarm
622.287,control,normal_flow,0,normal_bag,inf,200.000,200.000,200,1,adjust_flow(delta=0.000),critical_alarm
623.287,control,normal_flow,0,normal_bag,inf,200.000,200.000,200,1,adjust_flow(delta=0.000),critical_alarm
624.287,control,normal_flow,0,normal_bag,inf,200.000,200.000,200,1,adjust_flow(delta=0.000),critical_alarm
625.287,control,normal_flow,0,normal_bag,inf,200.000,200.000,200,1,adjust_flow(delta=0.000),critical_alarm
626.287,control,normal_flow,0,normal_bag,inf,200.000,200.000,200,1,adjust_flow(delta=0.000),critical_alarm
627.287,control,normal_flow,0,normal_bag,inf,200.000,200.000,200,1,adjust_flow(delta=0.000),critical_alarm
628.287,control,normal_flow,0,normal_bag,inf,200.000,200.000,200,1,adjust_flow(delta=0.000),critical_alarm
629.287,control,normal_flow,0,normal_bag,inf,200.000,200.000,200,1,adjust_flow(delta=0.000),critical_alarm
630.287,control,normal_flow,0,normal_bag,inf,200.000,200.000,200,1,adjust_flow(delta=0.000),critical_alarm
631.287,control,normal_flow,0,normal_bag,inf,200.000,200.000,200,1,adjust_flow(delta=0.000),critical_alarm
632.287,control,normal_flow,0,normal_bag,inf,200.000,200.000,200,1,adjust_flow(delta=0.000),critical_alarm
633.287,control,normal_flow,0,normal_bag,inf,200.000,200.000,200,1,adjust_flow(delta=0.000),critical_alarm
634.287,control,normal_flow,0,normal_bag,inf,200.000,200.000,200,1,adjust_flow(delta=0.000),critical_alarm
635.287,control,normal_flow,0,normal_bag,inf,200.000,200.000,200,1,adjust_flow(delta=0.000),critical_alarm
636.287,control,normal_flow,0,normal_bag,inf,200.000,200.000,200,1,adjust_flow(delta=0.000),critical_alarm
637.287,control,normal_flow,0,normal_bag,inf,200.000,200.000,200,1,adjust_flow(delta=0.000),critical_alarm
638.287,control,normal_flow,0,normal_bag,inf,200.000,200.000,200,1,adjust_flow(delta=0.000),critical_alarm
639.287,control,normal_flow,0,normal_bag,inf,200.000,200.000,200,1,adjust_flow(delta=0.000),critical_alarm
640.287,control,normal_flow,0,normal_bag,inf,200.000,200.000,200,1,adjust_flow(delta=0.000),critical_alarm
641.287,control,normal_flow,0,normal_bag,inf,200.000,200.000,200,1,adjust_flow(delta=0.000),critical_alarm
642.287,control,normal_flow,0,normal_bag,inf,200.000,200.000,200,1,adjust_flow(delta=0.000),critical_alarm
643.287,control,normal_flow,0,normal_bag,inf,200.000,200.000,200,1,adjust_flow(delta=0.000),critical_alarm
644.287,control,normal_flow,0,normal_bag,inf,200.000,200.000,200,1,adjust_flow(delta=0.000),critical_alarm
645.287,control,normal_flow,0,normal_bag,inf,200.000,200.000,200,1,adjust_flow(delta=0.000),critical_alarm
646.287,control,normal_flow,0,normal_bag,inf,200.000,200.000,200,1,adjust_flow(delta=0.000),critical_alarm
647.287,control,normal_flow,0,normal_bag,inf,200.000,200.000,200,1,adjust_flow(delta=0.000),critical_alarm
648.287,control,normal_flow,0,normal_bag,inf,200.000,200.000,200,1,adjust_flow(delta=0.000),critical_alarm
649.287,control,normal_flow,0,normal_bag,inf,200.000,200.000,200,1,adjust_flow(delta=0.000),critical_alarm
650.287,control,normal_flow,0,normal_bag,inf,200.000,200.000,200,1,adjust_flow(delta=0.000),critical_alarm
651.287,control,normal_flow,0,normal_bag,inf,200.000,200.000,200,1,adjust_flow(delta=0.000),critical_alarm
652.287,control,normal_flow,0,normal_bag,inf,200.000,200.000,200,1,adjust_flow(delta=0.000),critical_alarm
653.287,control,normal_flow,0,normal_bag,inf,200.000,200.000,200,1,adjust_flow(delta=0.000),critical_alarm
654.287,control,normal_flow,0,normal_bag,inf,200.000,200.000,200,1,adjust_flow(delta=0.000),critical_alarm
655.287,control,normal_flow,0,normal_bag,inf,200.000,200.000,200,1,adjust_flow(delta=0.000),critical_alarm
656.287,control,normal_flow,0,normal_bag,inf,200.000,200.000,200,1,adjust_flow(delta=0.000),critical_alarm
657.287,control,normal_flow,0,normal_bag,inf,200.000,200.000,200,1,adjust_flow(delta=0.000),critical_alarm
658.287,control,normal_flow,0,normal_bag,inf,200.000,200.000,200,1,adjust_flow(delta=0.000),critical_alarm
659.287,control,normal_flow,0,normal_bag,inf,200.000,200.000,200,1,adjust_flow(delta=0.000),critical_alarm
660.287,control,normal_flow,0,normal_bag,inf,200.000,200.000,200,1,adjust_flow(delta=0.000),critical_alarm
661.287,control,normal_flow,0,normal_bag,inf,200.000,200.000,200,1,adjust_flow(delta=0.000),critical_alarm
662.287,control,normal_flow,0,normal_bag,inf,200.000,200.000,200,1,adjust_flow(delta=0.000),critical_alarm
663.287,control,normal_flow,0,normal_bag,inf,200.000,200.000,200,1,adjust_flow(delta=0.000),critical_alarm
664.287,control,normal_flow,0,normal_bag,inf,200.000,200.000,200,1,adjust_flow(delta=0.000),critical_alarm
665.287,control,normal_flow,0,normal_bag,inf,200.000,200.000,200,1,adjust_flow(delta=0.000),critical_alarm
666.287,control,normal_flow,0,normal_bag,inf,200.000,200.000,200,1,adjust_flow(delta=0.000),critical_alarm
667.287,control,normal_flow,0,normal_bag,inf,200.000,200.000,200,1,adjust_flow(delta=0.000),critical_alarm
668.287,control,normal_flow,0,normal_bag,inf,200.000,200.000,200,1,adjust_flow(delta=0.000),critical_alarm
669.287,control,normal_flow,0,normal_bag,inf,200.000,200.000,200,1,adjust_flow(delta=0.000),critical_alarm
670.287,control,normal_flow,0,normal_bag,inf,200.000,200.000,200,1,adjust_flow(delta=0.000),critical_alarm
671.287,control,normal_flow,0,normal_bag,inf,200.000,200.000,200,1,adjust_flow(delta=0.000),critical_alarm
672.287,control,normal_flow,0,normal_bag,inf,200.000,200.000,200,1,adjust_flow(delta=0.000),critical_alarm
673.287,control,normal_flow,0,normal_bag,inf,200.000,200.000,200,1,adjust_flow(delta=0.000),critical_alarm
674.287,control,normal_flow,0,normal_bag,inf,200.000,200.000,200,1,adjust_flow(delta=0.000),critical_alarm
675.287,control,normal_flow,0,normal_bag,inf,200.000,200.000,200,1,adjust_flow(delta=0.000),critical_alarm
676.287,control,normal_flow,0,normal_bag,inf,200.000,200.000,200,1,adjust_flow(delta=0.000),critical_alarm
677.287,control,normal_flow,0,normal_bag,inf,200.000,200.000,200,1,adjust_flow(delta=0.000),critical_alarm
678.287,control,normal_flow,0,normal_bag,inf,200.000,200.000,200,1,adjust_flow(delta=0.000),critical_alarm
679.287,control,normal_flow,0,normal_bag,inf,200.000,200.000,200,1,adjust_flow(delta=0.000),critical_alarm
680.287,control,normal_flow,0,normal_bag,inf,200.000,200.000,200,1,adjust_flow(delta=0.000),critical_alarm
681.287,control,normal_flow,0,normal_bag,inf,200.000,200.000,200,1,adjust_flow(delta=0.000),critical_alarm
682.287,control,normal_flow,0,normal_bag,inf,200.000,200.000,200,1,adjust_flow(delta=0.000),critical_alarm
683.287,control,normal_flow,0,normal_bag,inf,200.000,200.000,200,1,adjust_flow(delta=0.000),critical_alarm
684.287,control,normal_flow,0,normal_bag,inf,200.000,200.000,200,1,adjust_flow(delta=0.000),critical_alarm
685.287,control,normal_flow,0,normal_bag,inf,200.000,200.000,200,1,adjust_flow(delta=0.000),critical_alarm
686.287,control,normal_flow,0,normal_bag,inf,200.000,200.000,200,1,adjust_flow(delta=0.000),critical_alarm
687.287,control,normal_flow,0,normal_bag,inf,200.000,200.000,200,1,adjust_flow(delta=0.000),critical_alarm
688.287,control,normal_flow,0,normal_bag,inf,200.000,200.000,200,1,adjust_flow(delta=0.000),critical_alarm
689.287,control,normal_flow,0,normal_bag,inf,200.000,200.000,200,1,adjust_flow(delta=0.000),critical_alarm
690.287,control,normal_flow,0,normal_bag,inf,200.000,200.000,200,1,adjust_flow(delta=0.000),critical_alarm
691.287,control,normal_flow,0,normal_bag,inf,200.000,200.000,200,1,adjust_flow(delta=0.000),critical_alarm
692.287,control,normal_flow,0,normal_bag,inf,200.000,200.000,200,1,adjust_flow(delta=0.000),critical_alarm
693.287,control,normal_flow,0,normal_bag,inf,200.000,200.000,200,1,adjust_flow(delta=0.000),critical_alarm
694.287,control,normal_flow,0,normal_bag,inf,200.000,200.000,200,1,adjust_flow(delta=0.000),critical_alarm
695.287,control,normal_flow,0,normal_bag,inf,200.000,200.000,200,1,adjust_flow(delta=0.000),critical_alarm
696.287,control,normal_flow,0,normal_bag,inf,200.000,200.000,200,1,adjust_flow(delta=0.000),critical_alarm
697.287,control,normal_flow,0,normal_bag,inf,200.000,200.000,200,1,adjust_flow(delta=0.000),critical_alarm
698.287,control,normal_flow,0,normal_bag,inf,200.000,200.000,200,1,adjust_flow(delta=0.000),critical_alarm
699.287,control,normal_flow,0,normal_bag,inf,200.000,200.000,200,1,adjust_flow(delta=0.000),critical_alarm
700.287,control,normal_flow,0,normal_bag,inf,200.000,200.000,200,1,adjust_flow(delta=0.000),critical_alarm
701.287,control,normal_flow,0,normal_bag,inf,200.000,200.000,200,1,adjust_flow(delta=0.000),critical_alarm
702.287,control,normal_flow,0,normal_bag,inf,200.000,200.000,200,1,adjust_flow(delta=0.000),critical_alarm
703.287,control,normal_flow,0,normal_bag,inf,200.000,200.000,200,1,adjust_flow(delta=0.000),critical_alarm
704.287,control,normal_flow,0,normal_bag,inf,200.000,200.000,200,1,adjust_flow(delta=0.000),critical_alarm
705.287,control,normal_flow,0,normal_bag,inf,200.000,200.000,200,1,adjust_flow(delta=0.000),critical_alarm
706.287,control,normal_flow,0,normal_bag,inf,200.000,200.000,200,1,adjust_flow(delta=0.000),critical_alarm
707.287,control,normal_flow,0,normal_bag,inf,200.000,200.000,200,1,adjust_flow(delta=0.000),critical_alarm
708.287,control,normal_flow,0,normal_bag,inf,200.000,200.000,200,1,adjust_flow(delta=0.000),critical_alarm
709.287,control,normal_flow,0,normal_bag,inf,200.000,200.000,200,1,adjust_flow(delta=0.000),critical_alarm
710.287,control,normal_flow,0,normal_bag,inf,200.000,200.000,200,1,adjust_flow(delta=0.000),critical_alarm
711.287,control,normal_flow,0,normal_bag,inf,200.000,200.000,200,1,adjust_flow(delta=0.000),critical_alarm
712.287,control,normal_flow,0,normal_bag,inf,200.000,200.000,200,1,adjust_flow(delta=0.000),critical_alarm
713.287,control,normal_flow,0,normal_bag,inf,200.000,200.000,200,1,adjust_flow(delta=0.000),critical_alarm
714.287,control,normal_flow,0,normal_bag,inf,200.000,200.000,200,1,adjust_flow(delta=0.000),critical_alarm
715.287,control,normal_flow,0,normal_bag,inf,200.000,200.000,200,1,adjust_flow(delta=0.000),critical_alarm
716.287,control,normal_flow,0,normal_bag,inf,200.000,200.000,200,1,adjust_flow(delta=0.000),critical_alarm
717.287,control,normal_flow,0,normal_bag,inf,200.000,200.000,200,1,adjust_flow(delta=0.000),critical_alarm
718.287,control,normal_flow,0,normal_bag,inf,200.000,200.000,200,1,adjust_flow(delta=0.000),critical_alarm
719.287,control,normal_flow,0,normal_bag,inf,200.000,200.000,200,1,adjust_flow(delta=0.000),critical_alarm
720.287,control,normal_flow,0,normal_bag,inf,200.000,200.000,200,1,adjust_flow(delta=0.000),critical_alarm
721.287,control,normal_flow,0,normal_bag,inf,200.000,200.000,200,1,adjust_flow(delta=0.000),critical_alarm
722.287,control,normal_flow,0,normal_bag,inf,200.000,200.000,200,1,adjust_flow(delta=0.000),critical_alarm
723.287,control,normal_flow,0,normal_bag,inf,200.000,200.000,200,1,adjust_flow(delta=0.000),critical_alarm
724.287,control,normal_flow,0,normal_bag,inf,200.000,200.000,200,1,adjust_flow(delta=0.000),critical_alarm
725.287,control,normal_flow,0,normal_bag,inf,200.000,200.000,200,1,adjust_flow(delta=0.000),critical_alarm
726.287,control,normal_flow,0,normal_bag,inf,200.000,200.000,200,1,adjust_flow(delta=0.000),critical_alarm
727.287,control,normal_flow,0,normal_bag,inf,200.000,200.000,200,1,adjust_flow(delta=0.000),critical_alarm
728.287,control,normal_flow,0,normal_bag,inf,200.000,200.000,200,1,adjust_flow(delta=0.000),critical_alarm
729.287,control,normal_flow,0,normal_bag,inf,200.000,200.000,200,1,adjust_flow(delta=0.000),critical_alarm
730.287,control,normal_flow,0,normal_bag,inf,200.000,200.000,200,1,adjust_flow(delta=0.000),critical_alarm
731.287,control,normal_flow,0,normal_bag,inf,200.000,200.000,200,1,adjust_flow(delta=0.000),critical_alarm
732.287,control,normal_flow,0,normal_bag,inf,200.000,200.000,200,1,adjust_flow(delta=0.000),critical_alarm
733.287,control,normal_flow,0,normal_bag,inf,200.000,200.000,200,1,adjust_flow(delta=0.000),critical_alarm
734.287,control,normal_flow,0,normal_bag,inf,200.000,200.000,200,1,adjust_flow(delta=0.000),critical_alarm
735.287,control,normal_flow,0,normal_bag,inf,200.000,200.000,200,1,adjust_flow(delta=0.000),critical_alarm
736.287,control,normal_flow,0,normal_bag,inf,200.000,200.000,200,1,adjust_flow(delta=0.000),critical_alarm
737.287,control,normal_flow,0,normal_bag,inf,200.000,200.000,200,1,adjust_flow(delta=0.000),critical_alarm
738.287,control,normal_flow,0,normal_bag,inf,200.000,200.000,200,1,adjust_flow(delta=0.000),critical_alarm
739.287,control,normal_flow,0,normal_bag,inf,200.000,200.000,200,1,adjust_flow(delta=0.000),critical_alarm
740.287,control,normal_flow,0,normal_bag,inf,200.000,200.000,200,1,adjust_flow(delta=0.000),critical_alarm
741.287,control,normal_flow,0,normal_bag,inf,200.000,200.000,200,1,adjust_flow(delta=0.000),critical_alarm
742.287,control,normal_flow,0,normal_bag,inf,200.000,200.000,200,1,adjust_flow(delta=0.000),critical_alarm
743.287,control,normal_flow,0,normal_bag,inf,200.000,200.000,200,1,adjust_flow(delta=0.000),critical_alarm
744.287,control,normal_flow,0,normal_bag,inf,200.000,200.000,200,1,adjust_flow(delta=0.000),critical_alarm
745.287,control,normal_flow,0,normal_bag,inf,200.000,200.000,200,1,adjust_flow(delta=0.000),critical_alarm
746.287,control,normal_flow,0,normal_bag,inf,200.000,200.000,200,1,adjust_flow(delta=0.000),critical_alarm
747.287,control,normal_flow,0,normal_bag,inf,200.000,200.000,200,1,adjust_flow(delta=0.000),critical_alarm
748.287,control,normal_flow,0,normal_bag,inf,200.000,200.000,200,1,adjust_flow(delta=0.000),critical_alarm
749.287,control,normal_flow,0,normal_bag,inf,200.000,200.000,200,1,adjust_flow(delta=0.000),critical_alarm
750.287,control,normal_flow,0,normal_bag,inf,200.000,200.000,200,1,adjust_flow(delta=0.000),critical_alarm
751.287,control,normal_flow,0,normal_bag,inf,200.000,200.000,200,1,adjust_flow(delta=0.000),critical_alarm
752.287,control,normal_flow,0,normal_bag,inf,200.000,200.000,200,1,adjust_flow(delta=0.000),critical_alarm
753.287,control,normal_flow,0,normal_bag,inf,200.000,200.000,200,1,adjust_flow(delta=0.000),critical_alarm
754.287,control,normal_flow,0,normal_bag,inf,200.000,200.000,200,1,adjust_flow(delta=0.000),critical_alarm
755.287,control,normal_flow,0,normal_bag,inf,200.000,200.000,200,1,adjust_flow(delta=0.000),critical_alarm
756.287,control,normal_flow,0,normal_bag,inf,200.000,200.000,200,1,adjust_flow(delta=0.000),critical_alarm
757.287,control,normal_flow,0,normal_bag,inf,200.000,200.000,200,1,adjust_flow(delta=0.000),critical_alarm
758.287,control,normal_flow,0,normal_bag,inf,200.000,200.000,200,1,adjust_flow(delta=0.000),critical_alarm
759.287,control,normal_flow,0,normal_bag,inf,200.000,200.000,200,1,adjust_flow(delta=0.000),critical_alarm
760.287,control,normal_flow,0,normal_bag,inf,200.000,200.000,200,1,adjust_flow(delta=0.000),critical_alarm
761.287,control,normal_flow,0,normal_bag,inf,200.000,200.000,200,1,adjust_flow(delta=0.000),critical_alarm
762.287,control,normal_flow,0,normal_bag,inf,200.000,200.000,200,1,adjust_flow(delta=0.000),critical_alarm
763.287,control,normal_flow,0,normal_bag,inf,200.000,200.000,200,1,adjust_flow(delta=0.000),critical_alarm
764.287,control,normal_flow,0,normal_bag,inf,200.000,200.000,200,1,adjust_flow(delta=0.000),critical_alarm
765.287,control,normal_flow,0,normal_bag,inf,200.000,200.000,200,1,adjust_flow(delta=0.000),critical_alarm
766.287,control,normal_flow,0,normal_bag,inf,200.000,200.000,200,1,adjust_flow(delta=0.000),critical_alarm
767.287,control,normal_flow,0,normal_bag,inf,200.000,200.000,200,1,adjust_flow(delta=0.000),critical_alarm
768.287,control,normal_flow,0,normal_bag,inf,200.000,200.000,200,1,adjust_flow(delta=0.000),critical_alarm
769.287,control,normal_flow,0,normal_bag,inf,200.000,200.000,200,1,adjust_flow(delta=0.000),critical_alarm
770.287,control,normal_flow,0,normal_bag,inf,200.000,200.000,200,1,adjust_flow(delta=0.000),critical_alarm
771.287,control,normal_flow,0,normal_bag,inf,200.000,200.000,200,1,adjust_flow(delta=0.000),critical_alarm
772.287,control,normal_flow,0,normal_bag,inf,200.000,200.000,200,1,adjust_flow(delta=0.000),critical_alarm
773.287,control,normal_flow,0,normal_bag,inf,200.000,200.000,200,1,adjust_flow(delta=0.000),critical_alarm
774.287,control,normal_flow,0,normal_bag,inf,200.000,200.000,200,1,adjust_flow(delta=0.000),critical_alarm
775.287,control,normal_flow,0,normal_bag,inf,200.000,200.000,200,1,adjust_flow(delta=0.000),critical_alarm
776.287,control,normal_flow,0,normal_bag,inf,200.000,200.000,200,1,adjust_flow(delta=0.000),critical_alarm
777.287,control,normal_flow,0,normal_bag,inf,200.000,200.000,200,1,adjust_flow(delta=0.000),critical_alarm
778.287,control,normal_flow,0,normal_bag,inf,200.000,200.000,200,1,adjust_flow(delta=0.000),critical_alarm
779.287,control,normal_flow,0,normal_bag,inf,200.000,200.000,200,1,adjust_flow(delta=0.000),critical_alarm
780.287,control,normal_flow,0,normal_bag,inf,200.000,200.000,200,1,adjust_flow(delta=0.000),critical_alarm
781.287,control,normal_flow,0,normal_bag,inf,200.000,200.000,200,1,adjust_flow(delta=0.000),critical_alarm
782.287,control,normal_flow,0,normal_bag,inf,200.000,200.000,200,1,adjust_flow(delta=0.000),critical_alarm
783.287,control,normal_flow,0,normal_bag,inf,200.000,200.000,200,1,adjust_flow(delta=0.000),critical_alarm
784.287,control,normal_flow,0,normal_bag,inf,200.000,200.000,200,1,adjust_flow(delta=0.000),critical_alarm
785.287,control,normal_flow,0,normal_bag,inf,200.000,200.000,200,1,adjust_flow(delta=0.000),critical_alarm
786.287,control,normal_flow,0,normal_bag,inf,200.000,200.000,200,1,adjust_flow(delta=0.000),critical_alarm
787.287,control,normal_flow,0,normal_bag,inf,200.000,200.000,200,1,adjust_flow(delta=0.000),critical_alarm
788.287,control,normal_flow,0,normal_bag,inf,200.000,200.000,200,1,adjust_flow(delta=0.000),critical_alarm
789.287,control,normal_flow,0,normal_bag,inf,200.000,200.000,200,1,adjust_flow(delta=0.000),critical_alarm
790.287,control,normal_flow,0,normal_bag,inf,200.000,200.000,200,1,adjust_flow(delta=0.000),critical_alarm
791.287,control,normal_flow,0,normal_bag,inf,200.000,200.000,200,1,adjust_flow(delta=0.000),critical_alarm
792.287,control,normal_flow,0,normal_bag,inf,200.000,200.000,200,1,adjust_flow(delta=0.000),critical_alarm
793.287,control,normal_flow,0,normal_bag,inf,200.000,200.000,200,1,adjust_flow(delta=0.000),critical_alarm
794.287,control,normal_flow,0,normal_bag,inf,200.000,200.000,200,1,adjust_flow(delta=0.000),critical_alarm
795.287,control,normal_flow,0,normal_bag,inf,200.000,200.000,200,1,adjust_flow(delta=0.000),critical_alarm
796.287,control,normal_flow,0,normal_bag,inf,200.000,200.000,200,1,adjust_flow(delta=0.000),critical_alarm
797.287,control,normal_flow,0,normal_bag,inf,200.000,200.000,200,1,adjust_flow(delta=0.000),critical_alarm
798.287,control,normal_flow,0,normal_bag,inf,200.000,200.000,200,1,adjust_flow(delta=0.000),critical_alarm
799.287,control,normal_flow,0,normal_bag,inf,200.000,200.000,200,1,adjust_flow(delta=0.000),critical_alarm
800.287,control,normal_flow,0,normal_bag,inf,200.000,200.000,200,1,adjust_flow(delta=0.000),critical_alarm
801.287,control,normal_flow,0,normal_bag,inf,200.000,200.000,200,1,adjust_flow(delta=0.000),critical_alarm
802.287,control,normal_flow,0,normal_bag,inf,200.000,200.000,200,1,adjust_flow(delta=0.000),critical_alarm
803.287,control,normal_flow,0,normal_bag,inf,200.000,200.000,200,1,adjust_flow(delta=0.000),critical_alarm
804.287,control,normal_flow,0,normal_bag,inf,200.000,200.000,200,1,adjust_flow(delta=0.000),critical_alarm
805.287,control,normal_flow,0,normal_bag,inf,200.000,200.000,200,1,adjust_flow(delta=0.000),critical_alarm
806.287,control,normal_flow,0,normal_bag,inf,200.000,200.000,200,1,adjust_flow(delta=0.000),critical_alarm
807.287,control,normal_flow,0,normal_bag,inf,200.000,200.000,200,1,adjust_flow(delta=0.000),critical_alarm
808.287,control,normal_flow,0,normal_bag,inf,200.000,200.000,200,1,adjust_flow(delta=0.000),critical_alarm
809.287,control,normal_flow,0,normal_bag,inf,200.000,200.000,200,1,adjust_flow(delta=0.000),critical_alarm
810.287,control,normal_flow,0,normal_bag,inf,200.000,200.000,200,1,adjust_flow(delta=0.000),critical_alarm
811.287,control,normal_flow,0,normal_bag,inf,200.000,200.000,200,1,adjust_flow(delta=0.000),critical_alarm
812.287,control,normal_flow,0,normal_bag,inf,200.000,200.000,200,1,adjust_flow(delta=0.000),critical_alarm
813.287,control,normal_flow,0,normal_bag,inf,200.000,200.000,200,1,adjust_flow(delta=0.000),critical_alarm
814.287,control,normal_flow,0,normal_bag,inf,200.000,200.000,200,1,adjust_flow(delta=0.000),critical_alarm
815.287,control,normal_flow,0,normal_bag,inf,200.000,200.000,200,1,adjust_flow(delta=0.000),critical_alarm
816.287,control,normal_flow,0,normal_bag,inf,200.000,200.000,200,1,adjust_flow(delta=0.000),critical_alarm
817.287,control,normal_flow,0,normal_bag,inf,200.000,200.000,200,1,adjust_flow(delta=0.000),critical_alarm
818.287,control,normal_flow,0,normal_bag,inf,200.000,200.000,200,1,adjust_flow(delta=0.000),critical_alarm
819.287,control,normal_flow,0,normal_bag,inf,200.000,200.000,200,1,adjust_flow(delta=0.000),critical_alarm
820.287,control,normal_flow,0,normal_bag,inf,200.000,200.000,200,1,adjust_flow(delta=0.000),critical_alarm
821.287,control,normal_flow,0,normal_bag,inf,200.000,200.000,200,1,adjust_flow(delta=0.000),critical_alarm
822.287,control,normal_flow,0,normal_bag,inf,200.000,200.000,200,1,adjust_flow(delta=0.000),critical_alarm
823.287,control,normal_flow,0,normal_bag,inf,200.000,200.000,200,1,adjust_flow(delta=0.000),critical_alarm
824.287,control,normal_flow,0,normal_bag,inf,200.000,200.000,200,1,adjust_flow(delta=0.000),critical_alarm
825.287,control,normal_flow,0,normal_bag,inf,200.000,200.000,200,1,adjust_flow(delta=0.000),critical_alarm
826.287,control,normal_flow,0,normal_bag,inf,200.000,200.000,200,1,adjust_flow(delta=0.000),critical_alarm
827.287,control,normal_flow,0,normal_bag,inf,200.000,200.000,200,1,adjust_flow(delta=0.000),critical_alarm
828.287,control,normal_flow,0,normal_bag,inf,200.000,200.000,200,1,adjust_flow(delta=0.000),critical_alarm
829.287,control,normal_flow,0,normal_bag,inf,200.000,200.000,200,1,adjust_flow(delta=0.000),critical_alarm
830.287,control,normal_flow,0,normal_bag,inf,200.000,200.000,200,1,adjust_flow(delta=0.000),critical_alarm
831.287,control,normal_flow,0,normal_bag,inf,200.000,200.000,200,1,adjust_flow(delta=0.000),critical_alarm
832.287,control,normal_flow,0,normal_bag,inf,200.000,200.000,200,1,adjust_flow(delta=0.000),critical_alarm
833.287,control,normal_flow,0,normal_bag,inf,200.000,200.000,200,1,adjust_flow(delta=0.000),critical_alarm
834.287,control,normal_flow,0,normal_bag,inf,200.000,200.000,200,1,adjust_flow(delta=0.000),critical_alarm
835.287,control,normal_flow,0,normal_bag,inf,200.000,200.000,200,1,adjust_flow(delta=0.000),critical_alarm
836.287,control,normal_flow,0,normal_bag,inf,200.000,200.000,200,1,adjust_flow(delta=0.000),critical_alarm
837.287,control,normal_flow,0,normal_bag,inf,200.000,200.000,200,1,adjust_flow(delta=0.000),critical_alarm
838.287,control,normal_flow,0,normal_bag,inf,200.000,200.000,200,1,adjust_flow(delta=0.000),critical_alarm
839.287,control,normal_flow,0,normal_bag,inf,200.000,200.000,200,1,adjust_flow(delta=0.000),critical_alarm
840.287,control,normal_flow,0,normal_bag,inf,200.000,200.000,200,1,adjust_flow(delta=0.000),critical_alarm
841.287,control,normal_flow,0,normal_bag,inf,200.000,200.000,200,1,adjust_flow(delta=0.000),critical_alarm
842.287,control,normal_flow,0,normal_bag,inf,200.000,200.000,200,1,adjust_flow(delta=0.000),critical_alarm
843.287,control,normal_flow,0,normal_bag,inf,200.000,200.000,200,1,adjust_flow(delta=0.000),critical_alarm
844.287,control,normal_flow,0,normal_bag,inf,200.000,200.000,200,1,adjust_flow(delta=0.000),critical_alarm
845.287,control,normal_flow,0,normal_bag,inf,200.000,200.000,200,1,adjust_flow(delta=0.000),critical_alarm
846.287,control,normal_flow,0,normal_bag,inf,200.000,200.000,200,1,adjust_flow(delta=0.000),critical_alarm
847.287,control,normal_flow,0,normal_bag,inf,200.000,200.000,200,1,adjust_flow(delta=0.000),critical_alarm
848.287,control,normal_flow,0,normal_bag,inf,200.000,200.000,200,1,adjust_flow(delta=0.000),critical_alarm
849.287,control,normal_flow,0,normal_bag,inf,200.000,200.000,200,1,adjust_flow(delta=0.000),critical_alarm
850.287,control,normal_flow,0,normal_bag,inf,200.000,200.000,200,1,adjust_flow(delta=0.000),critical_alarm
851.287,control,normal_flow,0,normal_bag,inf,200.000,200.000,200,1,adjust_flow(delta=0.000),critical_alarm
852.287,control,normal_flow,0,normal_bag,inf,200.000,200.000,200,1,adjust_flow(delta=0.000),critical_alarm
853.287,control,normal_flow,0,normal_bag,inf,200.000,200.000,200,1,adjust_flow(delta=0.000),critical_alarm
854.287,control,normal_flow,0,normal_bag,inf,200.000,200.000,200,1,adjust_flow(delta=0.000),critical_alarm
855.287,control,normal_flow,0,normal_bag,inf,200.000,200.000,200,1,adjust_flow(delta=0.000),critical_alarm
856.287,control,normal_flow,0,normal_bag,inf,200.000,200.000,200,1,adjust_flow(delta=0.000),critical_alarm
857.287,control,normal_flow,0,normal_bag,inf,200.000,200.000,200,1,adjust_flow(delta=0.000),critical_alarm
858.287,control,normal_flow,0,normal_bag,inf,200.000,200.000,200,1,adjust_flow(delta=0.000),critical_alarm
859.287,control,normal_flow,0,normal_bag,inf,200.000,200.000,200,1,adjust_flow(delta=0.000),critical_alarm
860.287,control,normal_flow,0,normal_bag,inf,200.000,200.000,200,1,adjust_flow(delta=0.000),critical_alarm
861.287,control,normal_flow,0,normal_bag,inf,200.000,200.000,200,1,adjust_flow(delta=0.000),critical_alarm
862.287,control,normal_flow,0,normal_bag,inf,200.000,200.000,200,1,adjust_flow(delta=0.000),critical_alarm
863.287,control,normal_flow,0,normal_bag,inf,200.000,200.000,200,1,adjust_flow(delta=0.000),critical_alarm
864.287,control,normal_flow,0,normal_bag,inf,200.000,200.000,200,1,adjust_flow(delta=0.000),critical_alarm
865.287,control,normal_flow,0,normal_bag,inf,200.000,200.000,200,1,adjust_flow(delta=0.000),critical_alarm
866.287,control,normal_flow,0,normal_bag,inf,200.000,200.000,200,1,adjust_flow(delta=0.000),critical_alarm
867.287,control,normal_flow,0,normal_bag,inf,200.000,200.000,200,1,adjust_flow(delta=0.000),critical_alarm
868.287,control,normal_flow,0,normal_bag,inf,200.000,200.000,200,1,adjust_flow(delta=0.000),critical_alarm
869.287,control,normal_flow,0,normal_bag,inf,200.000,200.000,200,1,adjust_flow(delta=0.000),critical_alarm
870.287,control,normal_flow,0,normal_bag,inf,200.000,200.000,200,1,adjust_flow(delta=0.000),critical_alarm
871.287,control,normal_flow,0,normal_bag,inf,200.000,200.000,200,1,adjust_flow(delta=0.000),critical_alarm
872.287,control,normal_flow,0,normal_bag,inf,200.000,200.000,200,1,adjust_flow(delta=0.000),critical_alarm
873.287,control,normal_flow,0,normal_bag,inf,200.000,200.000,200,1,adjust_flow(delta=0.000),critical_alarm
874.287,control,normal_flow,0,normal_bag,inf,200.000,200.000,200,1,adjust_flow(delta=0.000),critical_alarm
875.287,control,normal_flow,0,normal_bag,inf,200.000,200.000,200,1,adjust_flow(delta=0.000),critical_alarm
876.287,control,normal_flow,0,normal_bag,inf,200.000,200.000,200,1,adjust_flow(delta=0.000),critical_alarm
877.287,control,normal_flow,0,normal_bag,inf,200.000,200.000,200,1,adjust_flow(delta=0.000),critical_alarm
878.287,control,normal_flow,0,normal_bag,inf,200.000,200.000,200,1,adjust_flow(delta=0.000),critical_alarm
879.287,control,normal_flow,0,normal_bag,inf,200.000,200.000,200,1,adjust_flow(delta=0.000),critical_alarm
880.287,control,normal_flow,0,normal_bag,inf,200.000,200.000,200,1,adjust_flow(delta=0.000),critical_alarm
881.287,control,normal_flow,0,normal_bag,inf,200.000,200.000,200,1,adjust_flow(delta=0.000),critical_alarm
882.287,control,normal_flow,0,normal_bag,inf,200.000,200.000,200,1,adjust_flow(delta=0.000),critical_alarm
883.287,control,normal_flow,0,normal_bag,inf,200.000,200.000,200,1,adjust_flow(delta=0.000),critical_alarm
884.287,control,normal_flow,0,normal_bag,inf,200.000,200.000,200,1,adjust_flow(delta=0.000),critical_alarm
885.287,control,normal_flow,0,normal_bag,inf,200.000,200.000,200,1,adjust_flow(delta=0.000),critical_alarm
886.287,control,normal_flow,0,normal_bag,inf,200.000,200.000,200,1,adjust_flow(delta=0.000),critical_alarm
887.287,control,normal_flow,0,normal_bag,inf,200.000,200.000,200,1,adjust_flow(delta=0.000),critical_alarm
888.287,control,normal_flow,0,normal_bag,inf,200.000,200.000,200,1,adjust_flow(delta=0.000),critical_alarm
889.287,control,normal_flow,0,normal_bag,inf,200.000,200.000,200,1,adjust_flow(delta=0.000),critical_alarm
890.287,control,normal_flow,0,normal_bag,inf,200.000,200.000,200,1,adjust_flow(delta=0.000),critical_alarm
891.287,control,normal_flow,0,normal_bag,inf,200.000,200.000,200,1,adjust_flow(delta=0.000),critical_alarm
892.287,control,normal_flow,0,normal_bag,inf,200.000,200.000,200,1,adjust_flow(delta=0.000),critical_alarm
893.287,control,normal_flow,0,normal_bag,inf,200.000,200.000,200,1,adjust_flow(delta=0.000),critical_alarm
894.287,control,normal_flow,0,normal_bag,inf,200.000,200.000,200,1,adjust_flow(delta=0.000),critical_alarm
895.287,control,normal_flow,0,normal_bag,inf,200.000,200.000,200,1,adjust_flow(delta=0.000),critical_alarm
896.287,control,normal_flow,0,normal_bag,inf,200.000,200.000,200,1,adjust_flow(delta=0.000),critical_alarm
897.287,control,normal_flow,0,normal_bag,inf,200.000,200.000,200,1,adjust_flow(delta=0.000),critical_alarm
898.287,control,normal_flow,0,normal_bag,inf,200.000,200.000,200,1,adjust_flow(delta=0.000),critical_alarm
899.287,control,normal_flow,0,normal_bag,inf,200.000,200.000,200,1,adjust_flow(delta=0.000),critical_alarm
900.287,control,normal_flow,0,normal_bag,inf,200.000,200.000,200,1,adjust_flow(delta=0.000),critical_alarm
901.287,control,normal_flow,0,normal_bag,inf,200.000,200.000,200,1,adjust_flow(delta=0.000),critical_alarm
902.287,control,normal_flow,0,normal_bag,inf,200.000,200.000,200,1,adjust_flow(delta=0.000),critical_alarm
903.287,control,normal_flow,0,normal_bag,inf,200.000,200.000,200,1,adjust_flow(delta=0.000),critical_alarm
904.287,control,normal_flow,0,normal_bag,inf,200.000,200.000,200,1,adjust_flow(delta=0.000),critical_alarm
905.287,control,normal_flow,0,normal_bag,inf,200.000,200.000,200,1,adjust_flow(delta=0.000),critical_alarm
906.287,control,normal_flow,0,normal_bag,inf,200.000,200.000,200,1,adjust_flow(delta=0.000),critical_alarm
907.287,control,normal_flow,0,normal_bag,inf,200.000,200.000,200,1,adjust_flow(delta=0.000),critical_alarm
908.287,control,normal_flow,0,normal_bag,inf,200.000,200.000,200,1,adjust_flow(delta=0.000),critical_alarm
909.287,control,normal_flow,0,normal_bag,inf,200.000,200.000,200,1,adjust_flow(delta=0.000),critical_alarm
910.287,control,normal_flow,0,normal_bag,inf,200.000,200.000,200,1,adjust_flow(delta=0.000),critical_alarm
911.287,control,normal_flow,0,normal_bag,inf,200.000,200.000,200,1,adjust_flow(delta=0.000),critical_alarm
912.287,control,normal_flow,0,normal_bag,inf,200.000,200.000,200,1,adjust_flow(delta=0.000),critical_alarm
913.287,control,normal_flow,0,normal_bag,inf,200.000,200.000,200,1,adjust_flow(delta=0.000),critical_alarm
914.287,control,normal_flow,0,normal_bag,inf,200.000,200.000,200,1,adjust_flow(delta=0.000),critical_alarm
915.287,control,normal_flow,0,normal_bag,inf,200.000,200.000,200,1,adjust_flow(delta=0.000),critical_alarm
916.287,control,normal_flow,0,normal_bag,inf,200.000,200.000,200,1,adjust_flow(delta=0.000),critical_alarm
917.287,control,normal_flow,0,normal_bag,inf,200.000,200.000,200,1,adjust_flow(delta=0.000),critical_alarm
918.287,control,normal_flow,0,normal_bag,inf,200.000,200.000,200,1,adjust_flow(delta=0.000),critical_alarm
919.287,control,normal_flow,0,normal_bag,inf,200.000,200.000,200,1,adjust_flow(delta=0.000),critical_alarm
920.287,control,normal_flow,0,normal_bag,inf,200.000,200.000,200,1,adjust_flow(delta=0.000),critical_alarm
921.287,control,normal_flow,0,normal_bag,inf,200.000,200.000,200,1,adjust_flow(delta=0.000),critical_alarm
922.287,control,normal_flow,0,normal_bag,inf,200.000,200.000,200,1,adjust_flow(delta=0.000),critical_alarm
923.287,control,normal_flow,0,normal_bag,inf,200.000,200.000,200,1,adjust_flow(delta=0.000),critical_alarm
924.287,control,normal_flow,0,normal_bag,inf,200.000,200.000,200,1,adjust_flow(delta=0.000),critical_alarm
925.287,control,normal_flow,0,normal_bag,inf,200.000,200.000,200,1,adjust_flow(delta=0.000),critical_alarm
926.287,control,normal_flow,0,normal_bag,inf,200.000,200.000,200,1,adjust_flow(delta=0.000),critical_alarm
927.287,control,normal_flow,0,normal_bag,inf,200.000,200.000,200,1,adjust_flow(delta=0.000),critical_alarm
928.287,control,normal_flow,0,normal_bag,inf,200.000,200.000,200,1,adjust_flow(delta=0.000),critical_alarm
929.287,control,normal_flow,0,normal_bag,inf,200.000,200.000,200,1,adjust_flow(delta=0.000),critical_alarm
930.287,control,normal_flow,0,normal_bag,inf,200.000,200.000,200,1,adjust_flow(delta=0.000),critical_alarm
931.287,control,normal_flow,0,normal_bag,inf,200.000,200.000,200,1,adjust_flow(delta=0.000),critical_alarm
932.287,control,normal_flow,0,normal_bag,inf,200.000,200.000,200,1,adjust_flow(delta=0.000),critical_alarm
933.287,control,normal_flow,0,normal_bag,inf,200.000,200.000,200,1,adjust_flow(delta=0.000),critical_alarm
934.287,control,normal_flow,0,normal_bag,inf,200.000,200.000,200,1,adjust_flow(delta=0.000),critical_alarm
935.287,control,normal_flow,0,normal_bag,inf,200.000,200.000,200,1,adjust_flow(delta=0.000),critical_alarm
936.287,control,normal_flow,0,normal_bag,inf,200.000,200.000,200,1,adjust_flow(delta=0.000),critical_alarm
937.287,control,normal_flow,0,normal_bag,inf,200.000,200.000,200,1,adjust_flow(delta=0.000),critical_alarm
938.287,control,normal_flow,0,normal_bag,inf,200.000,200.000,200,1,adjust_flow(delta=0.000),critical_alarm
939.287,control,normal_flow,0,normal_bag,inf,200.000,200.000,200,1,adjust_flow(delta=0.000),critical_alarm
940.287,control,normal_flow,0,normal_bag,inf,200.000,200.000,200,1,adjust_flow(delta=0.000),critical_alarm
941.287,control,normal_flow,0,normal_bag,inf,200.000,200.000,200,1,adjust_flow(delta=0.000),critical_alarm
942.287,control,normal_flow,0,normal_bag,inf,200.000,200.000,200,1,adjust_flow(delta=0.000),critical_alarm
943.287,control,normal_flow,0,normal_bag,inf,200.000,200.000,200,1,adjust_flow(delta=0.000),critical_alarm
944.287,control,normal_flow,0,normal_bag,inf,200.000,200.000,200,1,adjust_flow(delta=0.000),critical_alarm
945.287,control,normal_flow,0,normal_bag,inf,200.000,200.000,200,1,adjust_flow(delta=0.000),critical_alarm
946.287,control,normal_flow,0,normal_bag,inf,200.000,200.000,200,1,adjust_flow(delta=0.000),critical_alarm
947.287,control,normal_flow,0,normal_bag,inf,200.000,200.000,200,1,adjust_flow(delta=0.000),critical_alarm
948.287,control,normal_flow,0,normal_bag,inf,200.000,200.000,200,1,adjust_flow(delta=0.000),critical_alarm
949.287,control,normal_flow,0,normal_bag,inf,200.000,200.000,200,1,adjust_flow(delta=0.000),critical_alarm
950.287,control,normal_flow,0,normal_bag,inf,200.000,200.000,200,1,adjust_flow(delta=0.000),critical_alarm
951.287,control,normal_flow,0,normal_bag,inf,200.000,200.000,200,1,adjust_flow(delta=0.000),critical_alarm
952.287,control,normal_flow,0,normal_bag,inf,200.000,200.000,200,1,adjust_flow(delta=0.000),critical_alarm
953.287,control,normal_flow,0,normal_bag,inf,200.000,200.000,200,1,adjust_flow(delta=0.000),critical_alarm
954.287,control,normal_flow,0,normal_bag,inf,200.000,200.000,200,1,adjust_flow(delta=0.000),critical_alarm
955.287,control,normal_flow,0,normal_bag,inf,200.000,200.000,200,1,adjust_flow(delta=0.000),critical_alarm
956.287,control,normal_flow,0,normal_bag,inf,200.000,200.000,200,1,adjust_flow(delta=0.000),critical_alarm
957.287,control,normal_flow,0,normal_bag,inf,200.000,200.000,200,1,adjust_flow(delta=0.000),critical_alarm
958.287,control,normal_flow,0,normal_bag,inf,200.000,200.000,200,1,adjust_flow(delta=0.000),critical_alarm
959.287,control,normal_flow,0,normal_bag,inf,200.000,200.000,200,1,adjust_flow(delta=0.000),critical_alarm
960.287,control,normal_flow,0,normal_bag,inf,200.000,200.000,200,1,adjust_flow(delta=0.000),critical_alarm
961.287,control,normal_flow,0,normal_bag,inf,200.000,200.000,200,1,adjust_flow(delta=0.000),critical_alarm
962.287,control,normal_flow,0,normal_bag,inf,200.000,200.000,200,1,adjust_flow(delta=0.000),critical_alarm
963.287,control,normal_flow,0,normal_bag,inf,200.000,200.000,200,1,adjust_flow(delta=0.000),critical_alarm
964.287,control,normal_flow,0,normal_bag,inf,200.000,200.000,200,1,adjust_flow(delta=0.000),critical_alarm
965.287,control,normal_flow,0,normal_bag,inf,200.000,200.000,200,1,adjust_flow(delta=0.000),critical_alarm
966.287,control,normal_flow,0,normal_bag,inf,200.000,200.000,200,1,adjust_flow(delta=0.000),critical_alarm
967.287,control,normal_flow,0,normal_bag,inf,200.000,200.000,200,1,adjust_flow(delta=0.000),critical_alarm
968.287,control,normal_flow,0,normal_bag,inf,200.000,200.000,200,1,adjust_flow(delta=0.000),critical_alarm
969.287,control,normal_flow,0,normal_bag,inf,200.000,200.000,200,1,adjust_flow(delta=0.000),critical_alarm
970.287,control,normal_flow,0,normal_bag,inf,200.000,200.000,200,1,adjust_flow(delta=0.000),critical_alarm
971.287,control,normal_flow,0,normal_bag,inf,200.000,200.000,200,1,adjust_flow(delta=0.000),critical_alarm
972.287,control,normal_flow,0,normal_bag,inf,200.000,200.000,200,1,adjust_flow(delta=0.000),critical_alarm
973.287,control,normal_flow,0,normal_bag,inf,200.000,200.000,200,1,adjust_flow(delta=0.000),critical_alarm
974.287,control,normal_flow,0,normal_bag,inf,200.000,200.000,200,1,adjust_flow(delta=0.000),critical_alarm
975.287,control,normal_flow,0,normal_bag,inf,200.000,200.000,200,1,adjust_flow(delta=0.000),critical_alarm
976.287,control,normal_flow,0,normal_bag,inf,200.000,200.000,200,1,adjust_flow(delta=0.000),critical_alarm
977.287,control,normal_flow,0,normal_bag,inf,200.000,200.000,200,1,adjust_flow(delta=0.000),critical_alarm
978.287,control,normal_flow,0,normal_bag,inf,200.000,200.000,200,1,adjust_flow(delta=0.000),critical_alarm
979.287,control,normal_flow,0,normal_bag,inf,200.000,200.000,200,1,adjust_flow(delta=0.000),critical_alarm
980.287,control,normal_flow,0,normal_bag,inf,200.000,200.000,200,1,adjust_flow(delta=0.000),critical_alarm
981.287,control,normal_flow,0,normal_bag,inf,200.000,200.000,200,1,adjust_flow(delta=0.000),critical_alarm
982.287,control,normal_flow,0,normal_bag,inf,200.000,200.000,200,1,adjust_flow(delta=0.000),critical_alarm
983.287,control,normal_flow,0,normal_bag,inf,200.000,200.000,200,1,adjust_flow(delta=0.000),critical_alarm
984.287,control,normal_flow,0,normal_bag,inf,200.000,200.000,200,1,adjust_flow(delta=0.000),critical_alarm
985.287,control,normal_flow,0,normal_bag,inf,200.000,200.000,200,1,adjust_flow(delta=0.000),critical_alarm
986.287,control,normal_flow,0,normal_bag,inf,200.000,200.000,200,1,adjust_flow(delta=0.000),critical_alarm
987.287,control,normal_flow,0,normal_bag,inf,200.000,200.000,200,1,adjust_flow(delta=0.000),critical_alarm
988.287,control,normal_flow,0,normal_bag,inf,200.000,200.000,200,1,adjust_flow(delta=0.000),critical_alarm
989.287,control,normal_flow,0,normal_bag,inf,200.000,200.000,200,1,adjust_flow(delta=0.000),critical_alarm
990.287,control,normal_flow,0,normal_bag,inf,200.000,200.000,200,1,adjust_flow(delta=0.000),critical_alarm
991.287,control,normal_flow,0,normal_bag,inf,200.000,200.000,200,1,adjust_flow(delta=0.000),critical_alarm
992.287,control,normal_flow,0,normal_bag,inf,200.000,200.000,200,1,adjust_flow(delta=0.000),critical_alarm
993.287,control,normal_flow,0,normal_bag,inf,200.000,200.000,200,1,adjust_flow(delta=0.000),critical_alarm
994.287,control,normal_flow,0,normal_bag,inf,200.000,200.000,200,1,adjust_flow(delta=0.000),critical_alarm
995.287,control,normal_flow,0,normal_bag,inf,200.000,200.000,200,1,adjust_flow(delta=0.000),critical_alarm
996.287,control,normal_flow,0,normal_bag,inf,200.000,200.000,200,1,adjust_flow(delta=0.000),critical_alarm
997.287,control,normal_flow,0,normal_bag,inf,200.000,200.000,200,1,adjust_flow(delta=0.000),critical_alarm
998.287,control,normal_flow,0,normal_bag,inf,200.000,200.000,200,1,adjust_flow(delta=0.000),critical_alarm
999.287,control,normal_flow,0,normal_bag,inf,200.000,200.000,200,1,adjust_flow(delta=0.000),critical_alarm
1000.287,control,normal_flow,0,normal_bag,inf,200.000,200.000,200,1,adjust_flow(delta=0.000),critical_alarm
1001.287,control,normal_flow,0,normal_bag,inf,200.000,200.000,200,1,adjust_flow(delta=0.000),critical_alarm
1002.287,control,normal_flow,0,normal_bag,inf,200.000,200.000,200,1,adjust_flow(delta=0.000),critical_alarm
1003.287,control,normal_flow,0,normal_bag,inf,200.000,200.000,200,1,adjust_flow(delta=0.000),critical_alarm
1004.287,control,normal_flow,0,normal_bag,inf,200.000,200.000,200,1,adjust_flow(delta=0.000),critical_alarm
1005.287,control,normal_flow,0,normal_bag,inf,200.000,200.000,200,1,adjust_flow(delta=0.000),critical_alarm
1006.287,control,normal_flow,0,normal_bag,inf,200.000,200.000,200,1,adjust_flow(delta=0.000),critical_alarm
1007.287,control,normal_flow,0,normal_bag,inf,200.000,200.000,200,1,adjust_flow(delta=0.000),critical_alarm
1008.287,control,normal_flow,0,normal_bag,inf,200.000,200.000,200,1,adjust_flow(delta=0.000),critical_alarm
1009.287,control,normal_flow,0,normal_bag,inf,200.000,200.000,200,1,adjust_flow(delta=0.000),critical_alarm
1010.287,control,normal_flow,0,normal_bag,inf,200.000,200.000,200,1,adjust_flow(delta=0.000),critical_alarm
1011.287,control,normal_flow,0,normal_bag,inf,200.000,200.000,200,1,adjust_flow(delta=0.000),critical_alarm
1012.287,control,normal_flow,0,normal_bag,inf,200.000,200.000,200,1,adjust_flow(delta=0.000),critical_alarm
1013.287,control,normal_flow,0,normal_bag,inf,200.000,200.000,200,1,adjust_flow(delta=0.000),critical_alarm
1014.287,control,normal_flow,0,normal_bag,inf,200.000,200.000,200,1,adjust_flow(delta=0.000),critical_alarm
1015.287,control,normal_flow,0,normal_bag,inf,200.000,200.000,200,1,adjust_flow(delta=0.000),critical_alarm
1016.287,control,normal_flow,0,normal_bag,inf,200.000,200.000,200,1,adjust_flow(delta=0.000),critical_alarm
1017.287,control,normal_flow,0,normal_bag,inf,200.000,200.000,200,1,adjust_flow(delta=0.000),critical_alarm
1018.287,control,normal_flow,0,normal_bag,inf,200.000,200.000,200,1,adjust_flow(delta=0.000),critical_alarm
1019.287,control,normal_flow,0,normal_bag,inf,200.000,200.000,200,1,adjust_flow(delta=0.000),critical_alarm
1020.287,control,normal_flow,0,normal_bag,inf,200.000,200.000,200,1,adjust_flow(delta=0.000),critical_alarm
1021.287,control,normal_flow,0,normal_bag,inf,200.000,200.000,200,1,adjust_flow(delta=0.000),critical_alarm
1022.287,control,normal_flow,0,normal_bag,inf,200.000,200.000,200,1,adjust_flow(delta=0.000),critical_alarm
1023.287,control,normal_flow,0,normal_bag,inf,200.000,200.000,200,1,adjust_flow(delta=0.000),critical_alarm
1024.287,control,normal_flow,0,normal_bag,inf,200.000,200.000,200,1,adjust_flow(delta=0.000),critical_alarm
1025.287,control,normal_flow,0,normal_bag,inf,200.000,200.000,200,1,adjust_flow(delta=0.000),critical_alarm
1026.287,control,normal_flow,0,normal_bag,inf,200.000,200.000,200,1,adjust_flow(delta=0.000),critical_alarm
1027.287,control,normal_flow,0,normal_bag,inf,200.000,200.000,200,1,adjust_flow(delta=0.000),critical_alarm
1028.287,control,normal_flow,0,normal_bag,inf,200.000,200.000,200,1,adjust_flow(delta=0.000),critical_alarm
1029.287,control,normal_flow,0,normal_bag,inf,200.000,200.000,200,1,adjust_flow(delta=0.000),critical_alarm
1030.287,control,normal_flow,0,normal_bag,inf,200.000,200.000,200,1,adjust_flow(delta=0.000),critical_alarm
1031.287,control,normal_flow,0,normal_bag,inf,200.000,200.000,200,1,adjust_flow(delta=0.000),critical_alarm
1032.287,control,normal_flow,0,normal_bag,inf,200.000,200.000,200,1,adjust_flow(delta=0.000),critical_alarm
1033.287,control,normal_flow,0,normal_bag,inf,200.000,200.000,200,1,adjust_flow(delta=0.000),critical_alarm
1034.287,control,normal_flow,0,normal_bag,inf,200.000,200.000,200,1,adjust_flow(delta=0.000),critical_alarm
1035.287,control,normal_flow,0,normal_bag,inf,200.000,200.000,200,1,adjust_flow(delta=0.000),critical_alarm
1036.287,control,normal_flow,0,normal_bag,inf,200.000,200.000,200,1,adjust_flow(delta=0.000),critical_alarm
1037.287,control,normal_flow,0,normal_bag,inf,200.000,200.000,200,1,adjust_flow(delta=0.000),critical_alarm
1038.287,control,normal_flow,0,normal_bag,inf,200.000,200.000,200,1,adjust_flow(delta=0.000),critical_alarm
1039.287,control,normal_flow,0,normal_bag,inf,200.000,200.000,200,1,adjust_flow(delta=0.000),critical_alarm
1040.287,control,normal_flow,0,normal_bag,inf,200.000,200.000,200,1,adjust_flow(delta=0.000),critical_alarm
1041.287,control,normal_flow,0,normal_bag,inf,200.000,200.000,200,1,adjust_flow(delta=0.000),critical_alarm
1042.287,control,normal_flow,0,normal_bag,inf,200.000,200.000,200,1,adjust_flow(delta=0.000),critical_alarm
1043.287,control,normal_flow,0,normal_bag,inf,200.000,200.000,200,1,adjust_flow(delta=0.000),critical_alarm
1044.287,control,normal_flow,0,normal_bag,inf,200.000,200.000,200,1,adjust_flow(delta=0.000),critical_alarm
1045.287,control,normal_flow,0,normal_bag,inf,200.000,200.000,200,1,adjust_flow(delta=0.000),critical_alarm
1046.287,control,normal_flow,0,normal_bag,inf,200.000,200.000,200,1,adjust_flow(delta=0.000),critical_alarm
1047.287,control,normal_flow,0,normal_bag,inf,200.000,200.000,200,1,adjust_flow(delta=0.000),critical_alarm
1048.287,control,normal_flow,0,normal_bag,inf,200.000,200.000,200,1,adjust_flow(delta=0.000),critical_alarm
1049.287,control,normal_flow,0,normal_bag,inf,200.000,200.000,200,1,adjust_flow(delta=0.000),critical_alarm
1050.287,control,normal_flow,0,normal_bag,inf,200.000,200.000,200,1,adjust_flow(delta=0.000),critical_alarm
1051.287,control,normal_flow,0,normal_bag,inf,200.000,200.000,200,1,adjust_flow(delta=0.000),critical_alarm
1052.287,control,normal_flow,0,normal_bag,inf,200.000,200.000,200,1,adjust_flow(delta=0.000),critical_alarm
1053.287,control,normal_flow,0,normal_bag,inf,200.000,200.000,200,1,adjust_flow(delta=0.000),critical_alarm
1054.287,control,normal_flow,0,normal_bag,inf,200.000,200.000,200,1,adjust_flow(delta=0.000),critical_alarm
1055.287,control,normal_flow,0,normal_bag,inf,200.000,200.000,200,1,adjust_flow(delta=0.000),critical_alarm
1056.287,control,normal_flow,0,normal_bag,inf,200.000,200.000,200,1,adjust_flow(delta=0.000),critical_alarm
1057.287,control,normal_flow,0,normal_bag,inf,200.000,200.000,200,1,adjust_flow(delta=0.000),critical_alarm
1058.287,control,normal_flow,0,normal_bag,inf,200.000,200.000,200,1,adjust_flow(delta=0.000),critical_alarm
1059.287,control,normal_flow,0,normal_bag,inf,200.000,200.000,200,1,adjust_flow(delta=0.000),critical_alarm
1060.287,control,normal_flow,0,normal_bag,inf,200.000,200.000,200,1,adjust_flow(delta=0.000),critical_alarm
1061.287,control,normal_flow,0,normal_bag,inf,200.000,200.000,200,1,adjust_flow(delta=0.000),critical_alarm
1062.287,control,normal_flow,0,normal_bag,inf,200.000,200.000,200,1,adjust_flow(delta=0.000),critical_alarm
1063.287,control,normal_flow,0,normal_bag,inf,200.000,200.000,200,1,adjust_flow(delta=0.000),critical_alarm
1064.287,control,normal_flow,0,normal_bag,inf,200.000,200.000,200,1,adjust_flow(delta=0.000),critical_alarm
1065.287,control,normal_flow,0,normal_bag,inf,200.000,200.000,200,1,adjust_flow(delta=0.000),critical_alarm
1066.287,control,normal_flow,0,normal_bag,inf,200.000,200.000,200,1,adjust_flow(delta=0.000),critical_alarm
1067.287,control,normal_flow,0,normal_bag,inf,200.000,200.000,200,1,adjust_flow(delta=0.000),critical_alarm
1068.287,control,normal_flow,0,normal_bag,inf,200.000,200.000,200,1,adjust_flow(delta=0.000),critical_alarm
1069.287,control,normal_flow,0,normal_bag,inf,200.000,200.000,200,1,adjust_flow(delta=0.000),critical_alarm
1070.287,control,normal_flow,0,normal_bag,inf,200.000,200.000,200,1,adjust_flow(delta=0.000),critical_alarm
1071.287,control,normal_flow,0,normal_bag,inf,200.000,200.000,200,1,adjust_flow(delta=0.000),critical_alarm
1072.287,control,normal_flow,0,normal_bag,inf,200.000,200.000,200,1,adjust_flow(delta=0.000),critical_alarm
1073.287,control,normal_flow,0,normal_bag,inf,200.000,200.000,200,1,adjust_flow(delta=0.000),critical_alarm
1074.287,control,normal_flow,0,normal_bag,inf,200.000,200.000,200,1,adjust_flow(delta=0.000),critical_alarm
1075.287,control,normal_flow,0,normal_bag,inf,200.000,200.000,200,1,adjust_flow(delta=0.000),critical_alarm
1076.287,control,normal_flow,0,normal_bag,inf,200.000,200.000,200,1,adjust_flow(delta=0.000),critical_alarm
1077.287,control,normal_flow,0,normal_bag,inf,200.000,200.000,200,1,adjust_flow(delta=0.000),critical_alarm
1078.287,control,normal_flow,0,normal_bag,inf,200.000,200.000,200,1,adjust_flow(delta=0.000),critical_alarm
1079.287,control,normal_flow,0,normal_bag,inf,200.000,200.000,200,1,adjust_flow(delta=0.000),critical_alarm
1080.287,control,normal_flow,0,normal_bag,inf,200.000,200.000,200,1,adjust_flow(delta=0.000),critical_alarm
1081.287,control,normal_flow,0,normal_bag,inf,200.000,200.000,200,1,adjust_flow(delta=0.000),critical_alarm
1082.287,control,normal_flow,0,normal_bag,inf,200.000,200.000,200,1,adjust_flow(delta=0.000),critical_alarm
1083.287,control,normal_flow,0,normal_bag,inf,200.000,200.000,200,1,adjust_flow(delta=0.000),critical_alarm
1084.287,control,normal_flow,0,normal_bag,inf,200.000,200.000,200,1,adjust_flow(delta=0.000),critical_alarm
1085.287,control,normal_flow,0,normal_bag,inf,200.000,200.000,200,1,adjust_flow(delta=0.000),critical_alarm
1086.287,control,normal_flow,0,normal_bag,inf,200.000,200.000,200,1,adjust_flow(delta=0.000),critical_alarm
1087.287,control,normal_flow,0,normal_bag,inf,200.000,200.000,200,1,adjust_flow(delta=0.000),critical_alarm
1088.287,control,normal_flow,0,normal_bag,inf,200.000,200.000,200,1,adjust_flow(delta=0.000),critical_alarm
1089.287,control,normal_flow,0,normal_bag,inf,200.000,200.000,200,1,adjust_flow(delta=0.000),critical_alarm
1090.287,control,normal_flow,0,normal_bag,inf,200.000,200.000,200,1,adjust_flow(delta=0.000),critical_alarm
1091.287,control,normal_flow,0,normal_bag,inf,200.000,200.000,200,1,adjust_flow(delta=0.000),critical_alarm
1092.287,control,normal_flow,0,normal_bag,inf,200.000,200.000,200,1,adjust_flow(delta=0.000),critical_alarm
1093.287,control,normal_flow,0,normal_bag,inf,200.000,200.000,200,1,adjust_flow(delta=0.000),critical_alarm
1094.287,control,normal_flow,0,normal_bag,inf,200.000,200.000,200,1,adjust_flow(delta=0.000),critical_alarm
1095.287,control,normal_flow,0,normal_bag,inf,200.000,200.000,200,1,adjust_flow(delta=0.000),critical_alarm
1096.287,control,normal_flow,0,normal_bag,inf,200.000,200.000,200,1,adjust_flow(delta=0.000),critical_alarm
1097.287,control,normal_flow,0,normal_bag,inf,200.000,200.000,200,1,adjust_flow(delta=0.000),critical_alarm
1098.287,control,normal_flow,0,normal_bag,inf,200.000,200.000,200,1,adjust_flow(delta=0.000),critical_alarm
1099.287,control,normal_flow,0,normal_bag,inf,200.000,200.000,200,1,adjust_flow(delta=0.000),critical_alarm
1100.287,control,normal_flow,0,normal_bag,inf,200.000,200.000,200,1,adjust_flow(delta=0.000),critical_alarm
1101.287,control,normal_flow,0,normal_bag,inf,200.000,200.000,200,1,adjust_flow(delta=0.000),critical_alarm
1102.287,control,normal_flow,0,normal_bag,inf,200.000,200.000,200,1,adjust_flow(delta=0.000),critical_alarm
1103.287,control,normal_flow,0,normal_bag,inf,200.000,200.000,200,1,adjust_flow(delta=0.000),critical_alarm
1104.287,control,normal_flow,0,normal_bag,inf,200.000,200.000,200,1,adjust_flow(delta=0.000),critical_alarm
1105.287,control,normal_flow,0,normal_bag,inf,200.000,200.000,200,1,adjust_flow(delta=0.000),critical_alarm
1106.287,control,normal_flow,0,normal_bag,inf,200.000,200.000,200,1,adjust_flow(delta=0.000),critical_alarm
1107.287,control,normal_flow,0,normal_bag,inf,200.000,200.000,200,1,adjust_flow(delta=0.000),critical_alarm
1108.287,control,normal_flow,0,normal_bag,inf,200.000,200.000,200,1,adjust_flow(delta=0.000),critical_alarm
1109.287,control,normal_flow,0,normal_bag,inf,200.000,200.000,200,1,adjust_flow(delta=0.000),critical_alarm
1110.287,control,normal_flow,0,normal_bag,inf,200.000,200.000,200,1,adjust_flow(delta=0.000),critical_alarm
1111.287,control,normal_flow,0,normal_bag,inf,200.000,200.000,200,1,adjust_flow(delta=0.000),critical_alarm
1112.287,control,normal_flow,0,normal_bag,inf,200.000,200.000,200,1,adjust_flow(delta=0.000),critical_alarm
1113.287,control,normal_flow,0,normal_bag,inf,200.000,200.000,200,1,adjust_flow(delta=0.000),critical_alarm
1114.287,control,normal_flow,0,normal_bag,inf,200.000,200.000,200,1,adjust_flow(delta=0.000),critical_alarm
1115.287,control,normal_flow,0,normal_bag,inf,200.000,200.000,200,1,adjust_flow(delta=0.000),critical_alarm
1116.287,control,normal_flow,0,normal_bag,inf,200.000,200.000,200,1,adjust_flow(delta=0.000),critical_alarm
1117.287,control,normal_flow,0,normal_bag,inf,200.000,200.000,200,1,adjust_flow(delta=0.000),critical_alarm
1118.287,control,normal_flow,0,normal_bag,inf,200.000,200.000,200,1,adjust_flow(delta=0.000),critical_alarm
1119.287,control,normal_flow,0,normal_bag,inf,200.000,200.000,200,1,adjust_flow(delta=0.000),critical_alarm
1120.287,control,normal_flow,0,normal_bag,inf,200.000,200.000,200,1,adjust_flow(delta=0.000),critical_alarm
1121.287,control,normal_flow,0,normal_bag,inf,200.000,200.000,200,1,adjust_flow(delta=0.000),critical_alarm
1122.287,control,normal_flow,0,normal_bag,inf,200.000,200.000,200,1,adjust_flow(delta=0.000),critical_alarm
1123.287,control,normal_flow,0,normal_bag,inf,200.000,200.000,200,1,adjust_flow(delta=0.000),critical_alarm
1124.287,control,normal_flow,0,normal_bag,inf,200.000,200.000,200,1,adjust_flow(delta=0.000),critical_alarm
1125.287,control,normal_flow,0,normal_bag,inf,200.000,200.000,200,1,adjust_flow(delta=0.000),critical_alarm
1126.287,control,normal_flow,0,normal_bag,inf,200.000,200.000,200,1,adjust_flow(delta=0.000),critical_alarm
1127.287,control,normal_flow,0,normal_bag,inf,200.000,200.000,200,1,adjust_flow(delta=0.000),critical_alarm
1128.287,control,normal_flow,0,normal_bag,inf,200.000,200.000,200,1,adjust_flow(delta=0.000),critical_alarm
1129.287,control,normal_flow,0,normal_bag,inf,200.000,200.000,200,1,adjust_flow(delta=0.000),critical_alarm
1130.287,control,normal_flow,0,normal_bag,inf,200.000,200.000,200,1,adjust_flow(delta=0.000),critical_alarm
1131.287,control,normal_flow,0,normal_bag,inf,200.000,200.000,200,1,adjust_flow(delta=0.000),critical_alarm
1132.287,control,normal_flow,0,normal_bag,inf,200.000,200.000,200,1,adjust_flow(delta=0.000),critical_alarm
1133.287,control,normal_flow,0,normal_bag,inf,200.000,200.000,200,1,adjust_flow(delta=0.000),critical_alarm
1134.287,control,normal_flow,0,normal_bag,inf,200.000,200.000,200,1,adjust_flow(delta=0.000),critical_alarm
1135.287,control,normal_flow,0,normal_bag,inf,200.000,200.000,200,1,adjust_flow(delta=0.000),critical_alarm
1136.287,control,normal_flow,0,normal_bag,inf,200.000,200.000,200,1,adjust_flow(delta=0.000),critical_alarm
1137.287,control,normal_flow,0,normal_bag,inf,200.000,200.000,200,1,adjust_flow(delta=0.000),critical_alarm
1138.287,control,normal_flow,0,normal_bag,inf,200.000,200.000,200,1,adjust_flow(delta=0.000),critical_alarm
1139.287,control,normal_flow,0,normal_bag,inf,200.000,200.000,200,1,adjust_flow(delta=0.000),critical_alarm
1140.287,control,normal_flow,0,normal_bag,inf,200.000,200.000,200,1,adjust_flow(delta=0.000),critical_alarm
1141.287,control,normal_flow,0,normal_bag,inf,200.000,200.000,200,1,adjust_flow(delta=0.000),critical_alarm
1142.287,control,normal_flow,0,normal_bag,inf,200.000,200.000,200,1,adjust_flow(delta=0.000),critical_alarm
1143.287,control,normal_flow,0,normal_bag,inf,200.000,200.000,200,1,adjust_flow(delta=0.000),critical_alarm
1144.287,control,normal_flow,0,normal_bag,inf,200.000,200.000,200,1,adjust_flow(delta=0.000),critical_alarm
1145.287,control,normal_flow,0,normal_bag,inf,200.000,200.000,200,1,adjust_flow(delta=0.000),critical_alarm
1146.287,control,normal_flow,0,normal_bag,inf,200.000,200.000,200,1,adjust_flow(delta=0.000),critical_alarm
1147.287,control,normal_flow,0,normal_bag,inf,200.000,200.000,200,1,adjust_flow(delta=0.000),critical_alarm
1148.287,control,normal_flow,0,normal_bag,inf,200.000,200.000,200,1,adjust_flow(delta=0.000),critical_alarm
1149.287,control,normal_flow,0,normal_bag,inf,200.000,200.000,200,1,adjust_flow(delta=0.000),critical_alarm
1150.287,control,normal_flow,0,normal_bag,inf,200.000,200.000,200,1,adjust_flow(delta=0.000),critical_alarm
1151.287,control,normal_flow,0,normal_bag,inf,200.000,200.000,200,1,adjust_flow(delta=0.000),critical_alarm
1152.287,control,normal_flow,0,normal_bag,inf,200.000,200.000,200,1,adjust_flow(delta=0.000),critical_alarm
1153.287,control,normal_flow,0,normal_bag,inf,200.000,200.000,200,1,adjust_flow(delta=0.000),critical_alarm
1154.287,control,normal_flow,0,normal_bag,inf,200.000,200.000,200,1,adjust_flow(delta=0.000),critical_alarm
1155.287,control,normal_flow,0,normal_bag,inf,200.000,200.000,200,1,adjust_flow(delta=0.000),critical_alarm
1156.287,control,normal_flow,0,normal_bag,inf,200.000,200.000,200,1,adjust_flow(delta=0.000),critical_alarm
1157.287,control,normal_flow,0,normal_bag,inf,200.000,200.000,200,1,adjust_flow(delta=0.000),critical_alarm
1158.287,control,normal_flow,0,normal_bag,inf,200.000,200.000,200,1,adjust_flow(delta=0.000),critical_alarm
1159.287,control,normal_flow,0,normal_bag,inf,200.000,200.000,200,1,adjust_flow(delta=0.000),critical_alarm
1160.287,control,normal_flow,0,normal_bag,inf,200.000,200.000,200,1,adjust_flow(delta=0.000),critical_alarm
1161.287,control,normal_flow,0,normal_bag,inf,200.000,200.000,200,1,adjust_flow(delta=0.000),critical_alarm
1162.287,control,normal_flow,0,normal_bag,inf,200.000,200.000,200,1,adjust_flow(delta=0.000),critical_alarm
1163.287,control,normal_flow,0,normal_bag,inf,200.000,200.000,200,1,adjust_flow(delta=0.000),critical_alarm
1164.287,control,normal_flow,0,normal_bag,inf,200.000,200.000,200,1,adjust_flow(delta=0.000),critical_alarm
1165.287,control,normal_flow,0,normal_bag,inf,200.000,200.000,200,1,adjust_flow(delta=0.000),critical_alarm
1166.287,control,normal_flow,0,normal_bag,inf,200.000,200.000,200,1,adjust_flow(delta=0.000),critical_alarm
1167.287,control,normal_flow,0,normal_bag,inf,200.000,200.000,200,1,adjust_flow(delta=0.000),critical_alarm
1168.287,control,normal_flow,0,normal_bag,inf,200.000,200.000,200,1,adjust_flow(delta=0.000),critical_alarm
1169.287,control,normal_flow,0,normal_bag,inf,200.000,200.000,200,1,adjust_flow(delta=0.000),critical_alarm
1170.287,control,normal_flow,0,normal_bag,inf,200.000,200.000,200,1,adjust_flow(delta=0.000),critical_alarm
1171.287,control,normal_flow,0,normal_bag,inf,200.000,200.000,200,1,adjust_flow(delta=0.000),critical_alarm
1172.287,control,normal_flow,0,normal_bag,inf,200.000,200.000,200,1,adjust_flow(delta=0.000),critical_alarm
1173.287,control,normal_flow,0,normal_bag,inf,200.000,200.000,200,1,adjust_flow(delta=0.000),critical_alarm
1174.287,control,normal_flow,0,normal_bag,inf,200.000,200.000,200,1,adjust_flow(delta=0.000),critical_alarm
1175.287,control,normal_flow,0,normal_bag,inf,200.000,200.000,200,1,adjust_flow(delta=0.000),critical_alarm
1176.287,control,normal_flow,0,normal_bag,inf,200.000,200.000,200,1,adjust_flow(delta=0.000),critical_alarm
1177.287,control,normal_flow,0,normal_bag,inf,200.000,200.000,200,1,adjust_flow(delta=0.000),critical_alarm
1178.287,control,normal_flow,0,normal_bag,inf,200.000,200.000,200,1,adjust_flow(delta=0.000),critical_alarm
1179.287,control,normal_flow,0,normal_bag,inf,200.000,200.000,200,1,adjust_flow(delta=0.000),critical_alarm
1180.287,control,normal_flow,0,normal_bag,inf,200.000,200.000,200,1,adjust_flow(delta=0.000),critical_alarm
1181.287,control,normal_flow,0,normal_bag,inf,200.000,200.000,200,1,adjust_flow(delta=0.000),critical_alarm
1182.287,control,normal_flow,0,normal_bag,inf,200.000,200.000,200,1,adjust_flow(delta=0.000),critical_alarm
1183.287,control,normal_flow,0,normal_bag,inf,200.000,200.000,200,1,adjust_flow(delta=0.000),critical_alarm
1184.287,control,normal_flow,0,normal_bag,inf,200.000,200.000,200,1,adjust_flow(delta=0.000),critical_alarm
1185.287,control,normal_flow,0,normal_bag,inf,200.000,200.000,200,1,adjust_flow(delta=0.000),critical_alarm
1186.287,control,normal_flow,0,normal_bag,inf,200.000,200.000,200,1,adjust_flow(delta=0.000),critical_alarm
1187.287,control,normal_flow,0,normal_bag,inf,200.000,200.000,200,1,adjust_flow(delta=0.000),critical_alarm
1188.287,control,normal_flow,0,normal_bag,inf,200.000,200.000,200,1,adjust_flow(delta=0.000),critical_alarm
1189.287,control,normal_flow,0,normal_bag,inf,200.000,200.000,200,1,adjust_flow(delta=0.000),critical_alarm
1190.287,control,normal_flow,0,normal_bag,inf,200.000,200.000,200,1,adjust_flow(delta=0.000),critical_alarm
1191.287,control,normal_flow,0,normal_bag,inf,200.000,200.000,200,1,adjust_flow(delta=0.000),critical_alarm
1192.287,control,normal_flow,0,normal_bag,inf,200.000,200.000,200,1,adjust_flow(delta=0.000),critical_alarm
1193.287,control,normal_flow,0,normal_bag,inf,200.000,200.000,200,1,adjust_flow(delta=0.000),critical_alarm
1194.287,control,normal_flow,0,normal_bag,inf,200.000,200.000,200,1,adjust_flow(delta=0.000),critical_alarm
1195.287,control,normal_flow,0,normal_bag,inf,200.000,200.000,200,1,adjust_flow(delta=0.000),critical_alarm
1196.287,control,normal_flow,0,normal_bag,inf,200.000,200.000,200,1,adjust_flow(delta=0.000),critical_alarm
1197.287,control,normal_flow,0,normal_bag,inf,200.000,200.000,200,1,adjust_flow(delta=0.000),critical_alarm
1198.287,control,normal_flow,0,normal_bag,inf,200.000,200.000,200,1,adjust_flow(delta=0.000),critical_alarm
1199.287,control,normal_flow,0,normal_bag,inf,200.000,200.000,200,1,adjust_flow(delta=0.000),critical_alarm
1200.287,control,normal_flow,0,normal_bag,inf,200.000,200.000,200,1,adjust_flow(delta=0.000),critical_alarm
1201.287,control,normal_flow,0,normal_bag,inf,200.000,200.000,200,1,adjust_flow(delta=0.000),critical_alarm
1202.287,control,normal_flow,0,normal_bag,inf,200.000,200.000,200,1,adjust_flow(delta=0.000),critical_alarm
1203.287,control,normal_flow,0,normal_bag,inf,200.000,200.000,200,1,adjust_flow(delta=0.000),critical_alarm
1204.287,control,normal_flow,0,normal_bag,inf,200.000,200.000,200,1,adjust_flow(delta=0.000),critical_alarm
1205.287,control,normal_flow,0,normal_bag,inf,200.000,200.000,200,1,adjust_flow(delta=0.000),critical_alarm
1206.287,control,normal_flow,0,normal_bag,inf,200.000,200.000,200,1,adjust_flow(delta=0.000),critical_alarm
1207.287,control,normal_flow,0,normal_bag,inf,200.000,200.000,200,1,adjust_flow(delta=0.000),critical_alarm
1208.287,control,normal_flow,0,normal_bag,inf,200.000,200.000,200,1,adjust_flow(delta=0.000),critical_alarm
1209.287,control,normal_flow,0,normal_bag,inf,200.000,200.000,200,1,adjust_flow(delta=0.000),critical_alarm
1210.287,control,normal_flow,0,normal_bag,inf,200.000,200.000,200,1,adjust_flow(delta=0.000),critical_alarm
1211.287,control,normal_flow,0,normal_bag,inf,200.000,200.000,200,1,adjust_flow(delta=0.000),critical_alarm
1212.287,control,normal_flow,0,normal_bag,inf,200.000,200.000,200,1,adjust_flow(delta=0.000),critical_alarm
1213.287,control,normal_flow,0,normal_bag,inf,200.000,200.000,200,1,adjust_flow(delta=0.000),critical_alarm
1214.287,control,normal_flow,0,normal_bag,inf,200.000,200.000,200,1,adjust_flow(delta=0.000),critical_alarm
1215.287,control,normal_flow,0,normal_bag,inf,200.000,200.000,200,1,adjust_flow(delta=0.000),critical_alarm
1216.287,control,normal_flow,0,normal_bag,inf,200.000,200.000,200,1,adjust_flow(delta=0.000),critical_alarm
1217.287,control,normal_flow,0,normal_bag,inf,200.000,200.000,200,1,adjust_flow(delta=0.000),critical_alarm
1218.287,control,normal_flow,0,normal_bag,inf,200.000,200.000,200,1,adjust_flow(delta=0.000),critical_alarm
1219.287,control,normal_flow,0,normal_bag,inf,200.000,200.000,200,1,adjust_flow(delta=0.000),critical_alarm
1220.287,control,normal_flow,0,normal_bag,inf,200.000,200.000,200,1,adjust_flow(delta=0.000),critical_alarm
1221.287,control,normal_flow,0,normal_bag,inf,200.000,200.000,200,1,adjust_flow(delta=0.000),critical_alarm
1222.287,control,normal_flow,0,normal_bag,inf,200.000,200.000,200,1,adjust_flow(delta=0.000),critical_alarm
1223.287,control,normal_flow,0,normal_bag,inf,200.000,200.000,200,1,adjust_flow(delta=0.000),critical_alarm
1224.287,control,normal_flow,0,normal_bag,inf,200.000,200.000,200,1,adjust_flow(delta=0.000),critical_alarm
1225.287,control,normal_flow,0,normal_bag,inf,200.000,200.000,200,1,adjust_flow(delta=0.000),critical_alarm
1226.287,control,normal_flow,0,normal_bag,inf,200.000,200.000,200,1,adjust_flow(delta=0.000),critical_alarm
1227.287,control,normal_flow,0,normal_bag,inf,200.000,200.000,200,1,adjust_flow(delta=0.000),critical_alarm
1228.287,control,normal_flow,0,normal_bag,inf,200.000,200.000,200,1,adjust_flow(delta=0.000),critical_alarm
1229.287,control,normal_flow,0,normal_bag,inf,200.000,200.000,200,1,adjust_flow(delta=0.000),critical_alarm
1230.287,control,normal_flow,0,normal_bag,inf,200.000,200.000,200,1,adjust_flow(delta=0.000),critical_alarm
1231.287,control,normal_flow,0,normal_bag,inf,200.000,200.000,200,1,adjust_flow(delta=0.000),critical_alarm
1232.287,control,normal_flow,0,normal_bag,inf,200.000,200.000,200,1,adjust_flow(delta=0.000),critical_alarm
1233.287,control,normal_flow,0,normal_bag,inf,200.000,200.000,200,1,adjust_flow(delta=0.000),critical_alarm
1234.287,control,normal_flow,0,normal_bag,inf,200.000,200.000,200,1,adjust_flow(delta=0.000),critical_alarm
1235.287,control,normal_flow,0,normal_bag,inf,200.000,200.000,200,1,adjust_flow(delta=0.000),critical_alarm
1236.287,control,normal_flow,0,normal_bag,inf,200.000,200.000,200,1,adjust_flow(delta=0.000),critical_alarm
1237.287,control,normal_flow,0,normal_bag,inf,200.000,200.000,200,1,adjust_flow(delta=0.000),critical_alarm
1238.287,control,normal_flow,0,normal_bag,inf,200.000,200.000,200,1,adjust_flow(delta=0.000),critical_alarm
1239.287,control,normal_flow,0,normal_bag,inf,200.000,200.000,200,1,adjust_flow(delta=0.000),critical_alarm
1240.287,control,normal_flow,0,normal_bag,inf,200.000,200.000,200,1,adjust_flow(delta=0.000),critical_alarm
1241.287,control,normal_flow,0,normal_bag,inf,200.000,200.000,200,1,adjust_flow(delta=0.000),critical_alarm
1242.287,control,normal_flow,0,normal_bag,inf,200.000,200.000,200,1,adjust_flow(delta=0.000),critical_alarm
1243.287,control,normal_flow,0,normal_bag,inf,200.000,200.000,200,1,adjust_flow(delta=0.000),critical_alarm
1244.287,control,normal_flow,0,normal_bag,inf,200.000,200.000,200,1,adjust_flow(delta=0.000),critical_alarm
1245.287,control,normal_flow,0,normal_bag,inf,200.000,200.000,200,1,adjust_flow(delta=0.000),critical_alarm
1246.287,control,normal_flow,0,normal_bag,inf,200.000,200.000,200,1,adjust_flow(delta=0.000),critical_alarm
1247.287,control,normal_flow,0,normal_bag,inf,200.000,200.000,200,1,adjust_flow(delta=0.000),critical_alarm
1248.287,control,normal_flow,0,normal_bag,inf,200.000,200.000,200,1,adjust_flow(delta=0.000),critical_alarm
1249.287,control,normal_flow,0,normal_bag,inf,200.000,200.000,200,1,adjust_flow(delta=0.000),critical_alarm
1250.287,control,normal_flow,0,normal_bag,inf,200.000,200.000,200,1,adjust_flow(delta=0.000),critical_alarm
1251.287,control,normal_flow,0,normal_bag,inf,200.000,200.000,200,1,adjust_flow(delta=0.000),critical_alarm
1252.287,control,normal_flow,0,normal_bag,inf,200.000,200.000,200,1,adjust_flow(delta=0.000),critical_alarm
1253.287,control,normal_flow,0,normal_bag,inf,200.000,200.000,200,1,adjust_flow(delta=0.000),critical_alarm
1254.287,control,normal_flow,0,normal_bag,inf,200.000,200.000,200,1,adjust_flow(delta=0.000),critical_alarm
1255.287,control,normal_flow,0,normal_bag,inf,200.000,200.000,200,1,adjust_flow(delta=0.000),critical_alarm
1256.287,control,normal_flow,0,normal_bag,inf,200.000,200.000,200,1,adjust_flow(delta=0.000),critical_alarm
1257.287,control,normal_flow,0,normal_bag,inf,200.000,200.000,200,1,adjust_flow(delta=0.000),critical_alarm
1258.287,control,normal_flow,0,normal_bag,inf,200.000,200.000,200,1,adjust_flow(delta=0.000),critical_alarm
1259.287,control,normal_flow,0,normal_bag,inf,200.000,200.000,200,1,adjust_flow(delta=0.000),critical_alarm
1260.287,control,normal_flow,0,normal_bag,inf,200.000,200.000,200,1,adjust_flow(delta=0.000),critical_alarm
1261.287,control,normal_flow,0,normal_bag,inf,200.000,200.000,200,1,adjust_flow(delta=0.000),critical_alarm
1262.287,control,normal_flow,0,normal_bag,inf,200.000,200.000,200,1,adjust_flow(delta=0.000),critical_alarm
1263.287,control,normal_flow,0,normal_bag,inf,200.000,200.000,200,1,adjust_flow(delta=0.000),critical_alarm
1264.287,control,normal_flow,0,normal_bag,inf,200.000,200.000,200,1,adjust_flow(delta=0.000),critical_alarm
1265.287,control,normal_flow,0,normal_bag,inf,200.000,200.000,200,1,adjust_flow(delta=0.000),critical_alarm
1266.287,control,normal_flow,0,normal_bag,inf,200.000,200.000,200,1,adjust_flow(delta=0.000),critical_alarm
1267.287,control,normal_flow,0,normal_bag,inf,200.000,200.000,200,1,adjust_flow(delta=0.000),critical_alarm
1268.287,control,normal_flow,0,normal_bag,inf,200.000,200.000,200,1,adjust_flow(delta=0.000),critical_alarm
1269.287,control,normal_flow,0,normal_bag,inf,200.000,200.000,200,1,adjust_flow(delta=0.000),critical_alarm
1270.287,control,normal_flow,0,normal_bag,inf,200.000,200.000,200,1,adjust_flow(delta=0.000),critical_alarm
1271.287,control,normal_flow,0,normal_bag,inf,200.000,200.000,200,1,adjust_flow(delta=0.000),critical_alarm
1272.287,control,normal_flow,0,normal_bag,inf,200.000,200.000,200,1,adjust_flow(delta=0.000),critical_alarm
1273.287,control,normal_flow,0,normal_bag,inf,200.000,200.000,200,1,adjust_flow(delta=0.000),critical_alarm
1274.287,control,normal_flow,0,normal_bag,inf,200.000,200.000,200,1,adjust_flow(delta=0.000),critical_alarm
1275.287,control,normal_flow,0,normal_bag,inf,200.000,200.000,200,1,adjust_flow(delta=0.000),critical_alarm
1276.287,control,normal_flow,0,normal_bag,inf,200.000,200.000,200,1,adjust_flow(delta=0.000),critical_alarm
1277.287,control,normal_flow,0,normal_bag,inf,200.000,200.000,200,1,adjust_flow(delta=0.000),critical_alarm
1278.287,control,normal_flow,0,normal_bag,inf,200.000,200.000,200,1,adjust_flow(delta=0.000),critical_alarm
1279.287,control,normal_flow,0,normal_bag,inf,200.000,200.000,200,1,adjust_flow(delta=0.000),critical_alarm
1280.287,control,normal_flow,0,normal_bag,inf,200.000,200.000,200,1,adjust_flow(delta=0.000),critical_alarm
1281.287,control,normal_flow,0,normal_bag,inf,200.000,200.000,200,1,adjust_flow(delta=0.000),critical_alarm
1282.287,control,normal_flow,0,normal_bag,inf,200.000,200.000,200,1,adjust_flow(delta=0.000),critical_alarm
1283.287,control,normal_flow,0,normal_bag,inf,200.000,200.000,200,1,adjust_flow(delta=0.000),critical_alarm
1284.287,control,normal_flow,0,normal_bag,inf,200.000,200.000,200,1,adjust_flow(delta=0.000),critical_alarm
1285.287,control,normal_flow,0,normal_bag,inf,200.000,200.000,200,1,adjust_flow(delta=0.000),critical_alarm
1286.287,control,normal_flow,0,normal_bag,inf,200.000,200.000,200,1,adjust_flow(delta=0.000),critical_alarm
1287.287,control,normal_flow,0,normal_bag,inf,200.000,200.000,200,1,adjust_flow(delta=0.000),critical_alarm
1288.287,control,normal_flow,0,normal_bag,inf,200.000,200.000,200,1,adjust_flow(delta=0.000),critical_alarm
1289.287,control,normal_flow,0,normal_bag,inf,200.000,200.000,200,1,adjust_flow(delta=0.000),critical_alarm
1290.287,control,normal_flow,0,normal_bag,inf,200.000,200.000,200,1,adjust_flow(delta=0.000),critical_alarm
1291.287,control,normal_flow,0,normal_bag,inf,200.000,200.000,200,1,adjust_flow(delta=0.000),critical_alarm
1292.287,control,normal_flow,0,normal_bag,inf,200.000,200.000,200,1,adjust_flow(delta=0.000),critical_alarm
1293.287,control,normal_flow,0,normal_bag,inf,200.000,200.000,200,1,adjust_flow(delta=0.000),critical_alarm
1294.287,control,normal_flow,0,normal_bag,inf,200.000,200.000,200,1,adjust_flow(delta=0.000),critical_alarm
1295.287,control,normal_flow,0,normal_bag,inf,200.000,200.000,200,1,adjust_flow(delta=0.000),critical_alarm
1296.287,control,normal_flow,0,normal_bag,inf,200.000,200.000,200,1,adjust_flow(delta=0.000),critical_alarm
1297.287,control,normal_flow,0,normal_bag,inf,200.000,200.000,200,1,adjust_flow(delta=0.000),critical_alarm
1298.287,control,normal_flow,0,normal_bag,inf,200.000,200.000,200,1,adjust_flow(delta=0.000),critical_alarm
1299.287,control,normal_flow,0,normal_bag,inf,200.000,200.000,200,1,adjust_flow(delta=0.000),critical_alarm
1300.287,control,normal_flow,0,normal_bag,inf,200.000,200.000,200,1,adjust_flow(delta=0.000),critical_alarm
1301.287,control,normal_flow,0,normal_bag,inf,200.000,200.000,200,1,adjust_flow(delta=0.000),critical_alarm
1302.287,control,normal_flow,0,normal_bag,inf,200.000,200.000,200,1,adjust_flow(delta=0.000),critical_alarm
1303.287,control,normal_flow,0,normal_bag,inf,200.000,200.000,200,1,adjust_flow(delta=0.000),critical_alarm
1304.287,control,normal_flow,0,normal_bag,inf,200.000,200.000,200,1,adjust_flow(delta=0.000),critical_alarm
1305.287,control,normal_flow,0,normal_bag,inf,200.000,200.000,200,1,adjust_flow(delta=0.000),critical_alarm
1306.287,control,normal_flow,0,normal_bag,inf,200.000,200.000,200,1,adjust_flow(delta=0.000),critical_alarm
1307.287,control,normal_flow,0,normal_bag,inf,200.000,200.000,200,1,adjust_flow(delta=0.000),critical_alarm
1308.287,control,normal_flow,0,normal_bag,inf,200.000,200.000,200,1,adjust_flow(delta=0.000),critical_alarm
1309.287,control,normal_flow,0,normal_bag,inf,200.000,200.000,200,1,adjust_flow(delta=0.000),critical_alarm
1310.287,control,normal_flow,0,normal_bag,inf,200.000,200.000,200,1,adjust_flow(delta=0.000),critical_alarm
1311.287,control,normal_flow,0,normal_bag,inf,200.000,200.000,200,1,adjust_flow(delta=0.000),critical_alarm
1312.287,control,normal_flow,0,normal_bag,inf,200.000,200.000,200,1,adjust_flow(delta=0.000),critical_alarm
1313.287,control,normal_flow,0,normal_bag,inf,200.000,200.000,200,1,adjust_flow(delta=0.000),critical_alarm
1314.287,control,normal_flow,0,normal_bag,inf,200.000,200.000,200,1,adjust_flow(delta=0.000),critical_alarm
1315.287,control,normal_flow,0,normal_bag,inf,200.000,200.000,200,1,adjust_flow(delta=0.000),critical_alarm
1316.287,control,normal_flow,0,normal_bag,inf,200.000,200.000,200,1,adjust_flow(delta=0.000),critical_alarm
1317.287,control,normal_flow,0,normal_bag,inf,200.000,200.000,200,1,adjust_flow(delta=0.000),critical_alarm
1318.287,control,normal_flow,0,normal_bag,inf,200.000,200.000,200,1,adjust_flow(delta=0.000),critical_alarm
1319.287,control,normal_flow,0,normal_bag,inf,200.000,200.000,200,1,adjust_flow(delta=0.000),critical_alarm
1320.287,control,normal_flow,0,normal_bag,inf,200.000,200.000,200,1,adjust_flow(delta=0.000),critical_alarm
1321.287,control,normal_flow,0,normal_bag,inf,200.000,200.000,200,1,adjust_flow(delta=0.000),critical_alarm
1322.287,control,normal_flow,0,normal_bag,inf,200.000,200.000,200,1,adjust_flow(delta=0.000),critical_alarm
1323.287,control,normal_flow,0,normal_bag,inf,200.000,200.000,200,1,adjust_flow(delta=0.000),critical_alarm
1324.287,control,normal_flow,0,normal_bag,inf,200.000,200.000,200,1,adjust_flow(delta=0.000),critical_alarm
1325.287,control,normal_flow,0,normal_bag,inf,200.000,200.000,200,1,adjust_flow(delta=0.000),critical_alarm
1326.287,control,normal_flow,0,normal_bag,inf,200.000,200.000,200,1,adjust_flow(delta=0.000),critical_alarm
1327.287,control,normal_flow,0,normal_bag,inf,200.000,200.000,200,1,adjust_flow(delta=0.000),critical_alarm
1328.287,control,normal_flow,0,normal_bag,inf,200.000,200.000,200,1,adjust_flow(delta=0.000),critical_alarm
1329.287,control,normal_flow,0,normal_bag,inf,200.000,200.000,200,1,adjust_flow(delta=0.000),critical_alarm
1330.287,control,normal_flow,0,normal_bag,inf,200.000,200.000,200,1,adjust_flow(delta=0.000),critical_alarm
1331.287,control,normal_flow,0,normal_bag,inf,200.000,200.000,200,1,adjust_flow(delta=0.000),critical_alarm
1332.287,control,normal_flow,0,normal_bag,inf,200.000,200.000,200,1,adjust_flow(delta=0.000),critical_alarm
1333.287,control,normal_flow,0,normal_bag,inf,200.000,200.000,200,1,adjust_flow(delta=0.000),critical_alarm
1334.287,control,normal_flow,0,normal_bag,inf,200.000,200.000,200,1,adjust_flow(delta=0.000),critical_alarm
1335.287,control,normal_flow,0,normal_bag,inf,200.000,200.000,200,1,adjust_flow(delta=0.000),critical_alarm
1336.287,control,normal_flow,0,normal_bag,inf,200.000,200.000,200,1,adjust_flow(delta=0.000),critical_alarm
1337.287,control,normal_flow,0,normal_bag,inf,200.000,200.000,200,1,adjust_flow(delta=0.000),critical_alarm
1338.287,control,normal_flow,0,normal_bag,inf,200.000,200.000,200,1,adjust_flow(delta=0.000),critical_alarm
1339.287,control,normal_flow,0,normal_bag,inf,200.000,200.000,200,1,adjust_flow(delta=0.000),critical_alarm
1340.287,control,normal_flow,0,normal_bag,inf,200.000,200.000,200,1,adjust_flow(delta=0.000),critical_alarm
1341.287,control,normal_flow,0,normal_bag,inf,200.000,200.000,200,1,adjust_flow(delta=0.000),critical_alarm
1342.287,control,normal_flow,0,normal_bag,inf,200.000,200.000,200,1,adjust_flow(delta=0.000),critical_alarm
1343.287,control,normal_flow,0,normal_bag,inf,200.000,200.000,200,1,adjust_flow(delta=0.000),critical_alarm
1344.287,control,normal_flow,0,normal_bag,inf,200.000,200.000,200,1,adjust_flow(delta=0.000),critical_alarm
1345.287,control,normal_flow,0,normal_bag,inf,200.000,200.000,200,1,adjust_flow(delta=0.000),critical_alarm
1346.287,control,normal_flow,0,normal_bag,inf,200.000,200.000,200,1,adjust_flow(delta=0.000),critical_alarm
1347.287,control,normal_flow,0,normal_bag,inf,200.000,200.000,200,1,adjust_flow(delta=0.000),critical_alarm
1348.287,control,normal_flow,0,normal_bag,inf,200.000,200.000,200,1,adjust_flow(delta=0.000),critical_alarm
1349.287,control,normal_flow,0,normal_bag,inf,200.000,200.000,200,1,adjust_flow(delta=0.000),critical_alarm
1350.287,control,normal_flow,0,normal_bag,inf,200.000,200.000,200,1,adjust_flow(delta=0.000),critical_alarm
1351.287,control,normal_flow,0,normal_bag,inf,200.000,200.000,200,1,adjust_flow(delta=0.000),critical_alarm
1352.287,control,normal_flow,0,normal_bag,inf,200.000,200.000,200,1,adjust_flow(delta=0.000),critical_alarm
1353.287,control,normal_flow,0,normal_bag,inf,200.000,200.000,200,1,adjust_flow(delta=0.000),critical_alarm
1354.287,control,normal_flow,0,normal_bag,inf,200.000,200.000,200,1,adjust_flow(delta=0.000),critical_alarm
1355.287,control,normal_flow,0,normal_bag,inf,200.000,200.000,200,1,adjust_flow(delta=0.000),critical_alarm
1356.287,control,normal_flow,0,normal_bag,inf,200.000,200.000,200,1,adjust_flow(delta=0.000),critical_alarm
1357.287,control,normal_flow,0,normal_bag,inf,200.000,200.000,200,1,adjust_flow(delta=0.000),critical_alarm
1358.287,control,normal_flow,0,normal_bag,inf,200.000,200.000,200,1,adjust_flow(delta=0.000),critical_alarm
1359.287,control,normal_flow,0,normal_bag,inf,200.000,200.000,200,1,adjust_flow(delta=0.000),critical_alarm
1360.287,control,normal_flow,0,normal_bag,inf,200.000,200.000,200,1,adjust_flow(delta=0.000),critical_alarm
1361.287,control,normal_flow,0,normal_bag,inf,200.000,200.000,200,1,adjust_flow(delta=0.000),critical_alarm
1362.287,control,normal_flow,0,normal_bag,inf,200.000,200.000,200,1,adjust_flow(delta=0.000),critical_alarm
1363.287,control,normal_flow,0,normal_bag,inf,200.000,200.000,200,1,adjust_flow(delta=0.000),critical_alarm
1364.287,control,normal_flow,0,normal_bag,inf,200.000,200.000,200,1,adjust_flow(delta=0.000),critical_alarm
1365.287,control,normal_flow,0,normal_bag,inf,200.000,200.000,200,1,adjust_flow(delta=0.000),critical_alarm
1366.287,control,normal_flow,0,normal_bag,inf,200.000,200.000,200,1,adjust_flow(delta=0.000),critical_alarm
1367.287,control,normal_flow,0,normal_bag,inf,200.000,200.000,200,1,adjust_flow(delta=0.000),critical_alarm
1368.287,control,normal_flow,0,normal_bag,inf,200.000,200.000,200,1,adjust_flow(delta=0.000),critical_alarm
1369.287,control,normal_flow,0,normal_bag,inf,200.000,200.000,200,1,adjust_flow(delta=0.000),critical_alarm
1370.287,control,normal_flow,0,normal_bag,inf,200.000,200.000,200,1,adjust_flow(delta=0.000),critical_alarm
1371.287,control,normal_flow,0,normal_bag,inf,200.000,200.000,200,1,adjust_flow(delta=0.000),critical_alarm
1372.287,control,normal_flow,0,normal_bag,inf,200.000,200.000,200,1,adjust_flow(delta=0.000),critical_alarm
1373.287,control,normal_flow,0,normal_bag,inf,200.000,200.000,200,1,adjust_flow(delta=0.000),critical_alarm
1374.287,control,normal_flow,0,normal_bag,inf,200.000,200.000,200,1,adjust_flow(delta=0.000),critical_alarm
1375.287,control,normal_flow,0,normal_bag,inf,200.000,200.000,200,1,adjust_flow(delta=0.000),critical_alarm
1376.287,control,normal_flow,0,normal_bag,inf,200.000,200.000,200,1,adjust_flow(delta=0.000),critical_alarm
1377.287,control,normal_flow,0,normal_bag,inf,200.000,200.000,200,1,adjust_flow(delta=0.000),critical_alarm
1378.287,control,normal_flow,0,normal_bag,inf,200.000,200.000,200,1,adjust_flow(delta=0.000),critical_alarm
1379.287,control,normal_flow,0,normal_bag,inf,200.000,200.000,200,1,adjust_flow(delta=0.000),critical_alarm
1380.287,control,normal_flow,0,normal_bag,inf,200.000,200.000,200,1,adjust_flow(delta=0.000),critical_alarm
1381.287,control,normal_flow,0,normal_bag,inf,200.000,200.000,200,1,adjust_flow(delta=0.000),critical_alarm
1382.287,control,normal_flow,0,normal_bag,inf,200.000,200.000,200,1,adjust_flow(delta=0.000),critical_alarm
1383.287,control,normal_flow,0,normal_bag,inf,200.000,200.000,200,1,adjust_flow(delta=0.000),critical_alarm
1384.287,control,normal_flow,0,normal_bag,inf,200.000,200.000,200,1,adjust_flow(delta=0.000),critical_alarm
1385.287,control,normal_flow,0,normal_bag,inf,200.000,200.000,200,1,adjust_flow(delta=0.000),critical_alarm
1386.287,control,normal_flow,0,normal_bag,inf,200.000,200.000,200,1,adjust_flow(delta=0.000),critical_alarm
1387.287,control,normal_flow,0,normal_bag,inf,200.000,200.000,200,1,adjust_flow(delta=0.000),critical_alarm
1388.287,control,normal_flow,0,normal_bag,inf,200.000,200.000,200,1,adjust_flow(delta=0.000),critical_alarm
1389.287,control,normal_flow,0,normal_bag,inf,200.000,200.000,200,1,adjust_flow(delta=0.000),critical_alarm
1390.287,control,normal_flow,0,normal_bag,inf,200.000,200.000,200,1,adjust_flow(delta=0.000),critical_alarm
1391.287,control,normal_flow,0,normal_bag,inf,200.000,200.000,200,1,adjust_flow(delta=0.000),critical_alarm
1392.287,control,normal_flow,0,normal_bag,inf,200.000,200.000,200,1,adjust_flow(delta=0.000),critical_alarm
1393.287,control,normal_flow,0,normal_bag,inf,200.000,200.000,200,1,adjust_flow(delta=0.000),critical_alarm
1394.287,control,normal_flow,0,normal_bag,inf,200.000,200.000,200,1,adjust_flow(delta=0.000),critical_alarm
1395.287,control,normal_flow,0,normal_bag,inf,200.000,200.000,200,1,adjust_flow(delta=0.000),critical_alarm
1396.287,control,normal_flow,0,normal_bag,inf,200.000,200.000,200,1,adjust_flow(delta=0.000),critical_alarm
1397.287,control,normal_flow,0,normal_bag,inf,200.000,200.000,200,1,adjust_flow(delta=0.000),critical_alarm
1398.287,control,normal_flow,0,normal_bag,inf,200.000,200.000,200,1,adjust_flow(delta=0.000),critical_alarm
1399.287,control,normal_flow,0,normal_bag,inf,200.000,200.000,200,1,adjust_flow(delta=0.000),critical_alarm
1400.287,control,normal_flow,0,normal_bag,inf,200.000,200.000,200,1,adjust_flow(delta=0.000),critical_alarm
1401.287,control,normal_flow,0,normal_bag,inf,200.000,200.000,200,1,adjust_flow(delta=0.000),critical_alarm
1402.287,control,normal_flow,0,normal_bag,inf,200.000,200.000,200,1,adjust_flow(delta=0.000),critical_alarm
1403.287,control,normal_flow,0,normal_bag,inf,200.000,200.000,200,1,adjust_flow(delta=0.000),critical_alarm
1404.287,control,normal_flow,0,normal_bag,inf,200.000,200.000,200,1,adjust_flow(delta=0.000),critical_alarm
1405.287,control,normal_flow,0,normal_bag,inf,200.000,200.000,200,1,adjust_flow(delta=0.000),critical_alarm
1406.287,control,normal_flow,0,normal_bag,inf,200.000,200.000,200,1,adjust_flow(delta=0.000),critical_alarm
1407.287,control,normal_flow,0,normal_bag,inf,200.000,200.000,200,1,adjust_flow(delta=0.000),critical_alarm
1408.287,control,normal_flow,0,normal_bag,inf,200.000,200.000,200,1,adjust_flow(delta=0.000),critical_alarm
1409.287,control,normal_flow,0,normal_bag,inf,200.000,200.000,200,1,adjust_flow(delta=0.000),critical_alarm
1410.287,control,normal_flow,0,normal_bag,inf,200.000,200.000,200,1,adjust_flow(delta=0.000),critical_alarm
1411.287,control,normal_flow,0,normal_bag,inf,200.000,200.000,200,1,adjust_flow(delta=0.000),critical_alarm
1412.287,control,normal_flow,0,normal_bag,inf,200.000,200.000,200,1,adjust_flow(delta=0.000),critical_alarm
1413.287,control,normal_flow,0,normal_bag,inf,200.000,200.000,200,1,adjust_flow(delta=0.000),critical_alarm
1414.287,control,normal_flow,0,normal_bag,inf,200.000,200.000,200,1,adjust_flow(delta=0.000),critical_alarm
1415.287,control,normal_flow,0,normal_bag,inf,200.000,200.000,200,1,adjust_flow(delta=0.000),critical_alarm
1416.287,control,normal_flow,0,normal_bag,inf,200.000,200.000,200,1,adjust_flow(delta=0.000),critical_alarm
1417.287,control,normal_flow,0,normal_bag,inf,200.000,200.000,200,1,adjust_flow(delta=0.000),critical_alarm
1418.287,control,normal_flow,0,normal_bag,inf,200.000,200.000,200,1,adjust_flow(delta=0.000),critical_alarm
1419.287,control,normal_flow,0,normal_bag,inf,200.000,200.000,200,1,adjust_flow(delta=0.000),critical_alarm
1420.287,control,normal_flow,0,normal_bag,inf,200.000,200.000,200,1,adjust_flow(delta=0.000),critical_alarm
1421.287,control,normal_flow,0,normal_bag,inf,200.000,200.000,200,1,adjust_flow(delta=0.000),critical_alarm
1422.287,control,normal_flow,0,normal_bag,inf,200.000,200.000,200,1,adjust_flow(delta=0.000),critical_alarm
1423.287,control,normal_flow,0,normal_bag,inf,200.000,200.000,200,1,adjust_flow(delta=0.000),critical_alarm
1424.287,control,normal_flow,0,normal_bag,inf,200.000,200.000,200,1,adjust_flow(delta=0.000),critical_alarm
1425.287,control,normal_flow,0,normal_bag,inf,200.000,200.000,200,1,adjust_flow(delta=0.000),critical_alarm
1426.287,control,normal_flow,0,normal_bag,inf,200.000,200.000,200,1,adjust_flow(delta=0.000),critical_alarm
1427.287,control,normal_flow,0,normal_bag,inf,200.000,200.000,200,1,adjust_flow(delta=0.000),critical_alarm
1428.287,control,normal_flow,0,normal_bag,inf,200.000,200.000,200,1,adjust_flow(delta=0.000),critical_alarm
1429.287,control,normal_flow,0,normal_bag,inf,200.000,200.000,200,1,adjust_flow(delta=0.000),critical_alarm
1430.287,control,normal_flow,0,normal_bag,inf,200.000,200.000,200,1,adjust_flow(delta=0.000),critical_alarm
1431.287,control,normal_flow,0,normal_bag,inf,200.000,200.000,200,1,adjust_flow(delta=0.000),critical_alarm
1432.287,control,normal_flow,0,normal_bag,inf,200.000,200.000,200,1,adjust_flow(delta=0.000),critical_alarm
1433.287,control,normal_flow,0,normal_bag,inf,200.000,200.000,200,1,adjust_flow(delta=0.000),critical_alarm
1434.287,control,normal_flow,0,normal_bag,inf,200.000,200.000,200,1,adjust_flow(delta=0.000),critical_alarm
1435.287,control,normal_flow,0,normal_bag,inf,200.000,200.000,200,1,adjust_flow(delta=0.000),critical_alarm
1436.287,control,normal_flow,0,normal_bag,inf,200.000,200.000,200,1,adjust_flow(delta=0.000),critical_alarm
1437.287,control,normal_flow,0,normal_bag,inf,200.000,200.000,200,1,adjust_flow(delta=0.000),critical_alarm
1438.287,control,normal_flow,0,normal_bag,inf,200.000,200.000,200,1,adjust_flow(delta=0.000),critical_alarm
1439.287,control,normal_flow,0,normal_bag,inf,200.000,200.000,200,1,adjust_flow(delta=0.000),critical_alarm
1440.287,control,normal_flow,0,normal_bag,inf,200.000,200.000,200,1,adjust_flow(delta=0.000),critical_alarm
1441.287,control,normal_flow,0,normal_bag,inf,200.000,200.000,200,1,adjust_flow(delta=0.000),critical_alarm
1442.287,control,normal_flow,0,normal_bag,inf,200.000,200.000,200,1,adjust_flow(delta=0.000),critical_alarm
1443.287,control,normal_flow,0,normal_bag,inf,200.000,200.000,200,1,adjust_flow(delta=0.000),critical_alarm
1444.287,control,normal_flow,0,normal_bag,inf,200.000,200.000,200,1,adjust_flow(delta=0.000),critical_alarm
1445.287,control,normal_flow,0,normal_bag,inf,200.000,200.000,200,1,adjust_flow(delta=0.000),critical_alarm
1446.287,control,normal_flow,0,normal_bag,inf,200.000,200.000,200,1,adjust_flow(delta=0.000),critical_alarm
1447.287,control,normal_flow,0,normal_bag,inf,200.000,200.000,200,1,adjust_flow(delta=0.000),critical_alarm
1448.287,control,normal_flow,0,normal_bag,inf,200.000,200.000,200,1,adjust_flow(delta=0.000),critical_alarm
1449.287,control,normal_flow,0,normal_bag,inf,200.000,200.000,200,1,adjust_flow(delta=0.000),critical_alarm
1450.287,control,normal_flow,0,normal_bag,inf,200.000,200.000,200,1,adjust_flow(delta=0.000),critical_alarm
1451.287,control,normal_flow,0,normal_bag,inf,200.000,200.000,200,1,adjust_flow(delta=0.000),critical_alarm
1452.287,control,normal_flow,0,normal_bag,inf,200.000,200.000,200,1,adjust_flow(delta=0.000),critical_alarm
1453.287,control,normal_flow,0,normal_bag,inf,200.000,200.000,200,1,adjust_flow(delta=0.000),critical_alarm
1454.287,control,normal_flow,0,normal_bag,inf,200.000,200.000,200,1,adjust_flow(delta=0.000),critical_alarm
1455.287,control,normal_flow,0,normal_bag,inf,200.000,200.000,200,1,adjust_flow(delta=0.000),critical_alarm
1456.287,control,normal_flow,0,normal_bag,inf,200.000,200.000,200,1,adjust_flow(delta=0.000),critical_alarm
1457.287,control,normal_flow,0,normal_bag,inf,200.000,200.000,200,1,adjust_flow(delta=0.000),critical_alarm
1458.287,control,normal_flow,0,normal_bag,inf,200.000,200.000,200,1,adjust_flow(delta=0.000),critical_alarm
1459.287,control,normal_flow,0,normal_bag,inf,200.000,200.000,200,1,adjust_flow(delta=0.000),critical_alarm
1460.287,control,normal_flow,0,normal_bag,inf,200.000,200.000,200,1,adjust_flow(delta=0.000),critical_alarm
1461.287,control,normal_flow,0,normal_bag,inf,200.000,200.000,200,1,adjust_flow(delta=0.000),critical_alarm
1462.287,control,normal_flow,0,normal_bag,inf,200.000,200.000,200,1,adjust_flow(delta=0.000),critical_alarm
1463.287,control,normal_flow,0,normal_bag,inf,200.000,200.000,200,1,adjust_flow(delta=0.000),critical_alarm
1464.287,control,normal_flow,0,normal_bag,inf,200.000,200.000,200,1,adjust_flow(delta=0.000),critical_alarm
1465.287,control,normal_flow,0,normal_bag,inf,200.000,200.000,200,1,adjust_flow(delta=0.000),critical_alarm
1466.287,control,normal_flow,0,normal_bag,inf,200.000,200.000,200,1,adjust_flow(delta=0.000),critical_alarm
1467.287,control,normal_flow,0,normal_bag,inf,200.000,200.000,200,1,adjust_flow(delta=0.000),critical_alarm
1468.287,control,normal_flow,0,normal_bag,inf,200.000,200.000,200,1,adjust_flow(delta=0.000),critical_alarm
1469.287,control,normal_flow,0,normal_bag,inf,200.000,200.000,200,1,adjust_flow(delta=0.000),critical_alarm
1470.287,control,normal_flow,0,normal_bag,inf,200.000,200.000,200,1,adjust_flow(delta=0.000),critical_alarm
1471.287,control,normal_flow,0,normal_bag,inf,200.000,200.000,200,1,adjust_flow(delta=0.000),critical_alarm
1472.287,control,normal_flow,0,normal_bag,inf,200.000,200.000,200,1,adjust_flow(delta=0.000),critical_alarm
1473.287,control,normal_flow,0,normal_bag,inf,200.000,200.000,200,1,adjust_flow(delta=0.000),critical_alarm
1474.287,control,normal_flow,0,normal_bag,inf,200.000,200.000,200,1,adjust_flow(delta=0.000),critical_alarm
1475.287,control,normal_flow,0,normal_bag,inf,200.000,200.000,200,1,adjust_flow(delta=0.000),critical_alarm
1476.287,control,normal_flow,0,normal_bag,inf,200.000,200.000,200,1,adjust_flow(delta=0.000),critical_alarm
1477.287,control,normal_flow,0,normal_bag,inf,200.000,200.000,200,1,adjust_flow(delta=0.000),critical_alarm
1478.287,control,normal_flow,0,normal_bag,inf,200.000,200.000,200,1,adjust_flow(delta=0.000),critical_alarm
1479.287,control,normal_flow,0,normal_bag,inf,200.000,200.000,200,1,adjust_flow(delta=0.000),critical_alarm
1480.287,control,normal_flow,0,normal_bag,inf,200.000,200.000,200,1,adjust_flow(delta=0.000),critical_alarm
1481.287,control,normal_flow,0,normal_bag,inf,200.000,200.000,200,1,adjust_flow(delta=0.000),critical_alarm
1482.287,control,normal_flow,0,normal_bag,inf,200.000,200.000,200,1,adjust_flow(delta=0.000),critical_alarm
1483.287,control,normal_flow,0,normal_bag,inf,200.000,200.000,200,1,adjust_flow(delta=0.000),critical_alarm
1484.287,control,normal_flow,0,normal_bag,inf,200.000,200.000,200,1,adjust_flow(delta=0.000),critical_alarm
1485.287,control,normal_flow,0,normal_bag,inf,200.000,200.000,200,1,adjust_flow(delta=0.000),critical_alarm
1486.287,control,normal_flow,0,normal_bag,inf,200.000,200.000,200,1,adjust_flow(delta=0.000),critical_alarm
1487.287,control,normal_flow,0,normal_bag,inf,200.000,200.000,200,1,adjust_flow(delta=0.000),critical_alarm
1488.287,control,normal_flow,0,normal_bag,inf,200.000,200.000,200,1,adjust_flow(delta=0.000),critical_alarm
1489.287,control,normal_flow,0,normal_bag,inf,200.000,200.000,200,1,adjust_flow(delta=0.000),critical_alarm
1490.287,control,normal_flow,0,normal_bag,inf,200.000,200.000,200,1,adjust_flow(delta=0.000),critical_alarm
1491.287,control,normal_flow,0,normal_bag,inf,200.000,200.000,200,1,adjust_flow(delta=0.000),critical_alarm
1492.287,control,normal_flow,0,normal_bag,inf,200.000,200.000,200,1,adjust_flow(delta=0.000),critical_alarm
1493.287,control,normal_flow,0,normal_bag,inf,200.000,200.000,200,1,adjust_flow(delta=0.000),critical_alarm
1494.287,control,normal_flow,0,normal_bag,inf,200.000,200.000,200,1,adjust_flow(delta=0.000),critical_alarm
1495.287,control,normal_flow,0,normal_bag,inf,200.000,200.000,200,1,adjust_flow(delta=0.000),critical_alarm
1496.287,control,normal_flow,0,normal_bag,inf,200.000,200.000,200,1,adjust_flow(delta=0.000),critical_alarm
1497.287,control,normal_flow,0,normal_bag,inf,200.000,200.000,200,1,adjust_flow(delta=0.000),critical_alarm
1498.287,control,normal_flow,0,normal_bag,inf,200.000,200.000,200,1,adjust_flow(delta=0.000),critical_alarm
1499.287,control,normal_flow,0,normal_bag,inf,200.000,200.000,200,1,adjust_flow(delta=0.000),critical_alarm
1500.287,control,normal_flow,0,normal_bag,inf,200.000,200.000,200,1,adjust_flow(delta=0.000),critical_alarm
1501.287,control,normal_flow,0,normal_bag,inf,200.000,200.000,200,1,adjust_flow(delta=0.000),critical_alarm
1502.287,control,normal_flow,0,normal_bag,inf,200.000,200.000,200,1,adjust_flow(delta=0.000),critical_alarm
1503.287,control,normal_flow,0,normal_bag,inf,200.000,200.000,200,1,adjust_flow(delta=0.000),critical_alarm
1504.287,control,normal_flow,0,normal_bag,inf,200.000,200.000,200,1,adjust_flow(delta=0.000),critical_alarm
1505.287,control,normal_flow,0,normal_bag,inf,200.000,200.000,200,1,adjust_flow(delta=0.000),critical_alarm
1506.287,control,normal_flow,0,normal_bag,inf,200.000,200.000,200,1,adjust_flow(delta=0.000),critical_alarm
1507.287,control,normal_flow,0,normal_bag,inf,200.000,200.000,200,1,adjust_flow(delta=0.000),critical_alarm
1508.287,control,normal_flow,0,normal_bag,inf,200.000,200.000,200,1,adjust_flow(delta=0.000),critical_alarm
1509.287,control,normal_flow,0,normal_bag,inf,200.000,200.000,200,1,adjust_flow(delta=0.000),critical_alarm
1510.287,control,normal_flow,0,normal_bag,inf,200.000,200.000,200,1,adjust_flow(delta=0.000),critical_alarm
1511.287,control,normal_flow,0,normal_bag,inf,200.000,200.000,200,1,adjust_flow(delta=0.000),critical_alarm
1512.287,control,normal_flow,0,normal_bag,inf,200.000,200.000,200,1,adjust_flow(delta=0.000),critical_alarm
1513.287,control,normal_flow,0,normal_bag,inf,200.000,200.000,200,1,adjust_flow(delta=0.000),critical_alarm
1514.287,control,normal_flow,0,normal_bag,inf,200.000,200.000,200,1,adjust_flow(delta=0.000),critical_alarm
1515.287,control,normal_flow,0,normal_bag,inf,200.000,200.000,200,1,adjust_flow(delta=0.000),critical_alarm
1516.287,control,normal_flow,0,normal_bag,inf,200.000,200.000,200,1,adjust_flow(delta=0.000),critical_alarm
1517.287,control,normal_flow,0,normal_bag,inf,200.000,200.000,200,1,adjust_flow(delta=0.000),critical_alarm
1518.287,control,normal_flow,0,normal_bag,inf,200.000,200.000,200,1,adjust_flow(delta=0.000),critical_alarm
1519.287,control,normal_flow,0,normal_bag,inf,200.000,200.000,200,1,adjust_flow(delta=0.000),critical_alarm
1520.287,control,normal_flow,0,normal_bag,inf,200.000,200.000,200,1,adjust_flow(delta=0.000),critical_alarm
1521.287,control,normal_flow,0,normal_bag,inf,200.000,200.000,200,1,adjust_flow(delta=0.000),critical_alarm
1522.287,control,normal_flow,0,normal_bag,inf,200.000,200.000,200,1,adjust_flow(delta=0.000),critical_alarm
1523.287,control,normal_flow,0,normal_bag,inf,200.000,200.000,200,1,adjust_flow(delta=0.000),critical_alarm
1524.287,control,normal_flow,0,normal_bag,inf,200.000,200.000,200,1,adjust_flow(delta=0.000),critical_alarm
1525.287,control,normal_flow,0,normal_bag,inf,200.000,200.000,200,1,adjust_flow(delta=0.000),critical_alarm
1526.287,control,normal_flow,0,normal_bag,inf,200.000,200.000,200,1,adjust_flow(delta=0.000),critical_alarm
1527.287,control,normal_flow,0,normal_bag,inf,200.000,200.000,200,1,adjust_flow(delta=0.000),critical_alarm
1528.287,control,normal_flow,0,normal_bag,inf,200.000,200.000,200,1,adjust_flow(delta=0.000),critical_alarm
1529.287,control,normal_flow,0,normal_bag,inf,200.000,200.000,200,1,adjust_flow(delta=0.000),critical_alarm
1530.287,control,normal_flow,0,normal_bag,inf,200.000,200.000,200,1,adjust_flow(delta=0.000),critical_alarm
1531.287,control,normal_flow,0,normal_bag,inf,200.000,200.000,200,1,adjust_flow(delta=0.000),critical_alarm
1532.287,control,normal_flow,0,normal_bag,inf,200.000,200.000,200,1,adjust_flow(delta=0.000),critical_alarm
1533.287,control,normal_flow,0,normal_bag,inf,200.000,200.000,200,1,adjust_flow(delta=0.000),critical_alarm
1534.287,control,normal_flow,0,normal_bag,inf,200.000,200.000,200,1,adjust_flow(delta=0.000),critical_alarm
1535.287,control,normal_flow,0,normal_bag,inf,200.000,200.000,200,1,adjust_flow(delta=0.000),critical_alarm
1536.287,control,normal_flow,0,normal_bag,inf,200.000,200.000,200,1,adjust_flow(delta=0.000),critical_alarm
1537.287,control,normal_flow,0,normal_bag,inf,200.000,200.000,200,1,adjust_flow(delta=0.000),critical_alarm
1538.287,control,normal_flow,0,normal_bag,inf,200.000,200.000,200,1,adjust_flow(delta=0.000),critical_alarm
1539.287,control,normal_flow,0,normal_bag,inf,200.000,200.000,200,1,adjust_flow(delta=0.000),critical_alarm
1540.287,control,normal_flow,0,normal_bag,inf,200.000,200.000,200,1,adjust_flow(delta=0.000),critical_alarm
1541.287,control,normal_flow,0,normal_bag,inf,200.000,200.000,200,1,adjust_flow(delta=0.000),critical_alarm
1542.287,control,normal_flow,0,normal_bag,inf,200.000,200.000,200,1,adjust_flow(delta=0.000),critical_alarm
1543.287,control,normal_flow,0,normal_bag,inf,200.000,200.000,200,1,adjust_flow(delta=0.000),critical_alarm
1544.287,control,normal_flow,0,normal_bag,inf,200.000,200.000,200,1,adjust_flow(delta=0.000),critical_alarm
1545.287,control,normal_flow,0,normal_bag,inf,200.000,200.000,200,1,adjust_flow(delta=0.000),critical_alarm
1546.287,control,normal_flow,0,normal_bag,inf,200.000,200.000,200,1,adjust_flow(delta=0.000),critical_alarm
1547.287,control,normal_flow,0,normal_bag,inf,200.000,200.000,200,1,adjust_flow(delta=0.000),critical_alarm
1548.287,control,normal_flow,0,normal_bag,inf,200.000,200.000,200,1,adjust_flow(delta=0.000),critical_alarm
1549.287,control,normal_flow,0,normal_bag,inf,200.000,200.000,200,1,adjust_flow(delta=0.000),critical_alarm
1550.287,control,normal_flow,0,normal_bag,inf,200.000,200.000,200,1,adjust_flow(delta=0.000),critical_alarm
1551.287,control,normal_flow,0,normal_bag,inf,200.000,200.000,200,1,adjust_flow(delta=0.000),critical_alarm
1552.287,control,normal_flow,0,normal_bag,inf,200.000,200.000,200,1,adjust_flow(delta=0.000),critical_alarm
1553.287,control,normal_flow,0,normal_bag,inf,200.000,200.000,200,1,adjust_flow(delta=0.000),critical_alarm
1554.287,control,normal_flow,0,normal_bag,inf,200.000,200.000,200,1,adjust_flow(delta=0.000),critical_alarm
1555.287,control,normal_flow,0,normal_bag,inf,200.000,200.000,200,1,adjust_flow(delta=0.000),critical_alarm
1556.287,control,normal_flow,0,normal_bag,inf,200.000,200.000,200,1,adjust_flow(delta=0.000),critical_alarm
1557.287,control,normal_flow,0,normal_bag,inf,200.000,200.000,200,1,adjust_flow(delta=0.000),critical_alarm
1558.287,control,normal_flow,0,normal_bag,inf,200.000,200.000,200,1,adjust_flow(delta=0.000),critical_alarm
1559.287,control,normal_flow,0,normal_bag,inf,200.000,200.000,200,1,adjust_flow(delta=0.000),critical_alarm
1560.287,control,normal_flow,0,normal_bag,inf,200.000,200.000,200,1,adjust_flow(delta=0.000),critical_alarm
1561.287,control,normal_flow,0,normal_bag,inf,200.000,200.000,200,1,adjust_flow(delta=0.000),critical_alarm
1562.287,control,normal_flow,0,normal_bag,inf,200.000,200.000,200,1,adjust_flow(delta=0.000),critical_alarm
1563.287,control,normal_flow,0,normal_bag,inf,200.000,200.000,200,1,adjust_flow(delta=0.000),critical_alarm
1564.287,control,normal_flow,0,normal_bag,inf,200.000,200.000,200,1,adjust_flow(delta=0.000),critical_alarm
1565.287,control,normal_flow,0,normal_bag,inf,200.000,200.000,200,1,adjust_flow(delta=0.000),critical_alarm
1566.287,control,normal_flow,0,normal_bag,inf,200.000,200.000,200,1,adjust_flow(delta=0.000),critical_alarm
1567.287,control,normal_flow,0,normal_bag,inf,200.000,200.000,200,1,adjust_flow(delta=0.000),critical_alarm
1568.287,control,normal_flow,0,normal_bag,inf,200.000,200.000,200,1,adjust_flow(delta=0.000),critical_alarm
1569.287,control,normal_flow,0,normal_bag,inf,200.000,200.000,200,1,adjust_flow(delta=0.000),critical_alarm
1570.287,control,normal_flow,0,normal_bag,inf,200.000,200.000,200,1,adjust_flow(delta=0.000),critical_alarm
1571.287,control,normal_flow,0,normal_bag,inf,200.000,200.000,200,1,adjust_flow(delta=0.000),critical_alarm
1572.287,control,normal_flow,0,normal_bag,inf,200.000,200.000,200,1,adjust_flow(delta=0.000),critical_alarm
1573.287,control,normal_flow,0,normal_bag,inf,200.000,200.000,200,1,adjust_flow(delta=0.000),critical_alarm
1574.287,control,normal_flow,0,normal_bag,inf,200.000,200.000,200,1,adjust_flow(delta=0.000),critical_alarm
1575.287,control,normal_flow,0,normal_bag,inf,200.000,200.000,200,1,adjust_flow(delta=0.000),critical_alarm
1576.287,control,normal_flow,0,normal_bag,inf,200.000,200.000,200,1,adjust_flow(delta=0.000),critical_alarm
1577.287,control,normal_flow,0,normal_bag,inf,200.000,200.000,200,1,adjust_flow(delta=0.000),critical_alarm
1578.287,control,normal_flow,0,normal_bag,inf,200.000,200.000,200,1,adjust_flow(delta=0.000),critical_alarm
1579.287,control,normal_flow,0,normal_bag,inf,200.000,200.000,200,1,adjust_flow(delta=0.000),critical_alarm
1580.287,control,normal_flow,0,normal_bag,inf,200.000,200.000,200,1,adjust_flow(delta=0.000),critical_alarm
1581.287,control,normal_flow,0,normal_bag,inf,200.000,200.000,200,1,adjust_flow(delta=0.000),critical_alarm
1582.287,control,normal_flow,0,normal_bag,inf,200.000,200.000,200,1,adjust_flow(delta=0.000),critical_alarm
1583.287,control,normal_flow,0,normal_bag,inf,200.000,200.000,200,1,adjust_flow(delta=0.000),critical_alarm
1584.287,control,normal_flow,0,normal_bag,inf,200.000,200.000,200,1,adjust_flow(delta=0.000),critical_alarm
1585.287,control,normal_flow,0,normal_bag,inf,200.000,200.000,200,1,adjust_flow(delta=0.000),critical_alarm
1586.287,control,normal_flow,0,normal_bag,inf,200.000,200.000,200,1,adjust_flow(delta=0.000),critical_alarm
1587.287,control,normal_flow,0,normal_bag,inf,200.000,200.000,200,1,adjust_flow(delta=0.000),critical_alarm
1588.287,control,normal_flow,0,normal_bag,inf,200.000,200.000,200,1,adjust_flow(delta=0.000),critical_alarm
1589.287,control,normal_flow,0,normal_bag,inf,200.000,200.000,200,1,adjust_flow(delta=0.000),critical_alarm
1590.287,control,normal_flow,0,normal_bag,inf,200.000,200.000,200,1,adjust_flow(delta=0.000),critical_alarm
1591.287,control,normal_flow,0,normal_bag,inf,200.000,200.000,200,1,adjust_flow(delta=0.000),critical_alarm
1592.287,control,normal_flow,0,normal_bag,inf,200.000,200.000,200,1,adjust_flow(delta=0.000),critical_alarm
1593.287,control,normal_flow,0,normal_bag,inf,200.000,200.000,200,1,adjust_flow(delta=0.000),critical_alarm
1594.287,control,normal_flow,0,normal_bag,inf,200.000,200.000,200,1,adjust_flow(delta=0.000),critical_alarm
1595.287,control,normal_flow,0,normal_bag,inf,200.000,200.000,200,1,adjust_flow(delta=0.000),critical_alarm
1596.287,control,normal_flow,0,normal_bag,inf,200.000,200.000,200,1,adjust_flow(delta=0.000),critical_alarm
1597.287,control,normal_flow,0,normal_bag,inf,200.000,200.000,200,1,adjust_flow(delta=0.000),critical_alarm
1598.287,control,normal_flow,0,normal_bag,inf,200.000,200.000,200,1,adjust_flow(delta=0.000),critical_alarm
1599.287,control,normal_flow,0,normal_bag,inf,200.000,200.000,200,1,adjust_flow(delta=0.000),critical_alarm
1600.287,control,normal_flow,0,normal_bag,inf,200.000,200.000,200,1,adjust_flow(delta=0.000),critical_alarm
1601.287,control,normal_flow,0,normal_bag,inf,200.000,200.000,200,1,adjust_flow(delta=0.000),critical_alarm
1602.287,control,normal_flow,0,normal_bag,inf,200.000,200.000,200,1,adjust_flow(delta=0.000),critical_alarm
1603.287,control,normal_flow,0,normal_bag,inf,200.000,200.000,200,1,adjust_flow(delta=0.000),critical_alarm
1604.287,control,normal_flow,0,normal_bag,inf,200.000,200.000,200,1,adjust_flow(delta=0.000),critical_alarm
1605.287,control,normal_flow,0,normal_bag,inf,200.000,200.000,200,1,adjust_flow(delta=0.000),critical_alarm
1606.287,control,normal_flow,0,normal_bag,inf,200.000,200.000,200,1,adjust_flow(delta=0.000),critical_alarm
1607.287,control,normal_flow,0,normal_bag,inf,200.000,200.000,200,1,adjust_flow(delta=0.000),critical_alarm
1608.287,control,normal_flow,0,normal_bag,inf,200.000,200.000,200,1,adjust_flow(delta=0.000),critical_alarm
1609.287,control,normal_flow,0,normal_bag,inf,200.000,200.000,200,1,adjust_flow(delta=0.000),critical_alarm
1610.287,control,normal_flow,0,normal_bag,inf,200.000,200.000,200,1,adjust_flow(delta=0.000),critical_alarm
1611.287,control,normal_flow,0,normal_bag,inf,200.000,200.000,200,1,adjust_flow(delta=0.000),critical_alarm
1612.287,control,normal_flow,0,normal_bag,inf,200.000,200.000,200,1,adjust_flow(delta=0.000),critical_alarm
1613.287,control,normal_flow,0,normal_bag,inf,200.000,200.000,200,1,adjust_flow(delta=0.000),critical_alarm
1614.287,control,normal_flow,0,normal_bag,inf,200.000,200.000,200,1,adjust_flow(delta=0.000),critical_alarm
1615.287,control,normal_flow,0,normal_bag,inf,200.000,200.000,200,1,adjust_flow(delta=0.000),critical_alarm
1616.287,control,normal_flow,0,normal_bag,inf,200.000,200.000,200,1,adjust_flow(delta=0.000),critical_alarm
1617.287,control,normal_flow,0,normal_bag,inf,200.000,200.000,200,1,adjust_flow(delta=0.000),critical_alarm
1618.287,control,normal_flow,0,normal_bag,inf,200.000,200.000,200,1,adjust_flow(delta=0.000),critical_alarm
1619.287,control,normal_flow,0,normal_bag,inf,200.000,200.000,200,1,adjust_flow(delta=0.000),critical_alarm
1620.287,control,normal_flow,0,normal_bag,inf,200.000,200.000,200,1,adjust_flow(delta=0.000),critical_alarm
1621.287,control,normal_flow,0,normal_bag,inf,200.000,200.000,200,1,adjust_flow(delta=0.000),critical_alarm
1622.287,control,normal_flow,0,normal_bag,inf,200.000,200.000,200,1,adjust_flow(delta=0.000),critical_alarm
1623.287,control,normal_flow,0,normal_bag,inf,200.000,200.000,200,1,adjust_flow(delta=0.000),critical_alarm
1624.287,control,normal_flow,0,normal_bag,inf,200.000,200.000,200,1,adjust_flow(delta=0.000),critical_alarm
1625.287,control,normal_flow,0,normal_bag,inf,200.000,200.000,200,1,adjust_flow(delta=0.000),critical_alarm
1626.287,control,normal_flow,0,normal_bag,inf,200.000,200.000,200,1,adjust_flow(delta=0.000),critical_alarm
1627.287,control,normal_flow,0,normal_bag,inf,200.000,200.000,200,1,adjust_flow(delta=0.000),critical_alarm
1628.287,control,normal_flow,0,normal_bag,inf,200.000,200.000,200,1,adjust_flow(delta=0.000),critical_alarm
1629.287,control,normal_flow,0,normal_bag,inf,200.000,200.000,200,1,adjust_flow(delta=0.000),critical_alarm
1630.287,control,normal_flow,0,normal_bag,inf,200.000,200.000,200,1,adjust_flow(delta=0.000),critical_alarm
1631.287,control,normal_flow,0,normal_bag,inf,200.000,200.000,200,1,adjust_flow(delta=0.000),critical_alarm
1632.287,control,normal_flow,0,normal_bag,inf,200.000,200.000,200,1,adjust_flow(delta=0.000),critical_alarm
1633.287,control,normal_flow,0,normal_bag,inf,200.000,200.000,200,1,adjust_flow(delta=0.000),critical_alarm
1634.287,control,normal_flow,0,normal_bag,inf,200.000,200.000,200,1,adjust_flow(delta=0.000),critical_alarm
1635.287,control,normal_flow,0,normal_bag,inf,200.000,200.000,200,1,adjust_flow(delta=0.000),critical_alarm
1636.287,control,normal_flow,0,normal_bag,inf,200.000,200.000,200,1,adjust_flow(delta=0.000),critical_alarm
1637.287,control,normal_flow,0,normal_bag,inf,200.000,200.000,200,1,adjust_flow(delta=0.000),critical_alarm
1638.287,control,normal_flow,0,normal_bag,inf,200.000,200.000,200,1,adjust_flow(delta=0.000),critical_alarm
1639.287,control,normal_flow,0,normal_bag,inf,200.000,200.000,200,1,adjust_flow(delta=0.000),critical_alarm
1640.287,control,normal_flow,0,normal_bag,inf,200.000,200.000,200,1,adjust_flow(delta=0.000),critical_alarm
1641.287,control,normal_flow,0,normal_bag,inf,200.000,200.000,200,1,adjust_flow(delta=0.000),critical_alarm
1642.287,control,normal_flow,0,normal_bag,inf,200.000,200.000,200,1,adjust_flow(delta=0.000),critical_alarm
1643.287,control,normal_flow,0,normal_bag,inf,200.000,200.000,200,1,adjust_flow(delta=0.000),critical_alarm
1644.287,control,normal_flow,0,normal_bag,inf,200.000,200.000,200,1,adjust_flow(delta=0.000),critical_alarm
1645.287,control,normal_flow,0,normal_bag,inf,200.000,200.000,200,1,adjust_flow(delta=0.000),critical_alarm
1646.287,control,normal_flow,0,normal_bag,inf,200.000,200.000,200,1,adjust_flow(delta=0.000),critical_alarm
1647.287,control,normal_flow,0,normal_bag,inf,200.000,200.000,200,1,adjust_flow(delta=0.000),critical_alarm
1648.287,control,normal_flow,0,normal_bag,inf,200.000,200.000,200,1,adjust_flow(delta=0.000),critical_alarm
1649.287,control,normal_flow,0,normal_bag,inf,200.000,200.000,200,1,adjust_flow(delta=0.000),critical_alarm
1650.287,control,normal_flow,0,normal_bag,inf,200.000,200.000,200,1,adjust_flow(delta=0.000),critical_alarm
1651.287,control,normal_flow,0,normal_bag,inf,200.000,200.000,200,1,adjust_flow(delta=0.000),critical_alarm
1652.287,control,normal_flow,0,normal_bag,inf,200.000,200.000,200,1,adjust_flow(delta=0.000),critical_alarm
1653.287,control,normal_flow,0,normal_bag,inf,200.000,200.000,200,1,adjust_flow(delta=0.000),critical_alarm
1654.287,control,normal_flow,0,normal_bag,inf,200.000,200.000,200,1,adjust_flow(delta=0.000),critical_alarm
1655.287,control,normal_flow,0,normal_bag,inf,200.000,200.000,200,1,adjust_flow(delta=0.000),critical_alarm
1656.287,control,normal_flow,0,normal_bag,inf,200.000,200.000,200,1,adjust_flow(delta=0.000),critical_alarm
1657.287,control,normal_flow,0,normal_bag,inf,200.000,200.000,200,1,adjust_flow(delta=0.000),critical_alarm
1658.287,control,normal_flow,0,normal_bag,inf,200.000,200.000,200,1,adjust_flow(delta=0.000),critical_alarm
1659.287,control,normal_flow,0,normal_bag,inf,200.000,200.000,200,1,adjust_flow(delta=0.000),critical_alarm
1660.287,control,normal_flow,0,normal_bag,inf,200.000,200.000,200,1,adjust_flow(delta=0.000),critical_alarm
1661.287,control,normal_flow,0,normal_bag,inf,200.000,200.000,200,1,adjust_flow(delta=0.000),critical_alarm
1662.287,control,normal_flow,0,normal_bag,inf,200.000,200.000,200,1,adjust_flow(delta=0.000),critical_alarm
1663.287,control,normal_flow,0,normal_bag,inf,200.000,200.000,200,1,adjust_flow(delta=0.000),critical_alarm
1664.287,control,normal_flow,0,normal_bag,inf,200.000,200.000,200,1,adjust_flow(delta=0.000),critical_alarm
1665.287,control,normal_flow,0,normal_bag,inf,200.000,200.000,200,1,adjust_flow(delta=0.000),critical_alarm
1666.287,control,normal_flow,0,normal_bag,inf,200.000,200.000,200,1,adjust_flow(delta=0.000),critical_alarm
1667.287,control,normal_flow,0,normal_bag,inf,200.000,200.000,200,1,adjust_flow(delta=0.000),critical_alarm
1668.287,control,normal_flow,0,normal_bag,inf,200.000,200.000,200,1,adjust_flow(delta=0.000),critical_alarm
1669.287,control,normal_flow,0,normal_bag,inf,200.000,200.000,200,1,adjust_flow(delta=0.000),critical_alarm
1670.287,control,normal_flow,0,normal_bag,inf,200.000,200.000,200,1,adjust_flow(delta=0.000),critical_alarm
1671.287,control,normal_flow,0,normal_bag,inf,200.000,200.000,200,1,adjust_flow(delta=0.000),critical_alarm
1672.287,control,normal_flow,0,normal_bag,inf,200.000,200.000,200,1,adjust_flow(delta=0.000),critical_alarm
1673.287,control,normal_flow,0,normal_bag,inf,200.000,200.000,200,1,adjust_flow(delta=0.000),critical_alarm
1674.287,control,normal_flow,0,normal_bag,inf,200.000,200.000,200,1,adjust_flow(delta=0.000),critical_alarm
1675.287,control,normal_flow,0,normal_bag,inf,200.000,200.000,200,1,adjust_flow(delta=0.000),critical_alarm
1676.287,control,normal_flow,0,normal_bag,inf,200.000,200.000,200,1,adjust_flow(delta=0.000),critical_alarm
1677.287,control,normal_flow,0,normal_bag,inf,200.000,200.000,200,1,adjust_flow(delta=0.000),critical_alarm
1678.287,control,normal_flow,0,normal_bag,inf,200.000,200.000,200,1,adjust_flow(delta=0.000),critical_alarm
1679.287,control,normal_flow,0,normal_bag,inf,200.000,200.000,200,1,adjust_flow(delta=0.000),critical_alarm
1680.287,control,normal_flow,0,normal_bag,inf,200.000,200.000,200,1,adjust_flow(delta=0.000),critical_alarm
1681.287,control,normal_flow,0,normal_bag,inf,200.000,200.000,200,1,adjust_flow(delta=0.000),critical_alarm
1682.287,control,normal_flow,0,normal_bag,inf,200.000,200.000,200,1,adjust_flow(delta=0.000),critical_alarm
1683.287,control,normal_flow,0,normal_bag,inf,200.000,200.000,200,1,adjust_flow(delta=0.000),critical_alarm
1684.287,control,normal_flow,0,normal_bag,inf,200.000,200.000,200,1,adjust_flow(delta=0.000),critical_alarm
1685.287,control,normal_flow,0,normal_bag,inf,200.000,200.000,200,1,adjust_flow(delta=0.000),critical_alarm
1686.287,control,normal_flow,0,normal_bag,inf,200.000,200.000,200,1,adjust_flow(delta=0.000),critical_alarm
1687.287,control,normal_flow,0,normal_bag,inf,200.000,200.000,200,1,adjust_flow(delta=0.000),critical_alarm
1688.287,control,normal_flow,0,normal_bag,inf,200.000,200.000,200,1,adjust_flow(delta=0.000),critical_alarm
1689.287,control,normal_flow,0,normal_bag,inf,200.000,200.000,200,1,adjust_flow(delta=0.000),critical_alarm
1690.287,control,normal_flow,0,normal_bag,inf,200.000,200.000,200,1,adjust_flow(delta=0.000),critical_alarm
1691.287,control,normal_flow,0,normal_bag,inf,200.000,200.000,200,1,adjust_flow(delta=0.000),critical_alarm
1692.287,control,normal_flow,0,normal_bag,inf,200.000,200.000,200,1,adjust_flow(delta=0.000),critical_alarm
1693.287,control,normal_flow,0,normal_bag,inf,200.000,200.000,200,1,adjust_flow(delta=0.000),critical_alarm
1694.287,control,normal_flow,0,normal_bag,inf,200.000,200.000,200,1,adjust_flow(delta=0.000),critical_alarm
1695.287,control,normal_flow,0,normal_bag,inf,200.000,200.000,200,1,adjust_flow(delta=0.000),critical_alarm
1696.287,control,normal_flow,0,normal_bag,inf,200.000,200.000,200,1,adjust_flow(delta=0.000),critical_alarm
1697.287,control,normal_flow,0,normal_bag,inf,200.000,200.000,200,1,adjust_flow(delta=0.000),critical_alarm
1698.287,control,normal_flow,0,normal_bag,inf,200.000,200.000,200,1,adjust_flow(delta=0.000),critical_alarm
1699.287,control,normal_flow,0,normal_bag,inf,200.000,200.000,200,1,adjust_flow(delta=0.000),critical_alarm
1700.287,control,normal_flow,0,normal_bag,inf,200.000,200.000,200,1,adjust_flow(delta=0.000),critical_alarm
1701.287,control,normal_flow,0,normal_bag,inf,200.000,200.000,200,1,adjust_flow(delta=0.000),critical_alarm
1702.287,control,normal_flow,0,normal_bag,inf,200.000,200.000,200,1,adjust_flow(delta=0.000),critical_alarm
1703.287,control,normal_flow,0,normal_bag,inf,200.000,200.000,200,1,adjust_flow(delta=0.000),critical_alarm
1704.287,control,normal_flow,0,normal_bag,inf,200.000,200.000,200,1,adjust_flow(delta=0.000),critical_alarm
1705.287,control,normal_flow,0,normal_bag,inf,200.000,200.000,200,1,adjust_flow(delta=0.000),critical_alarm
1706.287,control,normal_flow,0,normal_bag,inf,200.000,200.000,200,1,adjust_flow(delta=0.000),critical_alarm
1707.287,control,normal_flow,0,normal_bag,inf,200.000,200.000,200,1,adjust_flow(delta=0.000),critical_alarm
1708.287,control,normal_flow,0,normal_bag,inf,200.000,200.000,200,1,adjust_flow(delta=0.000),critical_alarm
1709.287,control,normal_flow,0,normal_bag,inf,200.000,200.000,200,1,adjust_flow(delta=0.000),critical_alarm
1710.287,control,normal_flow,0,normal_bag,inf,200.000,200.000,200,1,adjust_flow(delta=0.000),critical_alarm
1711.287,control,normal_flow,0,normal_bag,inf,200.000,200.000,200,1,adjust_flow(delta=0.000),critical_alarm
1712.287,control,normal_flow,0,normal_bag,inf,200.000,200.000,200,1,adjust_flow(delta=0.000),critical_alarm
1713.287,control,normal_flow,0,normal_bag,inf,200.000,200.000,200,1,adjust_flow(delta=0.000),critical_alarm
1714.287,control,normal_flow,0,normal_bag,inf,200.000,200.000,200,1,adjust_flow(delta=0.000),critical_alarm
1715.287,control,normal_flow,0,normal_bag,inf,200.000,200.000,200,1,adjust_flow(delta=0.000),critical_alarm
1716.287,control,normal_flow,0,normal_bag,inf,200.000,200.000,200,1,adjust_flow(delta=0.000),critical_alarm
1717.287,control,normal_flow,0,normal_bag,inf,200.000,200.000,200,1,adjust_flow(delta=0.000),critical_alarm
1718.287,control,normal_flow,0,normal_bag,inf,200.000,200.000,200,1,adjust_flow(delta=0.000),critical_alarm
1719.287,control,normal_flow,0,normal_bag,inf,200.000,200.000,200,1,adjust_flow(delta=0.000),critical_alarm
1720.287,control,normal_flow,0,normal_bag,inf,200.000,200.000,200,1,adjust_flow(delta=0.000),critical_alarm
1721.287,control,normal_flow,0,normal_bag,inf,200.000,200.000,200,1,adjust_flow(delta=0.000),critical_alarm
1722.287,control,normal_flow,0,normal_bag,inf,200.000,200.000,200,1,adjust_flow(delta=0.000),critical_alarm
1723.287,control,normal_flow,0,normal_bag,inf,200.000,200.000,200,1,adjust_flow(delta=0.000),critical_alarm
1724.287,control,normal_flow,0,normal_bag,inf,200.000,200.000,200,1,adjust_flow(delta=0.000),critical_alarm
1725.287,control,normal_flow,0,normal_bag,inf,200.000,200.000,200,1,adjust_flow(delta=0.000),critical_alarm
1726.287,control,normal_flow,0,normal_bag,inf,200.000,200.000,200,1,adjust_flow(delta=0.000),critical_alarm
1727.287,control,normal_flow,0,normal_bag,inf,200.000,200.000,200,1,adjust_flow(delta=0.000),critical_alarm
1728.287,control,normal_flow,0,normal_bag,inf,200.000,200.000,200,1,adjust_flow(delta=0.000),critical_alarm
1729.287,control,normal_flow,0,normal_bag,inf,200.000,200.000,200,1,adjust_flow(delta=0.000),critical_alarm
1730.287,control,normal_flow,0,normal_bag,inf,200.000,200.000,200,1,adjust_flow(delta=0.000),critical_alarm
1731.287,control,normal_flow,0,normal_bag,inf,200.000,200.000,200,1,adjust_flow(delta=0.000),critical_alarm
1732.287,control,normal_flow,0,normal_bag,inf,200.000,200.000,200,1,adjust_flow(delta=0.000),critical_alarm
1733.287,control,normal_flow,0,normal_bag,inf,200.000,200.000,200,1,adjust_flow(delta=0.000),critical_alarm
1734.287,control,normal_flow,0,normal_bag,inf,200.000,200.000,200,1,adjust_flow(delta=0.000),critical_alarm
1735.287,control,normal_flow,0,normal_bag,inf,200.000,200.000,200,1,adjust_flow(delta=0.000),critical_alarm
1736.287,control,normal_flow,0,normal_bag,inf,200.000,200.000,200,1,adjust_flow(delta=0.000),critical_alarm
1737.287,control,normal_flow,0,normal_bag,inf,200.000,200.000,200,1,adjust_flow(delta=0.000),critical_alarm
1738.287,control,normal_flow,0,normal_bag,inf,200.000,200.000,200,1,adjust_flow(delta=0.000),critical_alarm
1739.287,control,normal_flow,0,normal_bag,inf,200.000,200.000,200,1,adjust_flow(delta=0.000),critical_alarm
1740.287,control,normal_flow,0,normal_bag,inf,200.000,200.000,200,1,adjust_flow(delta=0.000),critical_alarm
1741.287,control,normal_flow,0,normal_bag,inf,200.000,200.000,200,1,adjust_flow(delta=0.000),critical_alarm
1742.287,control,normal_flow,0,normal_bag,inf,200.000,200.000,200,1,adjust_flow(delta=0.000),critical_alarm
1743.287,control,normal_flow,0,normal_bag,inf,200.000,200.000,200,1,adjust_flow(delta=0.000),critical_alarm
1744.287,control,normal_flow,0,normal_bag,inf,200.000,200.000,200,1,adjust_flow(delta=0.000),critical_alarm
1745.287,control,normal_flow,0,normal_bag,inf,200.000,200.000,200,1,adjust_flow(delta=0.000),critical_alarm
1746.287,control,normal_flow,0,normal_bag,inf,200.000,200.000,200,1,adjust_flow(delta=0.000),critical_alarm
1747.287,control,normal_flow,0,normal_bag,inf,200.000,200.000,200,1,adjust_flow(delta=0.000),critical_alarm
1748.287,control,normal_flow,0,normal_bag,inf,200.000,200.000,200,1,adjust_flow(delta=0.000),critical_alarm
1749.287,control,normal_flow,0,normal_bag,inf,200.000,200.000,200,1,adjust_flow(delta=0.000),critical_alarm
1750.287,control,normal_flow,0,normal_bag,inf,200.000,200.000,200,1,adjust_flow(delta=0.000),critical_alarm
1751.287,control,normal_flow,0,normal_bag,inf,200.000,200.000,200,1,adjust_flow(delta=0.000),critical_alarm
1752.287,control,normal_flow,0,normal_bag,inf,200.000,200.000,200,1,adjust_flow(delta=0.000),critical_alarm
1753.287,control,normal_flow,0,normal_bag,inf,200.000,200.000,200,1,adjust_flow(delta=0.000),critical_alarm
1754.287,control,normal_flow,0,normal_bag,inf,200.000,200.000,200,1,adjust_flow(delta=0.000),critical_alarm
1755.287,control,normal_flow,0,normal_bag,inf,200.000,200.000,200,1,adjust_flow(delta=0.000),critical_alarm
1756.287,control,normal_flow,0,normal_bag,inf,200.000,200.000,200,1,adjust_flow(delta=0.000),critical_alarm
1757.287,control,normal_flow,0,normal_bag,inf,200.000,200.000,200,1,adjust_flow(delta=0.000),critical_alarm
1758.287,control,normal_flow,0,normal_bag,inf,200.000,200.000,200,1,adjust_flow(delta=0.000),critical_alarm
1759.287,control,normal_flow,0,normal_bag,inf,200.000,200.000,200,1,adjust_flow(delta=0.000),critical_alarm
1760.287,control,normal_flow,0,normal_bag,inf,200.000,200.000,200,1,adjust_flow(delta=0.000),critical_alarm
1761.287,control,normal_flow,0,normal_bag,inf,200.000,200.000,200,1,adjust_flow(delta=0.000),critical_alarm
1762.287,control,normal_flow,0,normal_bag,inf,200.000,200.000,200,1,adjust_flow(delta=0.000),critical_alarm
1763.287,control,normal_flow,0,normal_bag,inf,200.000,200.000,200,1,adjust_flow(delta=0.000),critical_alarm
1764.287,control,normal_flow,0,normal_bag,inf,200.000,200.000,200,1,adjust_flow(delta=0.000),critical_alarm
1765.287,control,normal_flow,0,normal_bag,inf,200.000,200.000,200,1,adjust_flow(delta=0.000),critical_alarm
1766.287,control,normal_flow,0,normal_bag,inf,200.000,200.000,200,1,adjust_flow(delta=0.000),critical_alarm
1767.287,control,normal_flow,0,normal_bag,inf,200.000,200.000,200,1,adjust_flow(delta=0.000),critical_alarm
1768.287,control,normal_flow,0,normal_bag,inf,200.000,200.000,200,1,adjust_flow(delta=0.000),critical_alarm
1769.287,control,normal_flow,0,normal_bag,inf,200.000,200.000,200,1,adjust_flow(delta=0.000),critical_alarm
1770.287,control,normal_flow,0,normal_bag,inf,200.000,200.000,200,1,adjust_flow(delta=0.000),critical_alarm
1771.287,control,normal_flow,0,normal_bag,inf,200.000,200.000,200,1,adjust_flow(delta=0.000),critical_alarm
1772.287,control,normal_flow,0,normal_bag,inf,200.000,200.000,200,1,adjust_flow(delta=0.000),critical_alarm
1773.287,control,normal_flow,0,normal_bag,inf,200.000,200.000,200,1,adjust_flow(delta=0.000),critical_alarm
1774.287,control,normal_flow,0,normal_bag,inf,200.000,200.000,200,1,adjust_flow(delta=0.000),critical_alarm
1775.287,control,normal_flow,0,normal_bag,inf,200.000,200.000,200,1,adjust_flow(delta=0.000),critical_alarm
1776.287,control,normal_flow,0,normal_bag,inf,200.000,200.000,200,1,adjust_flow(delta=0.000),critical_alarm
1777.287,control,normal_flow,0,normal_bag,inf,200.000,200.000,200,1,adjust_flow(delta=0.000),critical_alarm
1778.287,control,normal_flow,0,normal_bag,inf,200.000,200.000,200,1,adjust_flow(delta=0.000),critical_alarm
1779.287,control,normal_flow,0,normal_bag,inf,200.000,200.000,200,1,adjust_flow(delta=0.000),critical_alarm
1780.287,control,normal_flow,0,normal_bag,inf,200.000,200.000,200,1,adjust_flow(delta=0.000),critical_alarm
1781.287,control,normal_flow,0,normal_bag,inf,200.000,200.000,200,1,adjust_flow(delta=0.000),critical_alarm
1782.287,control,normal_flow,0,normal_bag,inf,200.000,200.000,200,1,adjust_flow(delta=0.000),critical_alarm
1783.287,control,normal_flow,0,normal_bag,inf,200.000,200.000,200,1,adjust_flow(delta=0.000),critical_alarm
1784.287,control,normal_flow,0,normal_bag,inf,200.000,200.000,200,1,adjust_flow(delta=0.000),critical_alarm
1785.287,control,normal_flow,0,normal_bag,inf,200.000,200.000,200,1,adjust_flow(delta=0.000),critical_alarm
1786.287,control,normal_flow,0,normal_bag,inf,200.000,200.000,200,1,adjust_flow(delta=0.000),critical_alarm
1787.287,control,normal_flow,0,normal_bag,inf,200.000,200.000,200,1,adjust_flow(delta=0.000),critical_alarm
1788.287,control,normal_flow,0,normal_bag,inf,200.000,200.000,200,1,adjust_flow(delta=0.000),critical_alarm
1789.287,control,normal_flow,0,normal_bag,inf,200.000,200.000,200,1,adjust_flow(delta=0.000),critical_alarm
1790.287,control,normal_flow,0,normal_bag,inf,200.000,200.000,200,1,adjust_flow(delta=0.000),critical_alarm
1791.287,control,normal_flow,0,normal_bag,inf,200.000,200.000,200,1,adjust_flow(delta=0.000),critical_alarm
1792.287,control,normal_flow,0,normal_bag,inf,200.000,200.000,200,1,adjust_flow(delta=0.000),critical_alarm
1793.287,control,normal_flow,0,normal_bag,inf,200.000,200.000,200,1,adjust_flow(delta=0.000),critical_alarm
1794.287,control,normal_flow,0,normal_bag,inf,200.000,200.000,200,1,adjust_flow(delta=0.000),critical_alarm
1795.287,control,normal_flow,0,normal_bag,inf,200.000,200.000,200,1,adjust_flow(delta=0.000),critical_alarm
1796.287,control,normal_flow,0,normal_bag,inf,200.000,200.000,200,1,adjust_flow(delta=0.000),critical_alarm
1797.287,control,normal_flow,0,normal_bag,inf,200.000,200.000,200,1,adjust_flow(delta=0.000),critical_alarm
1798.287,control,normal_flow,0,normal_bag,inf,200.000,200.000,200,1,adjust_flow(delta=0.000),critical_alarm
1799.287,control,normal_flow,0,normal_bag,inf,200.000,200.000,200,1,adjust_flow(delta=0.000),critical_alarm
1800.287,control,normal_flow,0,normal_bag,inf,200.000,200.000,200,1,adjust_flow(delta=0.000),critical_alarm
1801.287,control,normal_flow,0,normal_bag,inf,200.000,200.000,200,1,adjust_flow(delta=0.000),critical_alarm
1802.287,control,normal_flow,0,normal_bag,inf,200.000,200.000,200,1,adjust_flow(delta=0.000),critical_alarm
1803.287,control,normal_flow,0,normal_bag,inf,200.000,200.000,200,1,adjust_flow(delta=0.000),critical_alarm
1804.287,control,normal_flow,0,normal_bag,inf,200.000,200.000,200,1,adjust_flow(delta=0.000),critical_alarm
1805.287,control,normal_flow,0,normal_bag,inf,200.000,200.000,200,1,adjust_flow(delta=0.000),critical_alarm
1806.287,control,normal_flow,0,normal_bag,inf,200.000,200.000,200,1,adjust_flow(delta=0.000),critical_alarm
1807.287,control,normal_flow,0,normal_bag,inf,200.000,200.000,200,1,adjust_flow(delta=0.000),critical_alarm
1808.287,control,normal_flow,0,normal_bag,inf,200.000,200.000,200,1,adjust_flow(delta=0.000),critical_alarm
1809.287,control,normal_flow,0,normal_bag,inf,200.000,200.000,200,1,adjust_flow(delta=0.000),critical_alarm
1810.287,control,normal_flow,0,normal_bag,inf,200.000,200.000,200,1,adjust_flow(delta=0.000),critical_alarm
1811.287,control,normal_flow,0,normal_bag,inf,200.000,200.000,200,1,adjust_flow(delta=0.000),critical_alarm
1812.287,control,normal_flow,0,normal_bag,inf,200.000,200.000,200,1,adjust_flow(delta=0.000),critical_alarm
1813.287,control,normal_flow,0,normal_bag,inf,200.000,200.000,200,1,adjust_flow(delta=0.000),critical_alarm
1814.287,control,normal_flow,0,normal_bag,inf,200.000,200.000,200,1,adjust_flow(delta=0.000),critical_alarm
1815.287,control,normal_flow,0,normal_bag,inf,200.000,200.000,200,1,adjust_flow(delta=0.000),critical_alarm
1816.287,control,normal_flow,0,normal_bag,inf,200.000,200.000,200,1,adjust_flow(delta=0.000),critical_alarm
1817.287,control,normal_flow,0,normal_bag,inf,200.000,200.000,200,1,adjust_flow(delta=0.000),critical_alarm
1818.287,control,normal_flow,0,normal_bag,inf,200.000,200.000,200,1,adjust_flow(delta=0.000),critical_alarm
1819.287,control,normal_flow,0,normal_bag,inf,200.000,200.000,200,1,adjust_flow(delta=0.000),critical_alarm
1820.287,control,normal_flow,0,normal_bag,inf,200.000,200.000,200,1,adjust_flow(delta=0.000),critical_alarm
1821.287,control,normal_flow,0,normal_bag,inf,200.000,200.000,200,1,adjust_flow(delta=0.000),critical_alarm
1822.287,control,normal_flow,0,normal_bag,inf,200.000,200.000,200,1,adjust_flow(delta=0.000),critical_alarm
1823.287,control,normal_flow,0,normal_bag,inf,200.000,200.000,200,1,adjust_flow(delta=0.000),critical_alarm
1824.287,control,normal_flow,0,normal_bag,inf,200.000,200.000,200,1,adjust_flow(delta=0.000),critical_alarm
1825.287,control,normal_flow,0,normal_bag,inf,200.000,200.000,200,1,adjust_flow(delta=0.000),critical_alarm
1826.287,control,normal_flow,0,normal_bag,inf,200.000,200.000,200,1,adjust_flow(delta=0.000),critical_alarm
1827.287,control,normal_flow,0,normal_bag,inf,200.000,200.000,200,1,adjust_flow(delta=0.000),critical_alarm
1828.287,control,normal_flow,0,normal_bag,inf,200.000,200.000,200,1,adjust_flow(delta=0.000),critical_alarm
1829.287,control,normal_flow,0,normal_bag,inf,200.000,200.000,200,1,adjust_flow(delta=0.000),critical_alarm
1830.287,control,normal_flow,0,normal_bag,inf,200.000,200.000,200,1,adjust_flow(delta=0.000),critical_alarm
1831.287,control,normal_flow,0,normal_bag,inf,200.000,200.000,200,1,adjust_flow(delta=0.000),critical_alarm
1832.287,control,normal_flow,0,normal_bag,inf,200.000,200.000,200,1,adjust_flow(delta=0.000),critical_alarm
1833.287,control,normal_flow,0,normal_bag,inf,200.000,200.000,200,1,adjust_flow(delta=0.000),critical_alarm
1834.287,control,normal_flow,0,normal_bag,inf,200.000,200.000,200,1,adjust_flow(delta=0.000),critical_alarm
1835.287,control,normal_flow,0,normal_bag,inf,200.000,200.000,200,1,adjust_flow(delta=0.000),critical_alarm
1836.287,control,normal_flow,0,normal_bag,inf,200.000,200.000,200,1,adjust_flow(delta=0.000),critical_alarm
1837.287,control,normal_flow,0,normal_bag,inf,200.000,200.000,200,1,adjust_flow(delta=0.000),critical_alarm
1838.287,control,normal_flow,0,normal_bag,inf,200.000,200.000,200,1,adjust_flow(delta=0.000),critical_alarm
1839.287,control,normal_flow,0,normal_bag,inf,200.000,200.000,200,1,adjust_flow(delta=0.000),critical_alarm
1840.287,control,normal_flow,0,normal_bag,inf,200.000,200.000,200,1,adjust_flow(delta=0.000),critical_alarm
1841.287,control,normal_flow,0,normal_bag,inf,200.000,200.000,200,1,adjust_flow(delta=0.000),critical_alarm
1842.287,control,normal_flow,0,normal_bag,inf,200.000,200.000,200,1,adjust_flow(delta=0.000),critical_alarm
1843.287,control,normal_flow,0,normal_bag,inf,200.000,200.000,200,1,adjust_flow(delta=0.000),critical_alarm
1844.287,control,normal_flow,0,normal_bag,inf,200.000,200.000,200,1,adjust_flow(delta=0.000),critical_alarm
1845.287,control,normal_flow,0,normal_bag,inf,200.000,200.000,200,1,adjust_flow(delta=0.000),critical_alarm
1846.287,control,normal_flow,0,normal_bag,inf,200.000,200.000,200,1,adjust_flow(delta=0.000),critical_alarm
1847.287,control,normal_flow,0,normal_bag,inf,200.000,200.000,200,1,adjust_flow(delta=0.000),critical_alarm
1848.287,control,normal_flow,0,normal_bag,inf,200.000,200.000,200,1,adjust_flow(delta=0.000),critical_alarm
1849.287,control,normal_flow,0,normal_bag,inf,200.000,200.000,200,1,adjust_flow(delta=0.000),critical_alarm
1850.287,control,normal_flow,0,normal_bag,inf,200.000,200.000,200,1,adjust_flow(delta=0.000),critical_alarm
1851.287,control,normal_flow,0,normal_bag,inf,200.000,200.000,200,1,adjust_flow(delta=0.000),critical_alarm
1852.287,control,normal_flow,0,normal_bag,inf,200.000,200.000,200,1,adjust_flow(delta=0.000),critical_alarm
1853.287,control,normal_flow,0,normal_bag,inf,200.000,200.000,200,1,adjust_flow(delta=0.000),critical_alarm
1854.287,control,normal_flow,0,normal_bag,inf,200.000,200.000,200,1,adjust_flow(delta=0.000),critical_alarm
1855.287,control,normal_flow,0,normal_bag,inf,200.000,200.000,200,1,adjust_flow(delta=0.000),critical_alarm
1856.287,control,normal_flow,0,normal_bag,inf,200.000,200.000,200,1,adjust_flow(delta=0.000),critical_alarm
1857.287,control,normal_flow,0,normal_bag,inf,200.000,200.000,200,1,adjust_flow(delta=0.000),critical_alarm
1858.287,control,normal_flow,0,normal_bag,inf,200.000,200.000,200,1,adjust_flow(delta=0.000),critical_alarm
1859.287,control,normal_flow,0,normal_bag,inf,200.000,200.000,200,1,adjust_flow(delta=0.000),critical_alarm
1860.287,control,normal_flow,0,normal_bag,inf,200.000,200.000,200,1,adjust_flow(delta=0.000),critical_alarm
1861.287,control,normal_flow,0,normal_bag,inf,200.000,200.000,200,1,adjust_flow(delta=0.000),critical_alarm
1862.287,control,normal_flow,0,normal_bag,inf,200.000,200.000,200,1,adjust_flow(delta=0.000),critical_alarm
1863.287,control,normal_flow,0,normal_bag,inf,200.000,200.000,200,1,adjust_flow(delta=0.000),critical_alarm
1864.287,control,normal_flow,0,normal_bag,inf,200.000,200.000,200,1,adjust_flow(delta=0.000),critical_alarm
1865.287,control,normal_flow,0,normal_bag,inf,200.000,200.000,200,1,adjust_flow(delta=0.000),critical_alarm
1866.287,control,normal_flow,0,normal_bag,inf,200.000,200.000,200,1,adjust_flow(delta=0.000),critical_alarm
1867.287,control,normal_flow,0,normal_bag,inf,200.000,200.000,200,1,adjust_flow(delta=0.000),critical_alarm
1868.287,control,normal_flow,0,normal_bag,inf,200.000,200.000,200,1,adjust_flow(delta=0.000),critical_alarm
1869.287,control,normal_flow,0,normal_bag,inf,200.000,200.000,200,1,adjust_flow(delta=0.000),critical_alarm
1870.287,control,normal_flow,0,normal_bag,inf,200.000,200.000,200,1,adjust_flow(delta=0.000),critical_alarm
1871.287,control,normal_flow,0,normal_bag,inf,200.000,200.000,200,1,adjust_flow(delta=0.000),critical_alarm
1872.287,control,normal_flow,0,normal_bag,inf,200.000,200.000,200,1,adjust_flow(delta=0.000),critical_alarm
1873.287,control,normal_flow,0,normal_bag,inf,200.000,200.000,200,1,adjust_flow(delta=0.000),critical_alarm
1874.287,control,normal_flow,0,normal_bag,inf,200.000,200.000,200,1,adjust_flow(delta=0.000),critical_alarm
1875.287,control,normal_flow,0,normal_bag,inf,200.000,200.000,200,1,adjust_flow(delta=0.000),critical_alarm
1876.287,control,normal_flow,0,normal_bag,inf,200.000,200.000,200,1,adjust_flow(delta=0.000),critical_alarm
1877.287,control,normal_flow,0,normal_bag,inf,200.000,200.000,200,1,adjust_flow(delta=0.000),critical_alarm
1878.287,control,normal_flow,0,normal_bag,inf,200.000,200.000,200,1,adjust_flow(delta=0.000),critical_alarm
1879.287,control,normal_flow,0,normal_bag,inf,200.000,200.000,200,1,adjust_flow(delta=0.000),critical_alarm
1880.287,control,normal_flow,0,normal_bag,inf,200.000,200.000,200,1,adjust_flow(delta=0.000),critical_alarm
1881.287,control,normal_flow,0,normal_bag,inf,200.000,200.000,200,1,adjust_flow(delta=0.000),critical_alarm
1882.287,control,normal_flow,0,normal_bag,inf,200.000,200.000,200,1,adjust_flow(delta=0.000),critical_alarm
1883.287,control,normal_flow,0,normal_bag,inf,200.000,200.000,200,1,adjust_flow(delta=0.000),critical_alarm
1884.287,control,normal_flow,0,normal_bag,inf,200.000,200.000,200,1,adjust_flow(delta=0.000),critical_alarm
1885.287,control,normal_flow,0,normal_bag,inf,200.000,200.000,200,1,adjust_flow(delta=0.000),critical_alarm
1886.287,control,normal_flow,0,normal_bag,inf,200.000,200.000,200,1,adjust_flow(delta=0.000),critical_alarm
1887.287,control,normal_flow,0,normal_bag,inf,200.000,200.000,200,1,adjust_flow(delta=0.000),critical_alarm
1888.287,control,normal_flow,0,normal_bag,inf,200.000,200.000,200,1,adjust_flow(delta=0.000),critical_alarm
1889.287,control,normal_flow,0,normal_bag,inf,200.000,200.000,200,1,adjust_flow(delta=0.000),critical_alarm
1890.287,control,normal_flow,0,normal_bag,inf,200.000,200.000,200,1,adjust_flow(delta=0.000),critical_alarm
1891.287,control,normal_flow,0,normal_bag,inf,200.000,200.000,200,1,adjust_flow(delta=0.000),critical_alarm
1892.287,control,normal_flow,0,normal_bag,inf,200.000,200.000,200,1,adjust_flow(delta=0.000),critical_alarm
1893.287,control,normal_flow,0,normal_bag,inf,200.000,200.000,200,1,adjust_flow(delta=0.000),critical_alarm
1894.287,control,normal_flow,0,normal_bag,inf,200.000,200.000,200,1,adjust_flow(delta=0.000),critical_alarm
1895.287,control,normal_flow,0,normal_bag,inf,200.000,200.000,200,1,adjust_flow(delta=0.000),critical_alarm
1896.287,control,normal_flow,0,normal_bag,inf,200.000,200.000,200,1,adjust_flow(delta=0.000),critical_alarm
1897.287,control,normal_flow,0,normal_bag,inf,200.000,200.000,200,1,adjust_flow(delta=0.000),critical_alarm
1898.287,control,normal_flow,0,normal_bag,inf,200.000,200.000,200,1,adjust_flow(delta=0.000),critical_alarm
1899.287,control,normal_flow,0,normal_bag,inf,200.000,200.000,200,1,adjust_flow(delta=0.000),critical_alarm
1900.287,control,normal_flow,0,normal_bag,inf,200.000,200.000,200,1,adjust_flow(delta=0.000),critical_alarm
1901.287,control,normal_flow,0,normal_bag,inf,200.000,200.000,200,1,adjust_flow(delta=0.000),critical_alarm
1902.287,control,normal_flow,0,normal_bag,inf,200.000,200.000,200,1,adjust_flow(delta=0.000),critical_alarm
1903.287,control,normal_flow,0,normal_bag,inf,200.000,200.000,200,1,adjust_flow(delta=0.000),critical_alarm
1904.287,control,normal_flow,0,normal_bag,inf,200.000,200.000,200,1,adjust_flow(delta=0.000),critical_alarm
1905.287,control,normal_flow,0,normal_bag,inf,200.000,200.000,200,1,adjust_flow(delta=0.000),critical_alarm
1906.287,control,normal_flow,0,normal_bag,inf,200.000,200.000,200,1,adjust_flow(delta=0.000),critical_alarm
1907.287,control,normal_flow,0,normal_bag,inf,200.000,200.000,200,1,adjust_flow(delta=0.000),critical_alarm
1908.287,control,normal_flow,0,normal_bag,inf,200.000,200.000,200,1,adjust_flow(delta=0.000),critical_alarm
1909.287,control,normal_flow,0,normal_bag,inf,200.000,200.000,200,1,adjust_flow(delta=0.000),critical_alarm
1910.287,control,normal_flow,0,normal_bag,inf,200.000,200.000,200,1,adjust_flow(delta=0.000),critical_alarm
1911.287,control,normal_flow,0,normal_bag,inf,200.000,200.000,200,1,adjust_flow(delta=0.000),critical_alarm
1912.287,control,normal_flow,0,normal_bag,inf,200.000,200.000,200,1,adjust_flow(delta=0.000),critical_alarm
1913.287,control,normal_flow,0,normal_bag,inf,200.000,200.000,200,1,adjust_flow(delta=0.000),critical_alarm
1914.287,control,normal_flow,0,normal_bag,inf,200.000,200.000,200,1,adjust_flow(delta=0.000),critical_alarm
1915.287,control,normal_flow,0,normal_bag,inf,200.000,200.000,200,1,adjust_flow(delta=0.000),critical_alarm
1916.287,control,normal_flow,0,normal_bag,inf,200.000,200.000,200,1,adjust_flow(delta=0.000),critical_alarm
1917.287,control,normal_flow,0,normal_bag,inf,200.000,200.000,200,1,adjust_flow(delta=0.000),critical_alarm
1918.287,control,normal_flow,0,normal_bag,inf,200.000,200.000,200,1,adjust_flow(delta=0.000),critical_alarm
1919.287,control,normal_flow,0,normal_bag,inf,200.000,200.000,200,1,adjust_flow(delta=0.000),critical_alarm
1920.287,control,normal_flow,0,normal_bag,inf,200.000,200.000,200,1,adjust_flow(delta=0.000),critical_alarm
1921.287,control,normal_flow,0,normal_bag,inf,200.000,200.000,200,1,adjust_flow(delta=0.000),critical_alarm
1922.287,control,normal_flow,0,normal_bag,inf,200.000,200.000,200,1,adjust_flow(delta=0.000),critical_alarm
1923.287,control,normal_flow,0,normal_bag,inf,200.000,200.000,200,1,adjust_flow(delta=0.000),critical_alarm
1924.287,control,normal_flow,0,normal_bag,inf,200.000,200.000,200,1,adjust_flow(delta=0.000),critical_alarm
1925.287,control,normal_flow,0,normal_bag,inf,200.000,200.000,200,1,adjust_flow(delta=0.000),critical_alarm
1926.287,control,normal_flow,0,normal_bag,inf,200.000,200.000,200,1,adjust_flow(delta=0.000),critical_alarm
1927.287,control,normal_flow,0,normal_bag,inf,200.000,200.000,200,1,adjust_flow(delta=0.000),critical_alarm
1928.287,control,normal_flow,0,normal_bag,inf,200.000,200.000,200,1,adjust_flow(delta=0.000),critical_alarm
1929.287,control,normal_flow,0,normal_bag,inf,200.000,200.000,200,1,adjust_flow(delta=0.000),critical_alarm
1930.287,control,normal_flow,0,normal_bag,inf,200.000,200.000,200,1,adjust_flow(delta=0.000),critical_alarm
1931.287,control,normal_flow,0,normal_bag,inf,200.000,200.000,200,1,adjust_flow(delta=0.000),critical_alarm
1932.287,control,normal_flow,0,normal_bag,inf,200.000,200.000,200,1,adjust_flow(delta=0.000),critical_alarm
1933.287,control,normal_flow,0,normal_bag,inf,200.000,200.000,200,1,adjust_flow(delta=0.000),critical_alarm
1934.287,control,normal_flow,0,normal_bag,inf,200.000,200.000,200,1,adjust_flow(delta=0.000),critical_alarm
1935.287,control,normal_flow,0,normal_bag,inf,200.000,200.000,200,1,adjust_flow(delta=0.000),critical_alarm
1936.287,control,normal_flow,0,normal_bag,inf,200.000,200.000,200,1,adjust_flow(delta=0.000),critical_alarm
1937.287,control,normal_flow,0,normal_bag,inf,200.000,200.000,200,1,adjust_flow(delta=0.000),critical_alarm
1938.287,control,normal_flow,0,normal_bag,inf,200.000,200.000,200,1,adjust_flow(delta=0.000),critical_alarm
1939.287,control,normal_flow,0,normal_bag,inf,200.000,200.000,200,1,adjust_flow(delta=0.000),critical_alarm
1940.287,control,normal_flow,0,normal_bag,inf,200.000,200.000,200,1,adjust_flow(delta=0.000),critical_alarm
1941.287,control,normal_flow,0,normal_bag,inf,200.000,200.000,200,1,adjust_flow(delta=0.000),critical_alarm
1942.287,control,normal_flow,0,normal_bag,inf,200.000,200.000,200,1,adjust_flow(delta=0.000),critical_alarm
1943.287,control,normal_flow,0,normal_bag,inf,200.000,200.000,200,1,adjust_flow(delta=0.000),critical_alarm
1944.287,control,normal_flow,0,normal_bag,inf,200.000,200.000,200,1,adjust_flow(delta=0.000),critical_alarm
1945.287,control,normal_flow,0,normal_bag,inf,200.000,200.000,200,1,adjust_flow(delta=0.000),critical_alarm
1946.287,control,normal_flow,0,normal_bag,inf,200.000,200.000,200,1,adjust_flow(delta=0.000),critical_alarm
1947.287,control,normal_flow,0,normal_bag,inf,200.000,200.000,200,1,adjust_flow(delta=0.000),critical_alarm
1948.287,control,normal_flow,0,normal_bag,inf,200.000,200.000,200,1,adjust_flow(delta=0.000),critical_alarm
1949.287,control,normal_flow,0,normal_bag,inf,200.000,200.000,200,1,adjust_flow(delta=0.000),critical_alarm
1950.287,control,normal_flow,0,normal_bag,inf,200.000,200.000,200,1,adjust_flow(delta=0.000),critical_alarm
1951.287,control,normal_flow,0,normal_bag,inf,200.000,200.000,200,1,adjust_flow(delta=0.000),critical_alarm
1952.287,control,normal_flow,0,normal_bag,inf,200.000,200.000,200,1,adjust_flow(delta=0.000),critical_alarm
1953.287,control,normal_flow,0,normal_bag,inf,200.000,200.000,200,1,adjust_flow(delta=0.000),critical_alarm
1954.287,control,normal_flow,0,normal_bag,inf,200.000,200.000,200,1,adjust_flow(delta=0.000),critical_alarm
1955.287,control,normal_flow,0,normal_bag,inf,200.000,200.000,200,1,adjust_flow(delta=0.000),critical_alarm
1956.287,control,normal_flow,0,normal_bag,inf,200.000,200.000,200,1,adjust_flow(delta=0.000),critical_alarm
1957.287,control,normal_flow,0,normal_bag,inf,200.000,200.000,200,1,adjust_flow(delta=0.000),critical_alarm
1958.287,control,normal_flow,0,normal_bag,inf,200.000,200.000,200,1,adjust_flow(delta=0.000),critical_alarm
1959.287,control,normal_flow,0,normal_bag,inf,200.000,200.000,200,1,adjust_flow(delta=0.000),critical_alarm
1960.287,control,normal_flow,0,normal_bag,inf,200.000,200.000,200,1,adjust_flow(delta=0.000),critical_alarm
1961.287,control,normal_flow,0,normal_bag,inf,200.000,200.000,200,1,adjust_flow(delta=0.000),critical_alarm
1962.287,control,normal_flow,0,normal_bag,inf,200.000,200.000,200,1,adjust_flow(delta=0.000),critical_alarm
1963.287,control,normal_flow,0,normal_bag,inf,200.000,200.000,200,1,adjust_flow(delta=0.000),critical_alarm
1964.287,control,normal_flow,0,normal_bag,inf,200.000,200.000,200,1,adjust_flow(delta=0.000),critical_alarm
1965.287,control,normal_flow,0,normal_bag,inf,200.000,200.000,200,1,adjust_flow(delta=0.000),critical_alarm
1966.287,control,normal_flow,0,normal_bag,inf,200.000,200.000,200,1,adjust_flow(delta=0.000),critical_alarm
1967.287,control,normal_flow,0,normal_bag,inf,200.000,200.000,200,1,adjust_flow(delta=0.000),critical_alarm
1968.287,control,normal_flow,0,normal_bag,inf,200.000,200.000,200,1,adjust_flow(delta=0.000),critical_alarm
1969.287,control,normal_flow,0,normal_bag,inf,200.000,200.000,200,1,adjust_flow(delta=0.000),critical_alarm
1970.287,control,normal_flow,0,normal_bag,inf,200.000,200.000,200,1,adjust_flow(delta=0.000),critical_alarm
1971.287,control,normal_flow,0,normal_bag,inf,200.000,200.000,200,1,adjust_flow(delta=0.000),critical_alarm
1972.287,control,normal_flow,0,normal_bag,inf,200.000,200.000,200,1,adjust_flow(delta=0.000),critical_alarm
1973.287,control,normal_flow,0,normal_bag,inf,200.000,200.000,200,1,adjust_flow(delta=0.000),critical_alarm
1974.287,control,normal_flow,0,normal_bag,inf,200.000,200.000,200,1,adjust_flow(delta=0.000),critical_alarm
1975.287,control,normal_flow,0,normal_bag,inf,200.000,200.000,200,1,adjust_flow(delta=0.000),critical_alarm
1976.287,control,normal_flow,0,normal_bag,inf,200.000,200.000,200,1,adjust_flow(delta=0.000),critical_alarm
1977.287,control,normal_flow,0,normal_bag,inf,200.000,200.000,200,1,adjust_flow(delta=0.000),critical_alarm
1978.287,control,normal_flow,0,normal_bag,inf,200.000,200.000,200,1,adjust_flow(delta=0.000),critical_alarm
1979.287,control,normal_flow,0,normal_bag,inf,200.000,200.000,200,1,adjust_flow(delta=0.000),critical_alarm
1980.287,control,normal_flow,0,normal_bag,inf,200.000,200.000,200,1,adjust_flow(delta=0.000),critical_alarm
1981.287,control,normal_flow,0,normal_bag,inf,200.000,200.000,200,1,adjust_flow(delta=0.000),critical_alarm
1982.287,control,normal_flow,0,normal_bag,inf,200.000,200.000,200,1,adjust_flow(delta=0.000),critical_alarm
1983.287,control,normal_flow,0,normal_bag,inf,200.000,200.000,200,1,adjust_flow(delta=0.000),critical_alarm
1984.287,control,normal_flow,0,normal_bag,inf,200.000,200.000,200,1,adjust_flow(delta=0.000),critical_alarm
1985.287,control,normal_flow,0,normal_bag,inf,200.000,200.000,200,1,adjust_flow(delta=0.000),critical_alarm
1986.287,control,normal_flow,0,normal_bag,inf,200.000,200.000,200,1,adjust_flow(delta=0.000),critical_alarm
1987.287,control,normal_flow,0,normal_bag,inf,200.000,200.000,200,1,adjust_flow(delta=0.000),critical_alarm
1988.287,control,normal_flow,0,normal_bag,inf,200.000,200.000,200,1,adjust_flow(delta=0.000),critical_alarm
1989.287,control,normal_flow,0,normal_bag,inf,200.000,200.000,200,1,adjust_flow(delta=0.000),critical_alarm
1990.287,control,normal_flow,0,normal_bag,inf,200.000,200.000,200,1,adjust_flow(delta=0.000),critical_alarm
1991.287,control,normal_flow,0,normal_bag,inf,200.000,200.000,200,1,adjust_flow(delta=0.000),critical_alarm
1992.287,control,normal_flow,0,normal_bag,inf,200.000,200.000,200,1,adjust_flow(delta=0.000),critical_alarm
1993.287,control,normal_flow,0,normal_bag,inf,200.000,200.000,200,1,adjust_flow(delta=0.000),critical_alarm
1994.287,control,normal_flow,0,normal_bag,inf,200.000,200.000,200,1,adjust_flow(delta=0.000),critical_alarm
1995.287,control,normal_flow,0,normal_bag,inf,200.000,200.000,200,1,adjust_flow(delta=0.000),critical_alarm
1996.287,control,normal_flow,0,normal_bag,inf,200.000,200.000,200,1,adjust_flow(delta=0.000),critical_alarm
1997.287,control,normal_flow,0,normal_bag,inf,200.000,200.000,200,1,adjust_flow(delta=0.000),critical_alarm
1998.287,control,normal_flow,0,normal_bag,inf,200.000,200.000,200,1,adjust_flow(delta=0.000),critical_alarm
1999.287,control,normal_flow,0,normal_bag,inf,200.000,200.000,200,1,adjust_flow(delta=0.000),critical_alarm
